sentence,term,word,tag,word_labels
ափարի ամիրեանց կին նախշքար գասպարի հիշատակված է,,ափարի,O,"O,O,O,O,O,O,O"
Թարգմանությամբ ուսումնասիրվեց հունարեն-հայերեն հարկային արձանագրություն՝ միջսահմանային առևտրի մասին.,հարկային արձանագրություն ,Թարգմանությամբ,O,"O,O,O,B-INSC,O,O,O,O"
ծանոթ հասկացվում է որ ինչ որ մեկը թողել է գյուղի շարիատ կոչվող հարկն իր մոր հիշատակին,,ծանոթ,O,"O,O,O,O,O,O,O,O,O,O,O,O,O,O,O,O"
շէն թաղք բագարան ջաղաց տարուս,,շէն,O,"O,O,O,O,O"
ծանոթ օրբելու հրատարակության մեջ չորրորդ տողի սկզբում վրիպվել է նախորդ զխաչին բառի ին մասնիկը,,ծանոթ,O,"O,O,O,O,O,O,O,O,O,O,O,O,O,O"
հ եղիազարյանը ողորմես բառից հետո կարդացել է նինողաց իսկ գ հառիճեցին չի կարդացել վերջին եկեղեցոյս բառը,,հ,O,"O,O,O,O,O,O,O,O,O,O,O,O,O,O,O,O"
Ժամատան արձանագրություն պահպանվել է փոքր մատուռի ներսի պատին՝ ժամերգությունների կարգի մասին նշումներով.,Ժամատան արձանագրություն ,Ժամատան,B-INSC,"B-INSC,I-INSC,O,O,O,O,O,O,O,O,O,O"
գյուղը հարուստ չէ հուշարծաններով,,գյուղը,O,"O,O,O,O"
եղբարքս սազցենէձռք լ տառնի տպաւսկի մի մատուն ստարսգել զքս զնոին գրիգորոք փոխակ րդ վեան իխրոֆ կատարեն գերզնեցև եղիէին էդ որք ոչ հզովս ժաաւգխէսցեն քէ թին ոխս,,եղբարքս,O,"O,O,O,O,O,O,O,O,O,O,O,O,O,O,O,O,O,O,O,O,O,O,O,O,O,O"
գխավոր տաշար հյուսիսային ավանդատան մուտքի վերևում ներքուստ տող,,գխավոր,O,"O,O,O,O,O,O,O,O"
ակո յո ե կոբվ ճէ է ր ին ն,,ակո,O,"O,O,O,O,O,O,O,O,O"
Ավանդույթների ուսումնասիրողը հրապարակեց հիշատակագրային վիմագիր և համադրեց հարավային դպրոցի օրինակների հետ.,հիշատակագրային վիմագիր ,Ավանդույթների,O,"O,O,O,B-INSC,I-INSC,O,O,O,O,O,O"
րատ խիթարյանց հառիճ իշան շիրակ գէորգեանց եղիազարյան էջմիածին ա քյուրտյան բազմավէպ,,րատ,O,"O,O,O,O,O,O,O,O,O,O,O"
նրանց ստեղծագործությունների լուռ վկաներն են քաղաքի փողոցները հարդարող շենքերը,,նրանց,O,"O,O,O,O,O,O,O,O,O"
խնդրահարույց էնաև երկրորդև երրորդ տողերի ամբողջ բառակապակցու,,խնդրահարույց,O,"O,O,O,O,O,O,O"
չպահպանված արձանագրությունների կարգային համարներին աստղանիշ էդրված,,չպահպանված,O,"O,O,O,O,O,O"
տապանաքար գլխավոր տաճարի մուտքի ձախ կողմում հարավային նիստին տող,,տապանաքար,O,"O,O,O,O,O,O,O,O,O"
կամնէն մեք զառիձեիք,,կամնէն,O,"O,O,O"
գրիգոր հայր վահրամ պահլավունու հիշատակվածէ,,գրիգոր,O,"O,O,O,O,O"
Արխիվում պահպանվում է Օրհնագիր՝ օրհնության երկար շարքով և օրացույցային հիշատակով.,Օրհնագիր ,Արխիվում,O,"O,O,O,O,O,O,O,O,O,O"
հրատ մխիթարյանց տեղագրութիւն ալիշան նիրակ գէորգեանց բասմաջյան հաաբմ եղիազարյան էջմիածին ե,,հրատ,O,"O,O,O,O,O,O,O,O,O,O,O"
մելիքսէթ տէր որդի գուլազըզի մելքոնյան հուսիկ,,մելիքսէթ,O,"O,O,O,O,O,O"
սճաոյան հր աճաոյան հայոց անձնանունների բառարան հ երևան հ գ երևան հ ե երևան,,սճաոյան,O,"O,O,O,O,O,O,O,O,O,O,O,O,O,O"
հուշարձանի արձանագրված երեսի աջ անկյունը ջարդվածէ որի հետևանքով վնասվել են երեք տողերի մասեր դրանցից առաջին և երկրորդ տողերում ընդունելի լրացումները կատարել էալ մանուչարյանը երրորդ տողի ինչպես և մյուս լրացումները մերն են,,հուշարձանի,O,"O,O,O,O,O,O,O,O,O,O,O,O,O,O,O,O,O,O,O,O,O,O,O,O,O,O,O,O,O,O,O"
մեկոք յարտարապետական դեկորի քար տող,,մեկոք,O,"O,O,O,O,O"
Համայնքային խորհուրդը քվեարկեց նոր Կոթողային արձանագրություն տեղադրելու օգտին.,Կոթողային արձանագրություն ,Համայնքային,O,"O,O,O,O,B-INSC,I-INSC,O,O"
յակոբ հանա էկիփ վռգուդդաիիի որ ե ի քաղաքուղաշտէր,,յակոբ,O,"O,O,O,O,O,O,O,O"
հրատ ալիշան եիրակ գէորգեանց բասմաջյան հաաբմ,,հրատ,O,"O,O,O,O,O,O"
Պատկերացանկում ընդգրկվեց այս հիշատակագրային վիմագիր լուսապատճենը՝ նշումներով և ընթերցմամբ.,հիշատակագրային վիմագիր ,Պատկերացանկում,O,"O,O,O,B-INSC,I-INSC,O,O,O,O"
իւանէ աթաբեկ զաքարյան որդի սարգսի եղբայր զաքարէ ամիրսպասալարի,,իւանէ,O,"O,O,O,O,O,O,O,O"
հատկապես սրենի վաղմիջնադարյան հոյակերտ տաճարի վիմագրերին նրանք բազմիցս են անդրադարձել առա արևմտյան նիրակի վիմագրերից շատերը տեղ են գտել հիմնականում հետևյալ աշխատություններում հ ներսէս սարգիսեան տեղագրութիւնք ի փոքր եւ ի մեծ հայս վենետիկ էջ մխիթարյան միաբանը հոռոմոսի վանքից ներկայացնում է շուրջ արձ նիրակավանից արձ բագնայրից արձ արջոառիճից արձ սրենից արձ բագարանից արձ տեկորից արձ խծկոնքից արձ և այլն,,հատկապես,O,"O,O,O,O,O,O,O,O,O,O,O,O,O,O,O,O,O,O,O,O,O,O,O,O,O,O,O,O,O,O,O,O,O,O,O,O,O,O,O,O,O,O,O,O,O,O,O,O,O,O,O,O,O,O,O,O,O"
Պատմաբանը վերծանեց մաշված տապանաքարային վիմագիր և հայտնեց նոր անուններ տեղական գերդանուց.,տապանաքարային վիմագիր ,Պատմաբանը,O,"O,O,O,B-INSC,I-INSC,O,O,O,O,O,O"
սարգիս հայր զաքարե ամիրսպասալարի հիշատակված է պատարագէ ստացել,,սարգիս,O,"O,O,O,O,O,O,O,O"
աթաբակ իվանեն գործել է դ վերջին և դ առաջին երկու տասնամյակներում,,աթաբակ,O,"O,O,O,O,O,O,O,O,O,O,O"
գէորգեանց համառօտ տեղագրութիւն հնութեանց մեծին նիրակայ եւ մայրաքաղաքին անւոյ աշխատ սելքիսեդեկ քհ գէորգեանց նիրակացւոյ աղէքսանդրապօլ,,գէորգեանց,O,"O,O,O,O,O,O,O,O,O,O,O,O,O,O,O"
նշված եկեղեցու վաղմիջնադարյան կառույց լինելու փաստը ևս հիմք է տալիս կարծելու որ,,նշված,O,"O,O,O,O,O,O,O,O,O,O,O,O"
րդտողում ստէ բառը գրված է ստէ,,րդտողում,O,"O,O,O,O,O,O"
եվս մեկ տիրիկ որը թ մի հայսմավուրք է ընդօրինակել գուգարքի ընկուզագոմ վանքում հր աճառյան հաբ հ ե էջ,,եվս,O,"O,O,O,O,O,O,O,O,O,O,O,O,O,O,O,O,O,O"
գավիթ արևելյան պատի վերնամասում ներքուստ եկեղեցու մուտքից վեր որմնանկարի ծեփի վրա տող,,գավիթ,O,"O,O,O,O,O,O,O,O,O,O,O,O"
սարմաշենի վանքի հուշարձծանախումբը բաղկացած է հետևյալ կառույցներից,,սարմաշենի,O,"O,O,O,O,O,O,O"
յոթերորդ տողի սկզբնահատվածը մինչև հաստատուն բառը պրակիս կազմողը չի վերծանել չնայած գրչագրում առկա են տառերը որոնք հիմնականում համապատասխանում են սելքոնյանի վերծանությանը եւ ի սեր սուրբնեանէն,,յոթերորդ,O,"O,O,O,O,O,O,O,O,O,O,O,O,O,O,O,O,O,O,O,O,O,O,O,O,O"
եկեղեցին նորոգվել է ական թթ գյումրեցի նշանավոր վարպետների կողմից գյումրիի երիտասարդաց հառիմի վանական ընկերություն կազմակերպության նախաձեռնությամբ նախագահ հովսեփ կոստանյանի ղեկավարությամբ,,եկեղեցին,O,"O,O,O,O,O,O,O,O,O,O,O,O,O,O,O,O,O,O,O,O"
նինությունների որմերին առկա են դ բազմաթիվ նվիրագրեր ու հիշատակագրություններ ինչը չի կարելի ասել հետագա դարերի մասին,նվիրագիր,նինությունների,O,"O,O,O,O,O,O,O,O,O,O,O,O,O,O,O,O,O,O,O,O,O,O,O,O,O,O,O,O,O,O,O,O"
եինաքար գտնված վանքի աղբյուրի մոտ այժմ մի բեկորն ընկած է գավթի հարավային պատի տակ տող,,եինաքար,O,"O,O,O,O,O,O,O,O,O,O,O,O,O,O,O"
սենք ևս այս և վերոնշյալ տապանագրերը տեղում չգտանք,տապանագրերը,սենք,O,"O,O,O,O,O,B-INSC,O,O"
ս կարապետ եկեղեցի հարավային ավանդատան բարավորին ներքուստ,,ս,O,"O,O,O,O,O,O,O"
գավիթ հյուսիսային պատին ներքուստ տող,,գավիթ,O,"O,O,O,O,O"
էջմիածին ա գագիկ հառիճեցի,,էջմիածին,O,"O,O,O,O"
տասնմեկերորդ տողի ամէն բառից հետո կա ևս մեկ բառ որը լուսանկարի վրա չի երևում մեր օրագրի մեջ նշանակել ենք նինեցնի,,տասնմեկերորդ,O,"O,O,O,O,O,O,O,O,O,O,O,O,O,O,O,O,O,O,O,O"
յովանիս պատարագ է ստացել յովաննէս միակեցի հիշատակված է,,յովանիս,O,"O,O,O,O,O,O,O,O"
հապավված տառերիկամ տառակապակցությունների վերականգնումները չեն բացվում տերունական յոթ բառերը,,հապավված,O,"O,O,O,O,O,O,O,O,O"
Լուսանկարիչը համեմատեց երկու Կոթողային արձանագրություն՝ դեպի հյուսիս և արևելք նայող կողմերում.,Կոթողային արձանագրություն ,Լուսանկարիչը,O,"O,O,O,B-INSC,O,O,O,O,O,O,O"
հառիճավանք գավթի հյ պատ ներ,,հառիճավանք,O,"O,O,O,O,O"
Հնագիտական բեկորում պահպանված հարկային արձանագրություն վկայում է կողոպուտից հետո կատարված հաշվառման մասին.,հարկային արձանագրություն ,Հնագիտական,O,"O,O,O,B-INSC,I-INSC,O,O,O,O,O,O,O"
Քաղաքի հրապարակում բացված նոր հուշաշարի վրա կա Հուշագիր՝ նվիրված ազատագրական պատերազմի հերոսներին.,Հուշագիր ,Քաղաքի,O,"O,O,O,O,O,O,O,O,O,O,O,O"
հատ մելքոնյան լրաբեր,,հատ,O,"O,O,O"
ծանոթ չորրորդ տողն անհամեմատ մանրատառ փորագրված է երրորդ տողի վերջավորության ներքնում,,ծանոթ,O,"O,O,O,O,O,O,O,O,O,O,O"
Գրական հոդվածում վերլուծվեց Ժամատան արձանագրություն լեզվաբանական տեսակետից.,Ժամատան արձանագրություն ,Գրական,O,"O,O,O,B-INSC,I-INSC,O,O"
ադամ դաւթեանց բանդիվան գյուղի հիմնադիրներից,,ադամ,O,"O,O,O,O,O"
Դաշտային քարտեզի վրա նշվեց Պատուհանագիր տեղակայությունը՝ հարավային ճակատում.,Պատուհանագիր ,Դաշտային,O,"O,O,O,O,B-INSC,O,O,O"
Գիրքը ներառում է միջնադարյան նվիրագիր և նրանց լեզվական առանձնահատկությունների քննություն.,նվիրագիր ,Գիրքը,O,"O,O,O,O,B-INSC,O,O,O,O,O"
գտնվումէնխուրյանի ձախափին անիպեմզագյուղի հարևանությամբ,,գտնվումէնխուրյանի,O,"O,O,O,O"
սիմէոն նվիրատու հառիճավանքի սիմէոն նվիրատու սարմաշենի վանքի,,սիմէոն,O,"O,O,O,O,O,O,O"
զարմանալի է թե ինչպես կաթողիկոսի և թագավորի անունից գրված այդ արձանագրությունները փորագրվել են նման վարպետի կողմից որի և գրերն են անարվեստ և տողերն անհամաչափ իսկ տեղադրությունը բոլորովին անճաշակ ու խառնէ,,զարմանալի,O,"O,O,O,O,O,O,O,O,O,O,O,O,O,O,O,O,O,O,O,O,O,O,O,O,O,O,O,O,O,O"
"Սրբապատկերի ներքևում պահպանվել է Օրհնագիր՝ կարճ, բայց ուժեղ ձևակերպմամբ.",Օրհնագիր ,Սրբապատկերի,O,"O,O,O,O,O,O,O,O,O"
ցանոթ ուրտուրիտա թերևսոչհայի անունը այլուստ հիշվածէմիայն մրենիերկու արձանագրություններում ուրտուրիտաև ուտուրտա ձևերով,,ցանոթ,O,"O,O,O,O,O,O,O,O,O,O,O"
եկեղեցու արտաթին ուղդղաձիք որմնախորեի պսակիքար վանքի բակում տող,,եկեղեցու,O,"O,O,O,O,O,O,O,O"
հատ նահխաթունյանց ջալալյանց ա սխիթարյանց առիճ ալիշան շիրակ գէորգեանց եղիազարյան էջմիածին ա քյուրտյան բազմավէա գագիկ հառիճեցի,,հատ,O,"O,O,O,O,O,O,O,O,O,O,O,O,O,O,O,O"
Հուշարձանի պահպանության ծրագիրը ներառում է նաև այս եզակի տապանաքարային վիմագիր պահպանման առանձնահատկությունները.,տապանաքարային վիմագիր ,Հուշարձանի,O,"O,O,O,O,O,O,O,O,B-INSC,I-INSC,O,O"
նլուխաթուն դուստր թալայի ննջեցյալ նվարդ նվարթ,,նլուխաթուն,O,"O,O,O,O,O,O"
գնավորի մատուռ վանքի հարավարևմտյան կողմում անմատչելի ժայռի վրա է գտնվում այս փոքր շինությունը հարազատ դդ,,գնավորի,O,"O,O,O,O,O,O,O,O,O,O,O,O,O,O,O"
թ հառիճավանքում հովհաննես գրչի ընդօրինակած ժողովածոյ ձեռագրի հիշա,,թ,O,"O,O,O,O,O,O,O,O"
Հնագետներն արձանագրեցին հիշատակագիր՝ որում նշված էր գրքի նվիրատուների ցանկը.,հիշատակագիր ,Հնագետներն,O,"O,O,O,O,O,O,O,O,O"
Սոցիալական պատմաբանները վկայակոչեցին կանոնաիրավական արձանագրություն՝ որպես աղբյուր հարկային համակարգի վերաբերյալ.,կանոնաիրավական արձանագրություն ,Սոցիալական,O,"O,O,O,B-INSC,O,O,O,O,O,O"
Հուշարձանի նկարագրության մեջ հատուկ նշվեց այնտեղ եղած Հուշագիր՝ որպես եզակի աղբյուր.,Հուշագիր ,Հուշարձանի,O,"O,O,O,O,O,O,O,O,O,O,O"
աստվածածին ս եկեղեցի կաթողիկե հառիճավանքում,,աստվածածին,O,"O,O,O,O,O"
մարմաշեն գլխավոր տաճարի մեջ բեկոր դ շինարարական,,մարմաշեն,O,"O,O,O,O,O,O,O"
այս տողը ներառում ենք մելքոնյանի հիմնականում համոզիչ վերծանությունից երկու ճշտումով տողի առաջին մ տառը նա կարդացել էտ իսկ վերջում եահ տառակապակցությունը,,այս,O,"O,O,O,O,O,O,O,O,O,O,O,O,O,O,O,O,O,O,O,O,O"
ծանոթ առաջին եռանկյունաձև քարի երեսն ամբողջովին հողմահարված է երկու տողի չափով ուր և պիտի լիներ թվականը,,ծանոթ,O,"O,O,O,O,O,O,O,O,O,O,O,O,O,O,O,O"
ճարտարապետական բոլոր հատկանիշները ատամնավոր քիվ բուսական ու երկրաչափական զարդամոտիվներով լուսամուտի պսակներ շրջանի մեջ ներառվածհավասարաթևխաչ և այլն վկայում են որ շինվածէ դարից առաջ,,ճարտարապետական,O,"O,O,O,O,O,O,O,O,O,O,O,O,O,O,O,O,O,O,O,O,O,O"
Դասախոսը որպես փորձարարական առաջադրանք հանձնարարեց վերծանել Գավիթային արձանագրություն լուսանկարից.,Գավիթային արձանագրություն ,Դասախոսը,O,"O,O,O,O,O,O,B-INSC,I-INSC,O"
Մատուռի վերևի պատուհանի տակ առկա է Ժամատան արձանագրություն՝ հիշատակելով նվիրատուական մոմավառությունները.,Ժամատան արձանագրություն ,Մատուռի,O,"O,O,O,O,O,O,B-INSC,O,O,O,O"
ըստ դրանց վայրը կամ գյուղը կոչվեց երերույք իսկ տաճարը կրել է ս կարապետի և ս ստեփանոս նախավկայի անունները,,ըստ,O,"O,O,O,O,O,O,O,O,O,O,O,O,O,O,O,O,O,O"
սատաթե խաչքար է կանգնեցրել սարգարէ կազմող,,սատաթե,O,"O,O,O,O,O,O"
ծանոթ անարվեստ տառերի հաջորդ քարը չկա,,ծանոթ,O,"O,O,O,O,O,O"
տապանաթար ուղղանկյուն սալ գավթում տող այս հանգիստ,,տապանաթար,O,"O,O,O,O,O,O,O"
Պաշտպանական վահանակով ժամանակավորապես ծածկվեց Դամբարանային արձանագրություն խոնավության պատճառով.,Դամբարանային արձանագրություն ,Պաշտպանական,O,"O,O,O,O,B-INSC,I-INSC,O,O"
ագրիգոր եկեղեցի հարավային խաչաթևի պատին արտաքուստ տող,,ագրիգոր,O,"O,O,O,O,O,O,O"
երերույքի հոյակերտ տաճարն անմխիթար ու ավերակ վիճակում է նկարագրում դեռևս դ տեղագիր ս էջմիածնի միաբան հովհաննես եպս նահխաթունյանցը միջին ծածկ տաճարին օրոցածև և անսիւն այլ խոնարհեալ բոլորովին,,երերույքի,O,"O,O,O,O,O,O,O,O,O,O,O,O,O,O,O,O,O,O,O,O,O,O,O,O,O,O,O"
"Պղնձաթափանց շերտի մաքրման ընթացքում բացվեց Շինարարական արձանագրություն, որում նշված է կամուրջի կառուցումը.",Շինարարական արձանագրություն ,Պղնձաթափանց,O,"O,O,O,O,O,B-INSC,O,O,O,O,O,O"
գլխավոր տածար հյուսիսային պատին արտաքուստ տող,,գլխավոր,O,"O,O,O,O,O,O"
"Թանգարանում ցուցադրվեց Օրհնագիր, որը եզրափակում է ամբողջական համալիրի շինարարությունն ու նվիրատվությունը.",Օրհնագիր ,Թանգարանում,O,"O,O,O,O,O,O,O,O,O,O,O"
գագիկ հայր սումբէի հիշատակված է,,գագիկ,O,"O,O,O,O,O"
արձանագրության կենտրոնում կլոր սկավառակին արևի ժամացույցի շառավիղների մեջ թվեր ցույց տվող տառերն են,,արձանագրության,O,"O,O,O,O,O,O,O,O,O,O,O,O,O"
ծանոթ արձանագրության ստորին մասում փորագրված է տառը որը կարող է լինել թվականը,,ծանոթ,O,"O,O,O,O,O,O,O,O,O,O,O,O"
մբնորլայշէն եկեպելցյիս է յլիյեատլայկ,,մբնորլայշէն,O,"O,O,O,O"
կատա հայոց թագուհի ամուսին գագիկ ա թագավորի հիշատակված է,,կատա,O,"O,O,O,O,O,O,O,O,O"
ս բարխուդարյանը ընկած կորած է համարում,,ս,O,"O,O,O,O,O,O"
երրորդտողիսկզբում դատելով շարադրանքից հակվածենք կարդալու,,երրորդտողիսկզբում,O,"O,O,O,O,O"
"Ուսանողները դաշտում արտագրեցին եկեղեցաշինական արձանագրություն, ապա համադրեցին հրապարակված տարբերակների հետ.",եկեղեցաշինական արձանագրություն ,Ուսանողները,O,"O,O,O,B-INSC,O,O,O,O,O,O"
պետրոսյան սարգիս պռաւշ հիշատակված է պօղոս ջանլաթեան ծայրագոյն վարդապետ,,պետրոսյան,O,"O,O,O,O,O,O,O,O,O"
նախիջևան նախճավան գյուղ կարսի մարզում ներքին բանդիվան գյուղատեղ բանդիվան գյուղում,,նախիջևան,O,"O,O,O,O,O,O,O,O,O,O"
Վերականգնողները ամրացրին Զանգակատան արձանագրություն՝ աշտարակի վերին հարկում.,Զանգակատան արձանագրություն ,Վերականգնողները,O,"O,O,B-INSC,O,O,O,O"
նշվ աշխ ջ արձ,,նշվ,O,"O,O,O,O"
Մատենադարանի ֆոնդերում պահվում է Շրջագիր ծածկագիր՝ գրված անսովոր ժանգագույն թանաքով.,Շրջագիր ծածկագիր ,Մատենադարանի,O,"O,O,O,O,B-INSC,O,O,O,O,O"
Հուշարձանի վերականգնման ընթացքում բացահայտվեց նախշազարդ Պատկերագիր՝ գունային շերտերով.,Պատկերագիր ,Հուշարձանի,O,"O,O,O,O,O,O,O,O"
վկայագիրնաչքիէընկնումուշագրավուհազվադեպհանդիպող փաստերովու արտահայտություններով զաքարեն հիշված է իր բոլոր պաշտոնական տիտղոսներով ամիրսպասալար շաֆնէայ եւ մանդատորթախուցայս վիմագրերում խիստ սակավ է հիշատակվում սարգիս զաքարյանի կնոջ քուրդ մահկանաբերդցի իշխանի դուստր սահակադուխտի անունը սկզբնադբյուրներում առաջին անգամ է վկայված բռնավորաց հարկ սոցիալ իրավական բառեզրը որն առայժմ դժվարանում ենք մեկնաբանել,վիմագրերում,վկայագիրնաչքիէընկնումուշագրավուհազվադեպհանդիպող,O,"O,O,O,O,O,O,O,O,O,O,O,O,O,O,B-INSC,O,O,O,O,O,O,O,O,O,O,O,O,O,O,O,O,O,O,O,O,O,O,O,O,O,O,O,O"
Արխիվում պահպանվում է Մատենագիտական արձանագրություն՝ տարբեր խմբագրություններով.,Մատենագիտական արձանագրություն ,Արխիվում,O,"O,O,O,B-INSC,O,O,O"
տեսակետ կա թե զվարթնոցատիպ այս եկեղեցին վանքի վաղագույն կառույցն է և թվագրվում է մւմոդդ այսինքն՝ վանքի հիմնադրումը պետք է կապել ոչ թե պահլավունիների այլ կամսարական տոհմի իշխանների անվան հետ որոնց սեփականությունն էր կազմում նաև շիրակը,,տեսակետ,O,"O,O,O,O,O,O,O,O,O,O,O,O,O,O,O,O,O,O,O,O,O,O,O,O,O,O,O,O,O,O,O,O,O,O,O"
երրորդ տողի վերջի նոթաի շարյատ բառերից վերջինը հայտնի տուրքի անուն է դրան նախորդող եոթաւի բառը համարում ենք տեղանուն և հենց այս նոր կյանք գյուղի հնագույն անունը,,երրորդ,O,"O,O,O,O,O,O,O,O,O,O,O,O,O,O,O,O,O,O,O,O,O,O,O,O,O,O"
կարապետ համբարեան տիրացու քանդակագործ,,կարապետ,O,"O,O,O,O"
այն թեև բավական հեռու է մեր հուշարձանի վայրից բայց էական է որ նման տեղանուն գոյություն ունեցել է չենք պնդում որ հենց վերը հիշվածն է նվիրել ապլղարիպը,,այն,O,"O,O,O,O,O,O,O,O,O,O,O,O,O,O,O,O,O,O,O,O,O,O,O,O,O,O"
գույք՝ իր հայրենատիրաց մողորիս գյուղը մեկական ջրաղաց գետիկ գյուղից և անիի գլիձոր թաղամասից մեկ պարտեզ անիի ծաղկոցաձոր թաղամասից և մեկական այգի երևանից ու թալինից նվիրելու իրողությունը,,գույք՝,O,"O,O,O,O,O,O,O,O,O,O,O,O,O,O,O,O,O,O,O,O,O,O,O,O,O,O"
հառիճի վանական համալիրը հյուսիս արևմուտքից լուսանկարը էդգար հարությունյանի,,հառիճի,O,"O,O,O,O,O,O,O,O"
հոգեվանք կամ կարմիր վանք կոչվող եկեղեցական համալիրը գտնվում է սառնաղբյուր գյուղից կմ հյուսիս արևմուտք,,հոգեվանք,O,"O,O,O,O,O,O,O,O,O,O,O,O,O,O"
մր գիգորք ար կլրեւոևոի սլյւ,,մր,O,"O,O,O,O,O"
հոգհվանք ս կարապետեկ ոդ նվիրատվական արձանագիր քար եկ ներսում,,հոգհվանք,O,"O,O,O,O,O,O,O,O,O"
եկեղեցու հարավային խաչաթնի արևմտահայաց որմին արտաքուստ տող,,եկեղեցու,O,"O,O,O,O,O,O,O"
նախորդ հրատարակիչները բացառյալ ս բարխուդարյանի վերծանել են արդիք և ինչպես նույն նվիրատուի մյուս վկայագրում այն նույնացրել ներկայիս արթիկ կոչվող քաղաքի հետ,,նախորդ,O,"O,O,O,O,O,O,O,O,O,O,O,O,O,O,O,O,O,O,O,O,O"
"Վանքի գմբեթի հիմքում փորագրված է Գմբեթային արձանագրություն, որը թվագրում է վերակառուցումը.",Գմբեթային արձանագրություն ,Վանքի,O,"O,O,O,O,O,B-INSC,O,O,O,O,O"
սամուել անեցի սանամ մնօեան ննջեցյալ,,սամուել,O,"O,O,O,O,O"
Պատմական սրահում ցուցադրված է Որմնագիր՝ լուսավորված կողային լամպերով.,Որմնագիր ,Պատմական,O,"O,O,O,O,O,O,O,O"
ծածին եկեղեցին հյուսիս արևելքից,,ծածին,O,"O,O,O,O"
գրչագիրը նախորդ հրատարակչինն է,,գրչագիրը,O,"O,O,O,O"
հուշարձանի վրա եղած բոլոր արձանագրությունները գտնվում են հյուսիսային պատի վրա ձուտքի շուրջը,,հուշարձանի,O,"O,O,O,O,O,O,O,O,O,O,O,O"
գքյուրտյանը այս վիմագիրը նույնպես հարկ չի համարել ներկայացնել քանի որ հրատարակուած է շիրակ ի մէջ,Վիմագիր,գքյուրտյանը,O,"O,O,O,O,O,O,O,O,O,O,O,O,O,O,O"
լանջիկ գյուղ նիրակում լեհաստան լենինական տես գյումրի լեռնակերտ գյուղ եիրակում լմբատ թաղամաս արթիկ քաղաքում լմբատավանք,,լանջիկ,O,"O,O,O,O,O,O,O,O,O,O,O,O,O,O,O"
Թանգարանի ցուցադրությունում ընդգրկվեց Գմբեթային արձանագրություն լուսանկարչական մեծադիր պատկերվածությամբ.,Գմբեթային արձանագրություն ,Թանգարանի,O,"O,O,O,B-INSC,I-INSC,O,O,O"
հառիճավանքի բակ բեկորներ ռդ հիշատակագրություն,,հառիճավանքի,O,"O,O,O,O,O"
բոլոր պատերն արտաքուստ ունեն հայկական զույգ խորշեր,,բոլոր,O,"O,O,O,O,O,O,O"
արուճ գյուղ արագածոտնում որտեղից այգիներ է հատկացվել հառիճավանքին ու լմբատավանքին,,արուճ,O,"O,O,O,O,O,O,O,O,O,O"
պատմաճարտարապետական արժեք ու հետաքրքրություն են ներկայացնում միջնադարյան հուշարծանները ի դեմս կանգուն և կիսավեր եկեղեցիների րդ ռդ գուղատեղիների և գերեզմանոցների մատուռների ամբողջականու բեկորային բազմաթիվ խաչքարերի,,պատմաճարտարապետական,O,"O,O,O,O,O,O,O,O,O,O,O,O,O,O,O,O,O,O,O,O,O,O,O,O"
դժվարանում ենք մեկնաբանել այս վկայագրի առկայությունը հառիճավանքում նաև սորոգ ընկաայ զլուսաորչակըրօնն արտահայտությունը այն ըստ ամենայնի վկայում է որ պետրոս հայկազունին պատկանելիս է եղել հայ ֆրանկների կամ կաթոլիկների համայնքին և հետո միայն ընդունել հայ առաքելական եկեղեցու դավանանքը,,դժվարանում,O,"O,O,O,O,O,O,O,O,O,O,O,O,O,O,O,O,O,O,O,O,O,O,O,O,O,O,O,O,O,O,O,O,O,O,O,O"
երերույքի տայար հարավային պատին քերծագրով տող,,երերույքի,O,"O,O,O,O,O,O"
Գրական պատկերման մեջ հեղինակն օգտագործում է Դռնագիր՝ իբրև սիմվոլիկ շեմք.,Դռնագիր ,Գրական,O,"O,O,O,O,O,O,O,O,O,O"
առյուծ որդի սխիթար ճոնի,,առյուծ,O,"O,O,O,O"
Գրախոսականում նշվեց Զանգակատան արձանագրություն լեզվական իդիոմների առատությունը.,Զանգակատան արձանագրություն ,Գրախոսականում,O,"O,O,B-INSC,I-INSC,O,O,O"
Պետական արխիվը թվայնացրեց Ապահարկման արձանագրություն և բացեց հասանելիություն հետազոտողներին.,Ապահարկման արձանագրություն ,Պետական,O,"O,O,O,B-INSC,I-INSC,O,O,O,O"
ոկե ոց եւ հաստատեցինլ ծանոթ ըստ երևույթին նվիրատվական մի մեծ արձանագրության մասեր են վերջին բեկորի վրա մնացել է նվիրատուներից մեկի անունը վարդև երրորդի վրա թիվը ոկե,,ոկե,O,"O,O,O,O,O,O,O,O,O,O,O,O,O,O,O,O,O,O,O,O,O,O,O,O,O,O"
աա էիրի սբ ուխտին խոսպխջսն ինձ ի տարոջն,,աա,O,"O,O,O,O,O,O,O,O"
դ սպարապետի գերեզմանին ուղղանկյուն օրորոցածև նոր տապանաքար է դրվել,,դ,O,"O,O,O,O,O,O,O,O,O"
"Աշխարհագրական եզրագծի մոտ արձանագրվեց պետրոգլիֆ, որը պատկերում է կումՅարք և մանուշակագույն օձ.",պետրոգլիֆ ,Աշխարհագրական,O,"O,O,O,O,O,O,O,O,O,O,O,O"
իններորդտողում պակասող մասն ավելի մեծէ,,իններորդտողում,O,"O,O,O,O,O"
կազմողն այն տեղադրել է փեղամբարացն ից հետո,,կազմողն,O,"O,O,O,O,O,O,O"
ուսումնասիրողների կողմից թվագրվում է դարի երկրորդ կեսով,,ուսումնասիրողների,O,"O,O,O,O,O,O,O"
ծանոթ վերջին տողը չշարունակված,,ծանոթ,O,"O,O,O,O"
արագած լեռ յ ում,,արագած,O,"O,O,O,O"
Գերեզմանատան արձանագրություն պահպանվել է կենտրոնական դարպասի աջ կողմի պատին՝ ցուցանակի ներքո.,Գերեզմանատան արձանագրություն ,Գերեզմանատան,B-INSC,"B-INSC,I-INSC,O,O,O,O,O,O,O,O,O"
խաչքար ագուցված է եկեղեցու մուտքի առջևի հենապատի շարվածքում պահպանված է ստորին մասը հիմնախաչի աստիճանաձև պատվանդանին թվականն է որի տակ բուն արձանագրությունը տող,,խաչքար,O,"O,O,O,O,O,O,O,O,O,O,O,O,O,O,O,O,O,O,O,O,O,O"
ա ավագյանը հատուկ քննության է ենթարկել ձուգաւք արտահայտությունը,,ա,O,"O,O,O,O,O,O,O,O"
գյուղի տարածքում առկա են պատմամշակութային երեք հուշարծան երկու դդ գերեզմանոց որոնցում թաղումներ են կատարվել նաև հետագայում և դ եկեղեցի գյուղի մեջ,,գյուղի,O,"O,O,O,O,O,O,O,O,O,O,O,O,O,O,O,O,O,O,O,O,O"
Արվեստաբանները համադրեցին երեք Գմբեթային արձանագրություն՝ նույն վանքային համալիրից.,Գմբեթային արձանագրություն ,Արվեստաբանները,O,"O,O,O,B-INSC,O,O,O,O"
ահա հենց այս դեպքերի փաստացի վավերագիրը կարելի է համարել հիշյալ արձանագրությունը որի թվագրումը պետք է մահմանել թթ միջև քանի դեռ եփրեմ կաթողիկոսը չէր հրաժարվել գահից,,ահա,O,"O,O,O,O,O,O,O,O,O,O,O,O,O,O,O,O,O,O,O,O,O,O,O,O,O"
միջնադարյան հուշարծաններից բանդիվանն աչքի է ընկնումծ քառանիստ կոթողներով որոնցից մեկին առկա է քրիստոսի խաչելության տեսարանը,,միջնադարյան,O,"O,O,O,O,O,O,O,O,O,O,O,O,O,O,O"
Գործիքային լուսանկարչությամբ ֆիքսվեց բարձրադիր ժայռապատկեր՝ արևահարված մակերեսով.,ժայռապատկեր ,Գործիքային,O,"O,O,O,O,O,O,O"
եիրակ մարզ հհ ում,,եիրակ,O,"O,O,O,O"
ծանոթ գ նալբանդյանի հաղորդմամբ արձանագրությունն իր խնդրանքով վերծանել է նշանավոր հայագետ պարույր սուրադյանը,,ծանոթ,O,"O,O,O,O,O,O,O,O,O,O,O,O,O"
հառիճավանք վանատան հվ պատին ագուցված խաչքար ոյօա թվագիր բանդիվան ամրոցի ներքին գերեզմանոց ոյիգ,,հառիճավանք,O,"O,O,O,O,O,O,O,O,O,O,O,O,O"
պեմզաշենը հնագույն բնակավայր է գյուղի շրջակայքում կան բազմաթիվ հեթանոսական դածբարաններ իսկ հարավ արևելքում բլրի վրա ամրոց,,պեմզաշենը,O,"O,O,O,O,O,O,O,O,O,O,O,O,O,O,O,O"
նիրակի երկրագիտական թանգարան նիրակի թեմ,,նիրակի,O,"O,O,O,O,O"
Լուսանկարահանումների ընթացքում ֆիքսվեց Օրհնագիր՝ սալիկի վրա փոքր տառաձևով.,Օրհնագիր ,Լուսանկարահանումների,O,"O,O,O,O,O,O,O,O"
գավիթ արևելյան պատին ներքուստ եկեղեցու մուտքից հյուսիս տող,,գավիթ,O,"O,O,O,O,O,O,O,O"
Հուշարձանագետները փաստաթղթագրեցին Կոթողային արձանագրություն՝ հարթաքանդակի առկայությամբ.,Կոթողային արձանագրություն ,Հուշարձանագետները,O,"O,O,B-INSC,O,O,O"
վ հարությունյանը հավաստում է որ չնայած նրան որ եկեղեցու վաղագույն արձանագրությունները դարից են,,վ,O,"O,O,O,O,O,O,O,O,O,O,O,O,O"
խաչի ձորի եկ արձանագիր քար ռդ խաչի ձորի եկ արձանագիր քար ներկայումս գյումրիի ռդ շինարարականերկրագիտական թանգարանում նվիրատվական խաչի ձորի եկ խաչքարի պատվանդանի բեկորներ ոռդ հիշատակագրություն խաչի ձորի եկ բեկոր դ արձանագրության հատված խաչի ձորի եկ բեկոր ոռ հիշատակագրություն զրառատ ս սինաս եկ ամ պատ արտ գ հիշատակագրություն,,խաչի,O,"O,O,O,O,O,O,O,O,O,O,O,O,O,O,O,O,O,O,O,O,O,O,O,O,O,O,O,O,O,O,O,O,O,O,O,O,O,O,O,O,O,O,O,O,O,O,O"
պատմամշակութային ժառանգությունը հանրապետական յոթերորդ գիտական նստաշրջանի նյութեր գյումրի,,պատմամշակութային,O,"O,O,O,O,O,O,O,O"
"Արձանագրագետը նշեց, որ այս գերեզմանատան արձանագրություն ունի բառաշարային հազվագյուտ ձևեր.",Գերեզմանատան արձանագրություն ,Արձանագրագետը,O,"O,O,O,O,O,I-INSC,O,O,O,O"
տեղեկություններ է հաղորդում գյուղի հիմնադրման ժամանակի ու այն նախաձեռնող հինգ եղբայրների մասին,,տեղեկություններ,O,"O,O,O,O,O,O,O,O,O,O,O,O"
դավիթը չհամարծակվեց մարտի բռնվել հորեղբոր հետ,,դավիթը,O,"O,O,O,O,O,O"
հասանդալա գյուղ էրզրումի նահանգում,,հասանդալա,O,"O,O,O,O"
հուշարձանը որը թ թորամանյանը հաստատապես դարովէ թվագրում հարուստ է հիմնականում շինարարական ու նվիրատվական արձանագրություններով,Շինարարական արձանագրություն,հուշարձանը,O,"O,O,O,O,O,O,O,O,O,O,O,O,O,O,O,O,O,O,O,O,O,O,O,O,O,O,O,O,O,O,O,O,O,O,O,O,O,O,O,O,O,O"
ցանոթ մ գևորգյանցը թվականը կարդացել է ն իսկ անձնանունը՝ աթէոս,,ցանոթ,O,"O,O,O,O,O,O,O,O,O,O"
ծանոթ կարծում ենք որ վերջին երկուսը նույն արձանագրության հատվածներ են,,ծանոթ,O,"O,O,O,O,O,O,O,O,O,O"
այստեղ արձանագրված էմի ուշագրավ երևույթ նվիրատու գրիգորը և նրա կարծում ենք արյունակից եղբայրները հիշված են ոչ թե,,այստեղ,O,"O,O,O,O,O,O,O,O,O,O,O,O,O,O,O,O,O"
նաք հ ա ա ա աաաոաէոկ խլ կաայտս ահ ես ի լ օ օ,,նաք,O,"O,O,O,O,O,O,O,O,O,O,O,O,O,O"
հառիճավանք գերեզմանոցի եկ բեկորներ,,հառիճավանք,O,"O,O,O,O"
ուշագրավ է որ ձեռագրում առկա են և լուսանկարը և գրչագիրը,,ուշագրավ,O,"O,O,O,O,O,O,O,O,O,O"
ծանոթ այս կարևոր արձանագրության վերծանությունը ինչպես մ գնորգյանցի և հ եղիազարյանի այնպես էլ ս քարխուդարյանի մոտ կիսատ է մինչև յոթերորդ տողը,,ծանոթ,O,"O,O,O,O,O,O,O,O,O,O,O,O,O,O,O,O,O,O,O,O,O"
ցանոթ կոթողի շրջակայքում առկա են խաչքարերի ևս պատվանդան,,ցանոթ,O,"O,O,O,O,O,O,O,O"
սրանով էր պայմանավորված նորոգչական աշխատանքների նախածձեռնումը որի արդյունքում ոչ միայն բազում նվիրաբերումներ են արվում վանքին այլև այն պայծառացնում են ոսկյա ու արծաթյա եկեղեցական սպասքով աստվածաշնջան գրքերով և այլ սրբություններով,,սրանով,O,"O,O,O,O,O,O,O,O,O,O,O,O,O,O,O,O,O,O,O,O,O,O,O,O,O,O,O,O,O"
եկեղեցին կոչվել է գրիգոր լուսավորչի անունով,,եկեղեցին,O,"O,O,O,O,O,O"
գյուղամիջյան եռանավ բազիլիկ հորինվածքով եկեղեցին վաղմիջնադարյան շինության հիմքերի վրա կառուցվել է դ,,գյուղամիջյան,O,"O,O,O,O,O,O,O,O,O,O,O,O"
ծանոթ այս և արթիկի նախորդ արձանագրություններն առկա են միայն ս բարխուդարյանի դաշտային օրագրում,,ծանոթ,O,"O,O,O,O,O,O,O,O,O,O,O,O,O"
անիի առաջնորդ գրիգոր արքեպիսկոպոսը իր հորեղբայր բարսեղի հալալ արդեամբք ստացեալ ակատի ունի նանորդվկայագրուծ փաստված իրողությունը խմբ վանքին է նվիրում դրաձագին հայրենյաց թաղք գյուղը որի դիմաց սահմանվում է վեց պատարագ ս ղազարի տոնին,,անիի,O,"O,O,O,O,O,O,O,O,O,O,O,O,O,O,O,O,O,O,O,O,O,O,O,O,O,O,O,O,O,O,O,O"
Վանանդի բերդում գտնված վիմական արձանագրություն պարզում է վերակառուցման հանգամանքները և բանվորի անունները.,վիմական արձանագրություն ,Վանանդի,O,"O,O,O,B-INSC,I-INSC,O,O,O,O,O,O,O"
մելքոնյանն իր հոդվածում հիշատակում է հյուսիսային հրմի բարավորի կամարակապ քարին պահպանված թ ը թվագիրը մելքոնյան էջ իսկ նույն որմի արևելյան մասում ելնդատառ բայց եղծված հետեյալ երկտող վիմագիրը յո,վիմագիրը,մելքոնյանն,O,"O,O,O,O,O,O,O,O,O,O,O,O,O,O,O,O,O,O,O,O,O,O,O,O,O,O,B-INSC,O"
հոգեվանք ս կարապետ եկ հվ ավանդատուն,,հոգեվանք,O,"O,O,O,O,O,O"
ծանոթ կ բասմաջյանն այս տապանաքարը չի տեսել տեքստը վերցրել է մխիթարյանցից,,ծանոթ,O,"O,O,O,O,O,O,O,O,O,O,O"
ավագյան վաբ ս ավագյան վիմական արձանագրությունների բառաքննություն երևան,վիմական արձանագրություն,ավագյան,O,"O,O,O,O,B-INSC,O,O,O,O,O,O,O,O,O,O,O"
վարդան առաջնորդ մակարավանքի վարդան հայր հառիճայոյ վարդանյան վրեժ,,վարդան,O,"O,O,O,O,O,O,O,O"
սև շրջանակներով նշված են այն բնակավայրերը որտեղից պրակում վիմագրեր են ներառվել,վիմագրեր,սև,O,"O,O,O,O,O,O,O,O,B-INSC,O,O"
Դասախոսը որպես օրինակ բերեց Արշակունյաց շրջանի Եկեղեցու արձանագրություն՝ համեմատականների համար.,Եկեղեցու արձանագրություն ,Դասախոսը,O,"O,O,O,O,O,O,B-INSC,O,O,O"
ներսես ե աշտարակեցի կաթողիկոս թթ,,ներսես,O,"O,O,O,O,O"
սպասալարների օրոք երաշտի հետևանքով խանձծվում են դաշտերը և դրա հետևանքով զեղչվում են միշարք,,սպասալարների,O,"O,O,O,O,O,O,O,O,O,O,O,O,O"
աոաքելոց եկեղեցի հարավային խաչաթևում դրված խաչքարի բեկորին տող,,աոաքելոց,O,"O,O,O,O,O,O,O,O"
իմ մմէրն վորդէնէ եթէ թի զլանս էի չսդն են ի տարնի սրքուն սարգտ նզովզէսցի էք հրք կատորէն վմիրհնի ջանօր աւրարաձիչէքը ք տոշաւմ զէրին բառից ևևրօ ավելայբել նաւև թաշ բառր ոք գծա քատրաւմ իխսկ րտողաւմ վարգդգաակապկոււաը դաքծքէլ ին ավաւր դ կամ վզարի,,իմ,O,"O,O,O,O,O,O,O,O,O,O,O,O,O,O,O,O,O,O,O,O,O,O,O,O,O,O,O,O,O,O,O,O,O,O,O,O,O,O,O,O,O"
յակոբ արձանագրություն է կազմել,,յակոբ,O,"O,O,O,O"
Սեմինարում որպես դեպք քննարկվեց Տաղավարի արձանագրություն ընթերցման սխալների ուղղումը.,Տաղավարի արձանագրություն ,Սեմինարում,O,"O,O,O,O,B-INSC,I-INSC,O,O,O"
միևնույն տապանաքարի վրա երկու ննջեցյալի անվան առկայությունը բնավ չի ենթադրում թե նրանք թաղվել են մեկտեղ,,միևնույն,O,"O,O,O,O,O,O,O,O,O,O,O,O,O,O,O"
նիկոլայ պավլովիչ ռուսաց կայսր,,նիկոլայ,O,"O,O,O,O"
այս դեպքում առաջին բառը կարող էլինել խաչքար կանգնեցնող վլանէսի արհեստագործականկամալլ բնույթիմականունը,,այս,O,"O,O,O,O,O,O,O,O,O,O,O"
Թանգարանում ցուցադրվում է Վանական արձանագրություն՝ գրված խիտ տառերով.,Վանական արձանագրություն ,Թանգարանում,O,"O,O,O,B-INSC,O,O,O,O"
վահրամաբերդ գյուղ նիրակում վաղարշապատ վանի թագավորություն վանստան վանք արարատում վասպուրական վենետիկ,,վահրամաբերդ,O,"O,O,O,O,O,O,O,O,O,O,O"
աբկ արքեպիսկոպոս մխիթարեանց երկերի ժողովածու էջ,,աբկ,O,"O,O,O,O,O,O"
"Համեմատական վերլուծությունը ցույց տվեց, որ այս հիշատակագիր ունի նույն ձեռագիր գիծը, ինչ հարևան ձեռագիրը.",հիշատակագիր ,Համեմատական,O,"O,O,O,O,O,O,B-INSC,O,O,O,O,O,O,O"
մակարավանք եկեղեցի պեմզաշեն գյուղի մոտ,,մակարավանք,O,"O,O,O,O,O"
Զբոսաշրջային ուղեցույցում նշված է այս վանքի պատին փորագրված վիմական արձանագրություն՝ թվագրված 1211 թվականով.,վիմական արձանագրություն ,Զբոսաշրջային,O,"O,O,O,O,O,O,O,O,B-INSC,O,O,O,O"
ապուղամը աբուխամը սագիստրոս հայր գրիգոր արքեպիսկոպոսի հիշատակված է պատարագ է ստացել,,ապուղամը,O,"O,O,O,O,O,O,O,O,O,O,O"
հքյուրտյանի վկայմամբ՝ տետրակում նշված թվականը վերագրված է հաջորդ տիրատուրի վկայագրին,,հքյուրտյանի,O,"O,O,O,O,O,O,O,O,O,O"
ծանոթ կարծում ենք սա պատի մեջ խաչքարի ագուցման տարեթիվն է,,ծանոթ,O,"O,O,O,O,O,O,O,O,O,O"
ծանոթ նախկին բոլոր հրատարակիչների մոտ բացակայում է թվականը,,ծանոթ,O,"O,O,O,O,O,O,O,O"
սեր օրերում այդբնագավառում աչքի ընկավ վիճագրագետ աշոտ մանուչարյանը,,սեր,O,"O,O,O,O,O,O,O,O"
խոյատապան սրբատեղի մեջ գիրը՝ հակառակ դիրքով միատող,,խոյատապան,O,"O,O,O,O,O,O,O"
Իրավական դպրոցի սեմինարում վերլուծվեց Կանոնագիր՝ համեմատած հետագա հավաքածուների հետ.,Կանոնագիր ,Իրավական,O,"O,O,O,O,O,O,O,O,O"
Պատմաբանները հրապարակեցին Կոնդակագիր՝ արքունական կնիքով և ամսաթվով.,Կոնդակագիր ,Պատմաբանները,O,"O,O,O,O,O,O,O"
ի տարբերություն արևելյան կիսակլոր աբսիդի մյուս երեքը ուղղանկյունածև են,,ի,O,"O,O,O,O,O,O,O,O,O"
հառիճավանք գավթի հյ պատ ներ ոչդ նվիրատվական աից կանը գավթի աե պատ ներ որմնանկարի ոչդ հիշատակագրություն,,հառիճավանք,O,"O,O,O,O,O,O,O,O,O,O,O,O,O,O,O,O"
գասպար թէլուի թելի գործվածքի նախշքար ամուսին ափարի ամիրեանցի ննջեցյալ,,գասպար,O,"O,O,O,O,O,O,O,O,O"
ններկա դեպքում քայքայված են չորրորդ տողի սկզբի մասերը,,ններկա,O,"O,O,O,O,O,O,O,O"
գասպար սողոմոնեան մեկենաս սառնադբյուրի կամրջի շինարարության,,գասպար,O,"O,O,O,O,O,O"
գերեզմանատներից հին տապանաքարերը անմշակ և անտապանագիր են մյուսները նույնպես միայն րդ դարի տապանագրեր ունեն,տապանագրեր,գերեզմանատներից,O,"O,O,O,O,O,O,O,O,O,O,O,O,B-INSC,O,O,O,O,O,O,O,O,O,O,O,O,O,O,O"
եահապ հրաման վկայագրող հիշատակվածէ,,եահապ,O,"O,O,O,O"
Հուշարձանի վերականգնման հաշվետվությունում ընդգրկվեց Հուշակոթողային արձանագրություն ամրակայման փուլերի նկարագրությամբ.,Հուշակոթողային արձանագրություն ,Հուշարձանի,O,"O,O,O,O,B-INSC,I-INSC,O,O,O"
ընթերցողի սեղանին է դրվում դիվան հայ վիմագրության մատենաշարի հերթական՝ թվով տասներորդ պրակը որն ամփոփում է հ շիրակի մարզի հուշարձանների որմերից ընդօրինակված արձանագրություն որոնցից ավելի քան ն առաջին անգամ է դրվում գիտական շրջանառության մեջ,,ընթերցողի,O,"O,O,O,O,O,O,O,O,O,O,O,O,O,O,O,O,O,O,O,O,O,O,O,O,O,O,O,O,O,O,O,O,O"
Ցուցասրահում ցուցադրված Սյունագիր համադրվում է հարուստ նախշերով սյուների հետ.,Սյունագիր ,Ցուցասրահում,O,"O,O,B-INSC,O,O,O,O,O,O"
Հուշարձանի նոր ուղեցույցը ներառում է Պատուհանագիր ընթերցումը և մեկնաբանությունը.,Պատուհանագիր ,Հուշարձանի,O,"O,O,O,O,O,B-INSC,O,O,O"
հետագայումհուշարծանի ճարտարապետականհորինվածքին անդրադարձել ենճարտարապետներ վ հարությունյանն ուվ գրիգորյանը,,հետագայումհուշարծանի,O,"O,O,O,O,O,O,O,O"
զարգրկա զարգարիկ պատարագէ ստացել,,զարգրկա,O,"O,O,O,O"
եիրակ գավառըունենալովայնպիսի տերեր ինչպիսիք են կաձսարականները բագրատունիները պահլավունիները զաքարյանները ներառել է պատմամշակութային հսկայածավալ ու արժեքավոր ժառանգություն որում շահեկանորեն առանձնանում է անին,,եիրակ,O,"O,O,O,O,O,O,O,O,O,O,O,O,O,O,O,O,O,O,O,O,O"
Տապանատան արևմտյան պատին կցված տապանաքարային արձանագրություն վկայում է գերդաստանի գաղթը Կիլիկիայից.,տապանաքարային արձանագրություն ,Տապանատան,O,"O,O,O,O,B-INSC,I-INSC,O,O,O,O,O"
ցավոք թվականը չի գրված բայց անիի մեծատուն վահրամ հեջուբը նիրակի արձանագրությունների մեջ հիշատակված է թվականներին,,ցավոք,O,"O,O,O,O,O,O,O,O,O,O,O,O,O,O,O"
գավիթ արևելյան պատի եկեղեցու արևմտյան պատ հյուսիսային մասում տող,,գավիթ,O,"O,O,O,O,O,O,O,O,O"
ռոբեն ռուբենը ամենայն հավանականությամբ վանքի տնտեսության հողամշակության հարցերը տնօրինողն էր,,ռոբեն,O,"O,O,O,O,O,O,O,O,O,O"
ինչպես վկայում է ս հռիփսիմե եկեղեցու շինարարական արձանագրությունը այն է եկեղեցին կառուցվել էգյուղի բնակիչների օժանդակությամբ թ արձ իսկ խնդրո առարկա վիմագիրը առավելագույնը թ ուշ չէ հետևաբար թերևս,շինարարական արձանագրությունը,ինչպես,O,"O,O,O,O,O,O,B-INSC,I-INSC,O,O,O,O,O,O,O,O,O,O,O,O,O,O,O,O,O,O,O,O,O,O,O,O,O,O,O,O,O,O,O,O,O,O,O,O,O,O,O,O,O,O,O,O,O,O"
"Սրահի ներսում բացահայտվեց Որմնագիր, որը հիշատակում է վարդապետի անունը.",Որմնագիր ,Սրահի,O,"O,O,O,O,O,O,O,O,O"
լ դուրնովայի կարծիքով գմբեթարդից ներքև պատկերված են եղել տասներկու առաքյալներն ու տիրամայրը,,լ,O,"O,O,O,O,O,O,O,O,O,O,O,O"
Նոր հրատարակության մեջ ներառվեց եկեղեցաշինական արձանագրություն՝ շինարարին տրված պարգևի հիշատակումով.,եկեղեցաշինական արձանագրություն ,Նոր,O,"O,O,O,O,B-INSC,O,O,O,O,O"
ս գրիգոր լուսավորիչ եկեղեցի հյուսիսային պատին մուտքից արևելք նախորդներից ներքև անարվեստ գրերով և խառն տողերով տող,,ս,O,"O,O,O,O,O,O,O,O,O,O,O,O,O,O,O,O"
"Գրախոսը շեշտեց, որ այս Դամբարանային արձանագրություն կարևոր աղբյուր է գերդանաբանության համար.",Դամբարանային արձանագրություն ,Գրախոսը,O,"O,O,O,O,B-INSC,I-INSC,O,O,O,O,O"
Տեղական ավանդույթներում պահպանված Ապահարկման արձանագրություն վկայում է համաճարակի ժամանակների օգնության մասին.,Ապահարկման արձանագրություն ,Տեղական,O,"O,O,O,B-INSC,I-INSC,O,O,O,O,O,O"
մակարավանք արևելյան պատին արտաքուստ,,մակարավանք,O,"O,O,O,O"
հոգեվանք կարմիր վանք վանք սառնադբյուր գյուղի մոտ,,հոգեվանք,O,"O,O,O,O,O,O,O"
քաղաքուդաշտ վվաղարշապատ քեթի սեծ քեթի գյուղ նիրակում,,քաղաքուդաշտ,O,"O,O,O,O,O,O,O"
Թանգարանային մեկնաբանությունում նշված է Ժամատան արձանագրություն՝ որպես ծիսական հիշատակ.,Ժամատան արձանագրություն ,Թանգարանային,O,"O,O,O,O,B-INSC,O,O,O,O"
սիայն դ առաջին կեսին ըստ եկեղեցու հարավային պատի արձանագրության զաքարյան իշխանները կարողանում են պահլավունիներին չերադարծնել իրենց հայրենի կալվածքներն ու մարմաշենի վանքը,,սիայն,O,"O,O,O,O,O,O,O,O,O,O,O,O,O,O,O,O,O,O,O,O,O"
"Դաշտային քարտեզագրողները տեղորոշեցին Վերանորոգման, նորոգման արձանագրություն՝ հարավային պատի վերևի մասում.","Վերանորոգման, նորոգման արձանագրություն ",Դաշտային,O,"O,O,O,B-INSC,I-INSC,O,O,O,O,O"
աստվածածին ս եկեղեցի արթիկ քաղաքում,,աստվածածին,O,"O,O,O,O,O"
եթե խաչի ձորի վիմագրերը թերևս չէին կարող լինել քանի որ դրանք հետագայում էին հայտնաբերվել ապա բուն մարմաշենի խիստ արժեքավոր վկայագրերին չանդրադարձը՝ տարակուսելի է,վիմագրերը,եթե,O,"O,O,O,B-INSC,O,O,O,O,O,O,O,O,O,O,O,O,O,O,O,O,O,O,O"
վգրիգորյանը եկեղեցու կառուցումը հասցնում է դարի առաջին կես կած դար վգրիգորյան հայաստանի վաղ միջնադարյան կենտրոնագմբեթ փոքր հուշարծանները երևան էջ,,վգրիգորյանը,O,"O,O,O,O,O,O,O,O,O,O,O,O,O,O,O,O,O,O,O"
գավիթ հյուսիսային պատին ներքուստ շարունակված նախորդի վերջին տողից տող,,գավիթ,O,"O,O,O,O,O,O,O,O,O"
գետիկ բնակավայր որտեղից ջաղաց է նվիրաբերվել հառինավանքին,,գետիկ,O,"O,O,O,O,O,O,O"
հրատ տէր մինասյան էջմիածին ժբ գագիկ հառիճեցի,,հրատ,O,"O,O,O,O,O,O,O"
մառնաղքյուրը նիրակի մարզի տարքեր դարաշրջանների հուշարձաններով առավել հարուստ բնակավայրերից է,,մառնաղքյուրը,O,"O,O,O,O,O,O,O,O,O,O"
Մատենագիտական ցանկում թվարկվեց կանոնաիրավական արձանագրություն՝ պահպանված մասամբ.,կանոնաիրավական արձանագրություն ,Մատենագիտական,O,"O,O,O,B-INSC,O,O,O"
հրատ քյուրտյան բազմավէպ ս ավագյան վաբ,,հրատ,O,"O,O,O,O,O,O"
խաչի ձոր խաչադրոշմ ժայռաբեկոր,,խաչի,O,"O,O,O,O"
Մատյանում պահպանված նվիրագիր մատնանշում է սրբապատկերի նվիրատուի անունը և ծննդավայրը.,նվիրագիր ,Մատյանում,O,"O,O,B-INSC,O,O,O,O,O,O,O"
գերին ի տաւնի,,գերին,O,"O,O,O"
նախորդ հրատարակիչը պետրոսի ազգանունը կարդացել է այվազենն իսկ թվականը՝,,նախորդ,O,"O,O,O,O,O,O,O,O,O"
ժայռաբեկոր խաչանեանով հիմնախաչի շուրջը տող,,ժայռաբեկոր,O,"O,O,O,O,O"
լմբատավանք ս ստեփանոս եկ հիշատակագրություն հյ պատ արտ,,լմբատավանք,O,"O,O,O,O,O,O,O,O"
գրրածա ուրարտական պետության կացձում,,գրրածա,O,"O,O,O,O"
տիրանավոր եկեղեցի մայիսյան գյուղում տիրաշէն գյուղատեղ սարմաշենից ոչ հեռու,,տիրանավոր,O,"O,O,O,O,O,O,O,O,O"
մի որոշ ժամանակ կառույցը եղել է իբրև ձխական եկեղեցի իսկ թվականից դադարել է գործել,,մի,O,"O,O,O,O,O,O,O,O,O,O,O,O,O,O"
մարմաշենի վանքից պրակում տեղ էգտել արձանագրություն դրանցից ընախկինում հրատարակվել են հիմնականում աբել սխիթարյանցի արձ ղևոնդ ալիշանի արձ կարապետ բասմաջյանի արձ մելքիսեդեկ գևորգյանցի արձ հովսեփ օրբելու արձ և այլոց համապատասխան աշխատություններում,,մարմաշենի,O,"O,O,O,O,O,O,O,O,O,O,O,O,O,O,O,O,O,O,O,O,O,O,O,O,O,O,O,O,O,O"
ծանոթ գրված պետք էլինի թվականից առաջ քանի որ նախորդ արձանա գրության մեջ ա գրիգորն իրեն արհիեպիսկոպոս է կոչում իսկ այստեղ միայն եպիսկոպոս,,ծանոթ,O,"O,O,O,O,O,O,O,O,O,O,O,O,O,O,O,O,O,O,O,O,O,O"
մամախաթուն ամուսին վաչէի նվիրատու հառիճավանքի,,մամախաթուն,O,"O,O,O,O,O"
գավիթ կից է եղել կաթողիկե եկեղեցու արևմտյան պատին,,գավիթ,O,"O,O,O,O,O,O,O,O"
Համայնքի ծերերն իրենց հիշողություններով լրացրին գերեզմանատան արձանագրություն չթվարկված անվան բացերը.,Գերեզմանատան արձանագրություն ,Համայնքի,O,"O,O,O,O,O,O,I-INSC,O,O,O"
Գրքի ներքին կազմի տակ հայտնաբերվեց փակագիր արձանագրություն՝ թաքնված լրացուցիչ թերթիկի վրա.,փակագիր արձանագրություն ,Գրքի,O,"O,O,O,O,O,B-INSC,O,O,O,O,O"
Թանգարանում բացվեց լուսանկարների ցուցահանդես՝ նվիրված հյուսիսային հարթակի ժայռապատկեր առանձնահատկություններին.,ժայռապատկեր ,Թանգարանում,O,"O,O,O,O,O,O,O,B-INSC,O"
սամէհան ճարտարապետ հայկածորի ս գրիգոր եկեղեցու,,սամէհան,O,"O,O,O,O,O,O"
սրբատաե քարաբեկոր տող անկանոն տառաձևերով,,սրբատաե,O,"O,O,O,O,O"
Հնագետները քարտեզագրեցին հարակից ժայռապատկեր և կազմեցին նշանագրական ցանկ.,ժայռապատկեր ,Հնագետները,O,"O,O,O,B-INSC,O,O,O,O"
Վերականգնողները մաքրեցին սյունային արձանագրություն՝ փոշոտ մակերեսից.,սյունային արձանագրություն ,Վերականգնողները,O,"O,O,B-INSC,O,O,O"
հրատ բասմաջյան հասբս,,հրատ,O,"O,O,O"
սարմաշեն գլխավոր տաճարի մեջ բեկոր ռ շինարարականնվիրատվական,,սարմաշեն,O,"O,O,O,O,O,O,O"
կարմիր վանք եկեղեցի հարավային պատին արտաքուստ տող,,կարմիր,O,"O,O,O,O,O,O,O"
այս վիճակն էր երբ ս բարխուդարյանը կազմումէր սույն պրակը,,այս,O,"O,O,O,O,O,O,O,O,O"
համանման է նաև թյուրտյանի վերծանությունը,,համանման,O,"O,O,O,O,O"
ծանոթ երկու բեկորների վրա մնում են երկրորդ տողի վերին գծերը,,ծանոթ,O,"O,O,O,O,O,O,O,O,O,O"
յեղանունների բառարան թ խ հակոբյան ստ տ մելիք բախշյան հ խ բարսեղյան հայաստանի և հարակից շրջանների տեղանունների բառարան հ երևան,,յեղանունների,O,"O,O,O,O,O,O,O,O,O,O,O,O,O,O,O,O,O,O,O,O"
ցանոթ ս քարխուդարյանը մելիքսեթի հոր անունը կարդացել է դուլ ազըզ իսկ ուխտիս ը ուխտս,,ցանոթ,O,"O,O,O,O,O,O,O,O,O,O,O,O,O,O"
տիրիկ տիրակ տիրուն խաչքար է կանգնեցրել,խաչքար,տիրիկ,O,"O,O,O,B-INSC,O,O,O,O,O,O,O,O"
տրդատ ս եկեղեցի մուսայելյան գյուղում տփղիս տես թիֆլիս,,տրդատ,O,"O,O,O,O,O,O,O,O"
դժվար է հատկապես անծանոթ տեղանունների հարցը չորրորդ տողի առաջին բառն ըստ բովանդակության պետք է լինի գյուղի անուն բաղկացած չորս տառից պահպանվել է միայն երեք տառ աթք և սկզբից կոտրված է մեկ տառ,,դժվար,O,"O,O,O,O,O,O,O,O,O,O,O,O,O,O,O,O,O,O,O,O,O,O,O,O,O,O,O,O,O,O,O,O"
էլխութլու որդի չաղանի ձիթհան է կառուցել ու նվիրել հառիճավանքին,,էլխութլու,O,"O,O,O,O,O,O,O,O,O"
նախորզ ա գրիֆգ րէ հարավպին պաւիսն ար իերիև տոշ ի թվի ոխ ե՛ հի սոսմնորդութէնն էր պետրոսի կամ ին էս աս տուսես տութ էտո զիմ հածրէնէ սձգինս որ ցսրուծ ի վերին խոշկևն,,նախորզ,O,"O,O,O,O,O,O,O,O,O,O,O,O,O,O,O,O,O,O,O,O,O,O,O,O,O,O,O,O,O,O,O,O"
նուսիսային եզրին բլրալանջին տարածվում է դ գերեզմանոցը տարածև տապանաքարերով,,նուսիսային,O,"O,O,O,O,O,O,O,O,O"
Գրաբարի դասին ուսումնասիրվեց Մատենագիտական արձանագրություն՝ լեզվական նրբություններով.,Մատենագիտական արձանագրություն ,Գրաբարի,O,"O,O,O,B-INSC,O,O,O"
ասենք նաև որ ինչպիսի լրացումներ կլ որ անելու լինեն դրանք որոշ չափով միշտ ենթադրական կմնան բայց ներկա դեպքում արվածները թվում են միակ հնարավորը,,ասենք,O,"O,O,O,O,O,O,O,O,O,O,O,O,O,O,O,O,O,O,O,O,O,O,O"
վանենի դուստր սադուն արծրունու,,վանենի,O,"O,O,O,O"
Թարգմանվեց լատիներենից հին Ապահարկման արձանագրություն՝ հայկական տեղանունների հետ.,Ապահարկման արձանագրություն ,Թարգմանվեց,O,"O,O,O,B-INSC,O,O,O,O"
մուսլուխլի մուպլուղլու տես լանջիկ,,մուսլուխլի,O,"O,O,O,O"
հրատ եահխաթունյանց ճալայանց ա սխիթարյանց առիճ ալիշան նիրակ գէորգեանց եղիազարյան էջմիածին ա քյուրտյան բազմավէա,,հրատ,O,"O,O,O,O,O,O,O,O,O,O,O,O,O,O"
Գիտական զեկույցում ընդգրկվեց պետրոգլիֆ դասակարգման նոր առաջարկ.,պետրոգլիֆ ,Գիտական,O,"O,O,O,B-INSC,O,O,O"
հրատ մխիթարյանց տեղագրութիւն ալիշան նիրակ գէորգեանց բասմաջյան հաաբմ,,հրատ,O,"O,O,O,O,O,O,O,O"
հառիճավանք գերեզմանոց խաչքար դ հիշատակագրություն,,հառիճավանք,O,"O,O,O,O,O"
տիգրան հէպոյեան հիշատակված է տիգրանյան արմեն,,տիգրան,O,"O,O,O,O,O,O"
Մատենավայրը ցուցադրում է Կանոնագիր՝ վկայակոչմամբ տարբեր վանքերի.,Կանոնագիր ,Մատենավայրը,O,"O,O,O,O,O,O,O"
ս յիելայտլակյ եւ յիս տ,,ս,O,"O,O,O,O,O"
Արխիվում պահպանվում է սյունային արձանագրություն՝ քանդակազարդ երեսպատմամբ.,սյունային արձանագրություն ,Արխիվում,O,"O,O,O,B-INSC,O,O,O"
կազմողի կողմից ներկայացված մի շարք գրչագրերի և լուսանկարների փոխարինում նորերով,,կազմողի,O,"O,O,O,O,O,O,O,O,O,O"
լայնութիւն տաճարին իբրև տասն գազ նոյնպէս խոնարհեալ են ծածկ գաւթացն և սիւնքն անկեալք և ծածք երկուց արևմտեան աւանդատանցն իսկ ղեոնդ ալիշանը տաճարի տեղագրության ու ճարտարապետության վերաբերյալ արված դիտարկումներից զատ թերևս կրկնելով շահխաթունյանցին հավաստում է միջոց գեղջս և գետեզերն լի է աւերակօք քարաշէն բնակութեանց գերեզմանաց և խաչվիմաց յորս ցանկալի է հետախուզել,,լայնութիւն,O,"O,O,O,O,O,O,O,O,O,O,O,O,O,O,O,O,O,O,O,O,O,O,O,O,O,O,O,O,O,O,O,O,O,O,O,O,O,O,O,O,O,O,O,O,O,O,O,O,O,O"
դ դիվան հայ վիմագրության պրակ շիրակի մարզ կազմող՝ ս գ բարխուդարյան հրատարակության պատրաստողներ՝ գ գ սարգսյան ա է հարությունյան կ տ ասատրյան պատ խմբագիրներ՝ գ գ սարգսյան ա է հարությունյան եր գիտություն հրատ էջ լուսանկար,,դ,O,"O,O,O,O,O,O,O,O,O,O,O,O,O,O,O,O,O,O,O,O,O,O,O,O,O,O,O,O,O,O,O,O,O,O,O"
Վերահրատարակության մեջ ընդգրկվեցին Ապարանքների շինարարական արձանագրություններ՝ նոր լուսանկարներով.,Ապարանքների շինարարական արձանագրություններ ,Վերահրատարակության,O,"O,O,O,B-INSC,I-INSC,O,O,O"
հառիճավանքի միջնադարյան առաջնորդների անվանացանկը կազմող առաջին հեղինակները՝ ա սխիթարյան ղալիշան նշում են մեկ հայր պետրոս՝ աթոռակալած թթ չմեր կարծիքով երկու թվականներն էլ,,հառիճավանքի,O,"O,O,O,O,O,O,O,O,O,O,O,O,O,O,O,O,O,O,O,O,O,O"
Սրահի կենտրոնում ցուցադրված է Դամբարանային արձանագրություն՝ գեղարվեստական եզրագծով.,Դամբարանային արձանագրություն ,Սրահի,O,"O,O,O,O,B-INSC,O,O,O"
մարմաշեն գլխավոր տաճար հյ պատ արտ ոհդ շինարարականնվիրատվական հառիճավանք գավթի հյ պատ ներ ոչդ նվիրատվական,,մարմաշեն,O,"O,O,O,O,O,O,O,O,O,O,O,O,O,O,O"
ինչպես վերը նշեցինք սմ ձեռագրում հառիճավանքի վիմագրերին զուգահեռ լմբատավանքից մեզ հայտնի ևս արձանագրություն է ընդօրինակված խույն հատորի վիմագրերը,,ինչպես,O,"O,O,O,O,O,O,O,O,O,O,O,O,O,O,O,O,O,O"
պարիսպ ինչպես թ թորամանյանն է նկատում վահրամա հաստատությունները շրջափակված են եղել դ ոչ ուշ կառ,,պարիսպ,O,"O,O,O,O,O,O,O,O,O,O,O,O,O,O,O"
ս ստեփանոս եկեղեցի գմբեթի հիմքի արևմտահայաց կողին տող,,ս,O,"O,O,O,O,O,O,O,O"
կյուղի մեջ է թ կառուցված ս աստվածածին բազիլիկ եկեղեցին,,կյուղի,O,"O,O,O,O,O,O,O,O,O"
հրատ նահխաթունյանց ջալալյանց ա մխիթարյանց հառիճ ալիշան եիրակ գէորգեանց եղիազարյան էջմիածին ա քյուրտյան բազմավէպ գագիկ հառիճեցի,,հրատ,O,"O,O,O,O,O,O,O,O,O,O,O,O,O,O,O,O,O,O,O,O,O,O,O,O,O,O,O,O,O,O,O,O"
Վերականգնողները ամրացրին Վերաօծման արձանագրություն՝ մաշված եզրերում հղկում անելով.,Վերաօծման արձանագրություն ,Վերականգնողները,O,"O,O,B-INSC,O,O,O,O,O"
տիրացու կարապետը թերևս վիմագրում վկայվածհամանուն քանդակագործնէ ըստ այդմ պարզվում էնաև կարապետի տիրապետած արհեստը,վիմագրում,տիրացու,O,"O,O,O,B-INSC,O,O,O,O,O,O,O,O,O,O,O,O,O,O,O,O,O,O,O,O,O,O"
Գմբեթային անցքի տակ պահպանվում է Գմբեթային արձանագրություն՝ փոքրատառ գրվածքով.,Գմբեթային արձանագրություն ,Գմբեթային,B-INSC,"B-INSC,O,O,O,O,B-INSC,O,O,O"
Աղյուսակում համադրվեցին Ապարանքների շինարարական արձանագրություններ և արխիվային գծագրեր.,Ապարանքների շինարարական արձանագրություններ ,Աղյուսակում,O,"O,O,B-INSC,I-INSC,I-INSC,O,O,O"
ծանոթ չափածո տապանագրից պարզվում է որ տեր համբարձում գրիգորյանը ծագումով ալեքսանդրապոլի գավառի իլխինապ իլխիաբ իլխիաբի գյուղից է որը ներկայիս ախուրյանի տարածաշրջանի այգաբաց գյուղն է տեղանունների բառարան էջ,տապանագրից,ծանոթ,O,"O,O,B-INSC,O,O,O,O,O,O,O,O,O,O,O,O,O,O,O,O,O,O,O,O,O,O,O,O"
այս համեմատաբար խաղաղ շրջանը սակայն երկար չի տևում թաթար մոնդոլների արշավանքների ժամանակ ևս վանքն ամայանում էու լքվում,,այս,O,"O,O,O,O,O,O,O,O,O,O,O,O,O,O,O,O,O"
մարմաշեն գլխավոր տաճարի մեջ բեկոր դ արձանագրության հատված,,մարմաշեն,O,"O,O,O,O,O,O,O,O"
բոլոր դեպքերում է տառի փոխարեն գրված է ե չենք ուղղում,,բոլոր,O,"O,O,O,O,O,O,O,O,O,O"
աշտարակ որտեղից այգի է նվիրաբերվել մարմաշենի վանքին,,աշտարակ,O,"O,O,O,O,O,O,O"
գուրգեն ա բագրատունի կյուրիկյան թագավոր թթ հիշատակված է,,գուրգեն,O,"O,O,O,O,O,O,O,O"
Սեմինարում ուսումնասիրվեց կանոնաիրավական արձանագրություն՝ համեմատելով հարևան ժողովուրդների նորմերի հետ.,կանոնաիրավական արձանագրություն ,Սեմինարում,O,"O,O,B-INSC,O,O,O,O,O,O"
հառիճավանք ս աստվածածին եկ դ արևի ժամացույց հվ պատ արտ,,հառիճավանք,O,"O,O,O,O,O,O,O,O,O,O"
այստեղ են թաղված վահրամ պահլավունու կին սոփիա տիկինը նրանց ապուղամբ որդու կինը ճարտարապետ շնավորիկըև այլք,,այստեղ,O,"O,O,O,O,O,O,O,O,O,O,O,O,O,O,O"
պարիսպ նշված բոլոր շինությունները շրջափակված են պարսպով որի արևելյան մասը կառուցվել է դ զաքարե ամիրսպասալարի կողմից իսկ հյուսիսային մասը՝ դ երկրորդ կեսին վերոնշյալ շինարարական աշխատանքների հետ միասին,,պարիսպ,O,"O,O,O,O,O,O,O,O,O,O,O,O,O,O,O,O,O,O,O,O,O,O,O,O,O,O,O"
կմաթևոպյան լմբատավանքի ս ստեփանոս եկեղեցու որմնանկարը էջմիածին դ էջ,,կմաթևոպյան,O,"O,O,O,O,O,O,O,O,O"
նպատակահարմար ենք գտնում ներկայացնել նախորդ հեղինակների վերծանությունները թախանձչել եւ բարէխաւս միջնամասում ս ջալալյանց ղ ալիշան զիս ի բերել ջուր,,նպատակահարմար,O,"O,O,O,O,O,O,O,O,O,O,O,O,O,O,O,O,O,O,O"
ա ստեփանոս եկեղեցի արևելյան խաչաթնի հարավային պատին արտաքուստ տող,,ա,O,"O,O,O,O,O,O,O,O,O"
խանում աղախին ննջեցյալ խաչատրյան համազասպ,,խանում,O,"O,O,O,O,O"
լալայան երվանդ լեոնյան ռազմիկ,,լալայան,O,"O,O,O,O"
գտնվում է արթիկ քաղաքից կմ հարավ բարձրադիր գոտում,,գտնվում,O,"O,O,O,O,O,O,O,O"
կարծում ենք գրիչը մոռացել է ի տառը հ մելքոնյանի մոտ գրէան սարգսի,,կարծում,O,"O,O,O,O,O,O,O,O,O,O,O,O"
ներկայումս լմբատ է կոչվում արթիկի նշված բլրին կից թաղամասը,,ներկայումս,O,"O,O,O,O,O,O,O,O,O"
այն որ մեր կողմից թվական համարվող ն գրից առաջ կամ հետո թվ թվական բառը գրված չէև այն չի առնված կետերի մեջ կամ վրան պատիվ նշան հորիզոնական գիծ դրված չէ բացատրվում է արձանագրության և լեզվի և գրչության ցածը որակով,,այն,O,"O,O,O,O,O,O,O,O,O,O,O,O,O,O,O,O,O,O,O,O,O,O,O,O,O,O,O,O,O,O,O,O,O,O,O,O,O,O"
այն նախ փաստում է գլխավոր եկեղեցու նորոգումը թ ապուղամը սագիստրոսի որդու գրիգոր արքեպիսկոպոսի խարիփի վահրամ պահլավունու թոռների նախածեռնությամբ,,այն,O,"O,O,O,O,O,O,O,O,O,O,O,O,O,O,O,O,O,O"
նորակառույց զարիաթ սրբատեղում կամիխոյատապան որի դիմացնաև հարթտապանաքար երկուսն էլ արձանագիր են սակայն անկապակից,,նորակառույց,O,"O,O,O,O,O,O,O,O,O,O,O,O,O"
եինաքար գլխավոր տաճարի ներսում գտնվել է պեղումների ժամանակ տող,,եինաքար,O,"O,O,O,O,O,O,O,O,O"
"Նախագծային աշխատասեղանին դրվեց Շինարարական արձանագրություն, որը բացատրում է վանքի գավթի ընդարձակումը.",Շինարարական արձանագրություն ,Նախագծային,O,"O,O,O,B-INSC,O,O,O,O,O,O,O"
սարակապի ս աստվածածին եկեղեցին արևմուտքից,,սարակապի,O,"O,O,O,O,O"
հնում ըստ երևույթին եկեղեցու մոտ եղել է փոքր գյուղ որից մնացել են տնատեղերի և բակերի մնացորդներ,,հնում,O,"O,O,O,O,O,O,O,O,O,O,O,O,O,O,O,O"
ծանոթ պետրոս հայկազյանը կամ հայկազունին թթ դարի երկրորդ կեսիև,,ծանոթ,O,"O,O,O,O,O,O,O,O,O"
Կրթական ծրագրում ուսումնասիրվեց Կանոնագիր և նրա ազդեցությունը համայնքային կառավարման վրա.,Կանոնագիր ,Կրթական,O,"O,O,O,B-INSC,O,O,O,O,O,O"
Կրթական ուղեցույցում որպես օրինակ բերվեց այս սյունային արձանագրություն՝ ընթերցման նշումներով.,սյունային արձանագրություն ,Կրթական,O,"O,O,O,O,O,O,B-INSC,O,O,O"
ինքնատիպ են արևմտյան կողմի ավանդատների երկրորդ հարկի եռակամար բացվածքներով սյունազարդ օթյակները որոնք ըստ ճարտարապետ ալ ջալալյանի՛ շինությանը պալատային տեսք են հաղորդում,,ինքնատիպ,O,"O,O,O,O,O,O,O,O,O,O,O,O,O,O,O,O,O,O,O,O,O"
Համայնքի նիստում հրապարակվեց կանոնաիրավական արձանագրություն՝ հողօգտագործման կարգի մասին.,կանոնաիրավական արձանագրություն ,Համայնքի,O,"O,O,O,B-INSC,O,O,O,O"
Պատմահետի նոթերում ներկայացվում է Շրջագիր ծածկագիր՝ կապված մի պատմական առաքելության հետ.,Շրջագիր ծածկագիր ,Պատմահետի,O,"O,O,O,O,B-INSC,O,O,O,O,O,O"
Վերականգնողները արձանագրեցին մաշված Նվիրատվական արձանագրություն՝ աղյուսների մակերեսին.,Նվիրատվական արձանագրություն ,Վերականգնողները,O,"O,O,O,B-INSC,O,O,O"
թամար վրաց թագուհի հիշատակված է,,թամար,O,"O,O,O,O,O"
Գիտաժողովին ներկայացվեց Դամբարանային արձանագրություն ընթերցման նոր տարբերակով.,Դամբարանային արձանագրություն ,Գիտաժողովին,O,"O,O,B-INSC,I-INSC,O,O,O"
հուշարձանը հիմնադրել է հոռոմոսի վանահայր սարգիսը և մեկ տարի հետո այն չավարտած մահացել է թվի մոտ շինարարությունն ավարտել է նրան հաջորդած սողոմոնը թվին ասել է շինարարությունը տևել է տարի,,հուշարձանը,O,"O,O,O,O,O,O,O,O,O,O,O,O,O,O,O,O,O,O,O,O,O,O,O,O,O,O,O,O,O"
"Արքունիքի պատին պահպանվել է Թագավորական արձանագրություն, որը պատմում է տիրակալի նվաճումների մասին.",Թագավորական արձանագրություն ,Արքունիքի,O,"O,O,O,O,B-INSC,O,O,O,O,O,O,O"
գևորգ դ կոստանդնուպոլսեցի կաթողիկոս թթ,,գևորգ,O,"O,O,O,O,O"
Հրատարակության մեջ վերատպվեց Որմնագիր՝ բարձր լուծաչափով պատկերով.,Որմնագիր ,Հրատարակության,O,"O,O,O,O,O,O,O"
Վանքի հյուսիսային պատին պահպանվել է Որմնագիր՝ հստակ մեծատառերով և կցասյուներով.,Որմնագիր ,Վանքի,O,"O,O,O,O,O,O,O,O,O,O"
շինության արձանագրությունը կա բայց թվականի մասը կորած է,,շինության,O,"O,O,O,O,O,O,O,O"
տես նաև լ մարտիրոսյան ս պետրոսյան վվարդանյան և ուրիշներ գյումրի քաղաքը և մարդիկ գումրի,,տես,O,"O,O,O,O,O,O,O,O,O,O,O,O,O,O"
ճարտարապետական հորինվածքով նման է սաստարայի ս հովհաննես եկեղեցուն,,ճարտարապետական,O,"O,O,O,O,O,O,O,O"
դատելով տառածևերից հարազատէ դդ,,դատելով,O,"O,O,O,O"
հատ բասմաջյան հաաբմ,,հատ,O,"O,O,O"
Մշակութային երթուղում առանձին կանգառ է նվիրված Կոթողային արձանագրություն ընթերցմանը.,Կոթողային արձանագրություն ,Մշակութային,O,"O,O,O,O,O,O,B-INSC,I-INSC,O"
բանասեր վիմագրագետը կարծում է որ այս բացատրությունը այնքան էլ ստույգ չէ և տալիս է իր մեկնաբանությունը զոյգ զոյգք ը տվյալ իրադրության մեջ պետք է հասկանալ ձեռագիր ավետարանի կազմերը իրար մոտեցնելու և ծածկելու հարմարանք կամ ճարմանդներ որ պատրաստվում էին տարբեր մետաղներից մշակման տարբեր արվեստով և հանդիսանում ձեռագիր գրքերի կազմերի անհրաժեշտ մասերը ս ավագյան նշվ աշխ էջ,,բանասեր,O,"O,O,O,O,O,O,O,O,O,O,O,O,O,O,O,O,O,O,O,O,O,O,O,O,O,O,O,O,O,O,O,O,O,O,O,O,O,O,O,O,O,O,O,O,O,O,O,O,O,O,O,O,O,O,O"
եամշուլդե ամրոց բերդաքաղաք պատմական տաշիր գավառում,,եամշուլդե,O,"O,O,O,O,O,O"
կարծում ենք միանգամայն տարակուսելի է քյուրտյանի որոշումը,,կարծում,O,"O,O,O,O,O,O,O"
Ուսանողները դասարանի համար պատրաստեցին Ժամատան արձանագրություն վերարտադրության գծագիր.,Ժամատան արձանագրություն ,Ուսանողները,O,"O,O,O,O,B-INSC,I-INSC,O,O"
"Վերականգնողը ամրացրեց քայքայված եզրը, որպեսզի պահպանվի այս Պատուհանագիր ամբողջականը.",Պատուհանագիր ,Վերականգնողը,O,"O,O,O,O,O,O,O,B-INSC,O"
Լուսանկարիչը ֆիքսեց սյունային արձանագրություն՝ նուրբ թեք լուսավորմամբ.,սյունային արձանագրություն ,Լուսանկարիչը,O,"O,O,B-INSC,O,O,O,O"
արդյո՛ք այս դեպքերի հեռավոր արձագանքը չէքննվող արտոնագիրը,,արդյո՛ք,O,"O,O,O,O,O,O,O"
հոգեվանք ս կարապետեկ ռ նվիրատվական արձանագիր քար եկ ներսում,,հոգեվանք,O,"O,O,O,O,O,O,O,O,O"
հեղինակն այս ձեռագրից հրատարակել է արձանագրություն բայց պետքէլինի քանիորէև իե միավորները բովանդակում են երկուական վիմագրեր,,հեղինակն,O,"O,O,O,O,O,O,O,O,O,O,O,O,O,O,O"
հառիճավանք գավթի աե պատ ներ,,հառիճավանք,O,"O,O,O,O,O"
սիջնադարյան հայաստանի նշանավոր այս հոգևոր կենտրոնի մասին վաղագույն հիշատակությունը պատկանում է ոդ մատենագիր մխիթար անեցուն որն իր պատմությունը շարադրել է հառիճավանքի վանահայր գրիգորի դ բ պատվերով ինչի մասին է վկայում երկի խորագիրը հանդէսք բանից աշխարհագումար զրուցաց տիեզերապատում անցից վիպասանեալ ի քաջ գիտնականէն սխիթարայ աւագերիցու մեծ կաթուղիկէին անւոյ հոյակապ քաղաքի ի խնդրոյ հայր հառիճայի գրիգորոյ վարդապետի,,սիջնադարյան,O,"O,O,O,O,O,O,O,O,O,O,O,O,O,O,O,O,O,O,O,O,O,O,O,O,O,O,O,O,O,O,O,O,O,O,O,O,O,O,O,O,O,O,O,O,O,O,O,O,O,O,O,O,O,O,O"
Լուսանկարչական ալբոմում տպագրվեց Տաղավարի արձանագրություն՝ կողմնային տեսանկյունից.,Տաղավարի արձանագրություն ,Լուսանկարչական,O,"O,O,O,B-INSC,O,O,O"
սումբէ որդի գագկա ջաղաց է կառուցել ու նվիրատվություն արել սարմաշենի վանքին,,սումբէ,O,"O,O,O,O,O,O,O,O,O,O,O"
Պահպանության բաժինը մշակեց այս Նվիրատվական արձանագրություն պահպանության ծրագիր.,Նվիրատվական արձանագրություն ,Պահպանության,O,"O,O,O,O,B-INSC,I-INSC,O,O"
Արևելյան պատի ուղղահայաց սալին փորագրված եկեղեցաշինական արձանագրություն պատմում է հյուսիսային գավթի մասին.,եկեղեցաշինական արձանագրություն ,Արևելյան,O,"O,O,O,O,O,B-INSC,I-INSC,O,O,O,O,O"
Ալբոմում տպագրվեց Պատկերագիր՝ բարձր որակի լուսանկարներով և մեկնություններով.,Պատկերագիր ,Ալբոմում,O,"O,O,O,O,O,O,O,O"
հատ զալալյանց ա ալիշան շիրակ գէորգեանց եղիազարյան էջմիածին բ,,հատ,O,"O,O,O,O,O,O,O,O,O"
"Գրախոսը նշել է, որ այս Օրհնագիր եզակի է իր վանկային կառուցվածքով.",Օրհնագիր ,Գրախոսը,O,"O,O,O,O,O,B-INSC,O,O,O,O,O"
Գիտաժողովում ներկայացվեցին նորահայտ ժայռապատկեր օրինակներ՝ թվագրման փորձերով.,ժայռապատկեր ,Գիտաժողովում,O,"O,O,O,B-INSC,O,O,O"
յանոթ նախշքարը պետք է ընկալել թելի գործվածքի ներկարար իմաստով,,յանոթ,O,"O,O,O,O,O,O,O,O,O"
ալ սանուչարյան թ վ ա ա մանուչարյան քննություն հայաստանի դարերի շինարարական վկայագրերի երևան,,ալ,O,"O,O,O,O,O,O,O,O,O,O,O,O,O"
Գրաբարի սեմինարում ուսումնասիրվեց Օրհնագիր՝ որպես ժանրային տեսակ.,Օրհնագիր ,Գրաբարի,O,"O,O,O,O,O,O,O"
հ եղիազարյանը գտնում է որ հայր առաքեալը վանքի առաջնորդնէ,,հ,O,"O,O,O,O,O,O,O,O,O"
հիշատակագրություն թվագիր նվիրատվական նվիրատվական,,հիշատակագրություն,O,"O,O,O,O"
որոշ դեպքերում ելնելով բովանդակության կարևորությունից կամ հետաքրքրությունից կարևոր փաստեր իրադարձություններ անձինք բառեզրեր պրակում ներառվել են նաև դ վիմագրեր,,որոշ,O,"O,O,O,O,O,O,O,O,O,O,O,O,O,O,O,O,O,O"
սառնաղբյուր գյուղ որը բշտկա թոռները նվիրաբերել են լմբատավանքին,,սառնաղբյուր,O,"O,O,O,O,O,O,O,O"
Ուսանողները դաշտում արտագրեցին Որմնագիր և համադրեցին հրապարակված տարբերակների հետ.,Որմնագիր ,Ուսանողները,O,"O,O,O,B-INSC,O,O,O,O,O"
գյուղից կմ դեպի արևմուտք բաց դաշտի մեջ գտնվում են մեծ և սրբատաշ քարերով կառուցված եկեղեցու ավերակներ,,գյուղից,O,"O,O,O,O,O,O,O,O,O,O,O,O,O,O,O,O"
վիմագրերի առաջին գիտական հրատարակությունն իրականացրել է հնագետ վիմագրագետ հուսիկ մելքոնյանը,,վիմագրերի,O,"O,O,O,O,O,O,O,O,O,O"
ջալալյանց ս տանապարհորդութիւն ի մեծն հայաստան աշխատասիրութեամբ սարգիս վարդապետի զալալեանց միաբանի վանուց սանահնի ի ամի մասն ա տփղիս,,ջալալյանց,O,"O,O,O,O,O,O,O,O,O,O,O,O,O,O,O,O,O,O"
ներկայումս պահպանվել են միայն պատերի ստորին շարերն ու պուների խարիսխները,,ներկայումս,O,"O,O,O,O,O,O,O,O,O,O"
ա յրդատ եկեղեցի հարավային պատին արտաքուստ տող,,ա,O,"O,O,O,O,O,O,O"
Հին մատրիցայի վրա պահպանվել է Նվիրատվական արձանագրություն՝ որոնք հիշատակում են բրուտագործների նվերները վանքին.,Նվիրատվական արձանագրություն ,Հին,O,"O,O,O,O,O,B-INSC,O,O,O,O,O,O,O"
"Գրախոսը շեշտեց, որ այս Թագավորական արձանագրություն կարևոր է քաղաքական պատմության համար.",Թագավորական արձանագրություն ,Գրախոսը,O,"O,O,O,O,B-INSC,I-INSC,O,O,O,O,O"
սկրտիչ արմեն սկրտիչ էմին մկրտիչ հայր մարմաշենի վանքի,,սկրտիչ,O,"O,O,O,O,O,O,O,O"
նոր կյանք գյուղ ծիրակում,,նոր,O,"O,O,O,O"
գլխավոր տատար արեմտյան պատին մուտքի հյուսիսային հատվածում ագուցված փոքր խաչքարի տակ տող,,գլխավոր,O,"O,O,O,O,O,O,O,O,O,O,O,O"
Լուսանկարով ամրագրվեց շուկայի պատին փորագրված հարկային արձանագրություն՝ մաշված թվերով.,հարկային արձանագրություն ,Լուսանկարով,O,"O,O,O,O,O,B-INSC,O,O,O"
գրիգոր ս եկեղեցի հայկածոր գյուղում կարմիր վանք,,գրիգոր,O,"O,O,O,O,O,O,O"
յոթերորդը հեշտությամբ լրացվում է խոստովանողք ութերորդում ծնողն բառից հետո պիտի լիներ սողոմոնի հոգևոր կամ արյան հոր անունը,,յոթերորդը,O,"O,O,O,O,O,O,O,O,O,O,O,O,O,O,O,O,O"
եւ ուխտ խաղաղութեան հաստատեալ տեառն սարգսի կալ ի հնազանդութեան դաւթի իբրեւ որդի առ հայր եւ գագկայ հայրենի խնամով սիրել զնա ասողիկ,,եւ,O,"O,O,O,O,O,O,O,O,O,O,O,O,O,O,O,O,O,O,O,O,O"
զարիաթ սրբատեղ լանջիկ գյուղում զորանոց ամրոց քեթի գյուղում զորավորաց զորավոր եկեղեցի պեմզաշեն գյուղի մոտ,,զարիաթ,O,"O,O,O,O,O,O,O,O,O,O,O,O,O,O"
մաննուր այգի որը նվիրաբերվել է լմբատավանքին,,մաննուր,O,"O,O,O,O,O,O"
ղազար ս եկեղեցի սառնադբյուր գյուղի մոտ ղըզըլքիլիսա տես հայկաձորի կարմիր վանք ղոշավանք տես հայկաձորի կարմիր վանք,,ղազար,O,"O,O,O,O,O,O,O,O,O,O,O,O,O,O,O,O"
"Պեղումներում գտնված բեկորին պահպանվել էր Հուշագիր, որը թվագրվում է 19-րդ դարով.",Հուշագիր ,Պեղումներում,O,"O,O,O,O,O,O,O,O,O,O,O"
ակնհայտ է որ վիմագիրը վկայում է մի քանի նվիրատվությունների մասին,վիմագիրը,ակնհայտ,O,"O,O,O,B-INSC,O,O,O,O,O,O,O,O,O,O,O,O,O,O,O,O"
Հին մատյանի ծայրամասում գրարված Շրջագիր ծածկագիր ցույց է տալիս գաղտնի հաղորդակցության միջոցները.,Շրջագիր ծածկագիր ,Հին,O,"O,O,O,O,B-INSC,I-INSC,O,O,O,O,O,O"
ծանոթ հինգերորդ տողի աջ կողմում մի քանի անորոշ տառեր չեն կապվում բովանդակության հետ հավանաբար հետագա հավելում է,,ծանոթ,O,"O,O,O,O,O,O,O,O,O,O,O,O,O,O,O,O,O"
եկեղեցու հարավարևելյան կողմում տարածվում է դ գերեզմանոցը,,եկեղեցու,O,"O,O,O,O,O,O,O"
արձանագրությունը գրվելուց առաջ նրա կենտրոնի մի քարի վրա փորագրված է եղել արևի ժամացույց որը շրջանցելով գրվել է արձանագրությունը,,արձանագրությունը,O,"O,O,O,O,O,O,O,O,O,O,O,O,O,O,O,O,O,O"
քարի ստորին մասում փորագրված է,,քարի,O,"O,O,O,O,O"
եկեղեցուշուրջ դրված են միջնադարյան բեկորային ու ամբողջական խաչքարեր քանդակազարդքարեր,,եկեղեցուշուրջ,O,"O,O,O,O,O,O,O,O,O"
բժշկանց տանապարհորդութիւն ի լեհաստան և յայլ կողմանս բնակեալս ի հայկազանց սերելոց շարագրեալ հանդերձ զանազան բանասիրական տեղեկութեամբք տն հ մինասայ բժշկեանց ի վենետիկ,,բժշկանց,O,"O,O,O,O,O,O,O,O,O,O,O,O,O,O,O,O,O,O,O,O,O,O"
ս կարապետ եկեղեցի հարավային ավանդատան ներսում նախորդի դիմաց տող,,ս,O,"O,O,O,O,O,O,O,O,O"
Թարգմանվեց վրացերենից Վանական արձանագրություն՝ եղբայրության փոխօգնության մասին.,Վանական արձանագրություն ,Թարգմանվեց,O,"O,O,B-INSC,O,O,O,O"
գբ ի հայերէն բացատրական բառարան հ երկրորդ կազմեց ստ սալխասեանց երևան,,գբ,O,"O,O,O,O,O,O,O,O,O,O,O"
դատելով մնացածից այն պետք է առնվազն երեք քարի վրա լիներև տողից,,դատելով,O,"O,O,O,O,O,O,O,O,O,O,O"
Արխիվային տեղեկագրում լուսաբանվեց անհայտ Հուշագիր՝ կապված քաղաքային պատմության հետ.,Հուշագիր ,Արխիվային,O,"O,O,O,O,O,O,O,O,O"
ծանոթ այս անունը նկատել ենք վիմագրական զննման ժամանակ,,ծանոթ,O,"O,O,O,O,O,O,O,O"
նոր կյանք ս գրիգոր լուսավորիչ եկ նկ նվիրատվական հյ պատ արտ,,նոր,O,"O,O,O,O,O,O,O,O,O,O,O"
վերջում իրոք գրված է եինեցաք ինչը կարծես չի մերվում բովանդակությանը,,վերջում,O,"O,O,O,O,O,O,O,O,O,O"
ըստ էության մելիքը նաև արձանագրության գրիչնէ,,ըստ,O,"O,O,O,O,O,O"
Սեմինարում ուսանողները խմբերով վերծանեցին Կոնդակագիր և ներկայացրին իրենց մեկնաբանությունները.,Կոնդակագիր ,Սեմինարում,O,"O,O,O,O,B-INSC,O,O,O,O"
նախորդ հրատարակիչների ուշադրությունից վրիպած կամ տարընթերցումներ պարունակող մի քանի վիմագրեր նաև վաղլւիտանշաններ վերջերս հրատարակվեցին պատմաբան կարեն սաթնոսյանի հեղինակակցությամբ,,նախորդ,O,"O,O,O,O,O,O,O,O,O,O,O,O,O,O,O,O,O,O"
կառուցվել է դ ոորից ներկայումս միայն հյուսիսարևմտյան մի փոքր հատվածն է պահպանվել,,կառուցվել,O,"O,O,O,O,O,O,O,O,O,O,O,O"
տինարին հար սահմանային տեղավայր,,տինարին,O,"O,O,O,O"
հասրաթյան սուրադ հարությունյան արսեն հարությունյան վարազդատ,,հասրաթյան,O,"O,O,O,O,O,O"
գուլազըզ հայր մելիքսէթի հիշատակված է,,գուլազըզ,O,"O,O,O,O,O"
նրանց տոհմական սեփականությունը հան,,նրանց,O,"O,O,O,O"
պոսւեին ից հետո ս բարխուդարյանը կարդացել է տվին,,պոսւեին,O,"O,O,O,O,O,O,O,O"
"Համադրումն ի ցույց դրեց, որ այս պետրոգլիֆ ունի ակնհայտ ընդհանրություններ հարավային լեռների օրինակների հետ.",պետրոգլիֆ ,Համադրումն,O,"O,O,O,O,O,O,B-INSC,O,O,O,O,O,O,O"
վիմագիրը փաստում է որ եփրեմ մ աշա կաթողիկոսի օրոք ռուսաց նիկոլայ կայսրը հաղթական պատարա մղել ինչպես պարսից այնպես էլ օսմանյան բանակների դեմ իր տիրապետությունն ըդարնակեո կարինու մինչ ի թավրեզ,վիմագիրը,վիմագիրը,B-INSC,"B-INSC,O,O,O,O,O,O,O,O,O,O,O,O,O,O,O,O,O,O,O,O,O,O,O,O,O,O,O,O,O,O,O,O,O,O,O,O,O,O,O,O,O,O,O,O,O,O,O,O,O,O,O,O,O,O,O,O,O"
երերույթի տածար բեմից հյուսիս մույթի վրա ներքուստ տող,,երերույթի,O,"O,O,O,O,O,O,O,O"
հոռոմ ս հռիփսիմե եկ հվ պատ ներ հիշատակագրություն,,հոռոմ,O,"O,O,O,O,O,O,O,O"
աղանյան եպսժ գրիգոր աղանյան զաքարյանների մի նորահայտ արձանագրություն շիրակի պատմամշակութային ժառանգությունը հանրապետական երրորդ գիտաժողով զեկուցումների հիմնադրույթներ գյումրի,,աղանյան,O,"O,O,O,O,O,O,O,O,O,O,O,O,O,O,O,O,O"
մեր այս տեսակետը հիմնավորվում է վիմագրում հիշատակված անձանց և իրադարձությունների ժամանակագրության մոտավոր ճշգրտմամբ,վիմագրում,մեր,O,"O,O,O,O,O,B-INSC,O,O,O,O,O,O,O,O,O,O,O,O,O,O,O,O,O,O,O,O"
Վերականգնման արհեստանոցում մաքրվեց կեղտով ծածկված տապանաքարային արձանագրություն՝ գրության ծայրում փոքր խաչիկով.,տապանաքարային արձանագրություն ,Վերականգնման,O,"O,O,O,O,O,B-INSC,O,O,O,O,O"
"Վերականգնողները ամրացրին մաշված էջը, որպեսզի պահպանվի այդ Շրջագիր ծածկագիր ամբողջականությունը.",Շրջագիր ծածկագիր ,Վերականգնողները,O,"O,O,O,O,O,O,O,B-INSC,I-INSC,O"
ս գրիգոր եկեղեցի արևմտյան պատին արտաքուստ տող,,ս,O,"O,O,O,O,O,O,O"
"Ձեռագրում նշված է կանոնաիրավական արձանագրություն, որը վերաբերում է ամուսնության կարգին.",կանոնաիրավական արձանագրություն ,Ձեռագրում,O,"O,O,O,B-INSC,O,O,O,O,O,O"
"Դաշտային զեկույցում նշվել է, որ երկրորդ հատվածում կա մի կիսատ տապանաքարային արձանագրություն՝ կոտրված սալիկի վրա.",տապանաքարային արձանագրություն ,Դաշտային,O,"O,O,O,O,O,O,O,O,O,O,B-INSC,O,O,O,O"
հրատ շահխաթունյանց զալալյանց ա մխիթարյանց հառիճ ալիշան եիրակ գէորգեանց եղիազարյան էջմիածին ա քյուրտյան բազմավէպ գագիկ հառիճեցի,,հրատ,O,"O,O,O,O,O,O,O,O,O,O,O,O,O,O,O,O"
հրատ ձալալյանց ա մխիթարյանց հառիճ ալիշան նիրակ գէորգեանց եղիազարյան էջմիածին ա քյուրտյան բազմավէպ գագիկ հառիճեցի,,հրատ,O,"O,O,O,O,O,O,O,O,O,O,O,O,O,O,O"
"Հնավայրի լուսագծում տեսանելի է տապանաքարային վիմագիր, որի տառերը մասամբ կորցրել են իրենց փորագրման խորությունը.",տապանաքարային վիմագիր ,Հնավայրի,O,"O,O,O,O,B-INSC,O,O,O,O,O,O,O,O,O"
հվ և աե պատերի քիվին արտ,,հվ,O,"O,O,O,O,O,O"
թաստակը բերքից գանծձվող հարկի քառորդ չափն է որը վճարվել է ծեռնավորներին հ էջ,,թաստակը,O,"O,O,O,O,O,O,O,O,O,O,O,O,O"
վիմագիրը փաստում է որ եկեղեցին կոչվել է նաև ս սիոն,,վիմագիրը,O,"O,O,O,O,O,O,O,O,O,O"
մարմաշեն արձանագիր քարաբեկոր դդ արձանագրության հատված,,մարմաշեն,O,"O,O,O,O,O,O"
հատկանշելիէ գյուղամիջյան ս հովհաննու կարապետ միանավ բազիլիկ եկեղեցին վերակառուցված թ,,հատկանշելիէ,O,"O,O,O,O,O,O,O,O,O,O"
ս գեվորգ եկեղեցի արևելյան պատին արտաքուստ անավարտ տող տիսխնութիծտնեա հիես,,ս,O,"O,O,O,O,O,O,O,O,O,O"
չեռքի տակ ենք ունեցել թվին կատարած վերծանումն ու լուսանկարը երբ այդ վնասվածքը չկար,,չեռքի,O,"O,O,O,O,O,O,O,O,O,O,O,O,O"
Գրաշարը արտագրեց Ժամատան արձանագրություն՝ խոնավությունից մգացած տառերով.,Ժամատան արձանագրություն ,Գրաշարը,O,"O,O,B-INSC,O,O,O,O"
զանգակատուն կից է ս գրիգոր եկեղեցուն,,զանգակատուն,O,"O,O,O,O,O,O"
նկատենք որ ղահրաման արդության երկայնաբազուկի հանգանակությամբ է հիմնվել նաև ալեքսանդրապոլի արդության օրիորդաց դպրոցը որը գործել է թթ,,նկատենք,O,"O,O,O,O,O,O,O,O,O,O,O,O,O,O,O,O,O"
"Համեմատական ուսումնասիրությունը ցույց տվեց, որ այս Խաչքարային արձանագրություն մոտ է 13-րդ դարի ավանդույթին.",Խաչքարային արձանագրություն ,Համեմատական,O,"O,O,O,O,O,O,B-INSC,I-INSC,O,O,O,O,O"
այն հայտնի է նաև կարմիր վանք շինաքարի գույնից կամ ձորագյուղի վանք այդանուն գյուղատեղիում գտնվելու պատճառով անվանումներով,,այն,O,"O,O,O,O,O,O,O,O,O,O,O,O,O,O,O,O"
հրատ ձալալյանց ա մխիթարյանց հառիճ ալիշան եիրակ գէորգեանց եղիազարյան էջմիածին ա քյուրտյան բազմավէպ գագիկ հառիճեցի,,հրատ,O,"O,O,O,O,O,O,O,O,O,O,O,O,O,O,O"
"Հրատարակության հավելվածում տպագրվեց մեկ Վերանորոգման, նորոգման արձանագրություն՝ կից չափագրություններով.","Վերանորոգման, նորոգման արձանագրություն ",Հրատարակության,O,"O,O,O,O,B-INSC,I-INSC,O,O,O"
ս հահաննու կարապետ եկեղեցի հյուսիսային պատին արտաքուստ տող,,ս,O,"O,O,O,O,O,O,O,O"
ծանոթ վերջին երկու տողերը խիստ քայքայված են,,ծանոթ,O,"O,O,O,O,O,O,O"
հրատ մխիթարյանց հառիճ ալիշան եիրակ,,հրատ,O,"O,O,O,O,O"
ս կարապետ եկեղեցի արևելյան որմին արտաքուստ տեղ տեղ եղծված տող,,ս,O,"O,O,O,O,O,O,O,O,O,O"
նորաշինիկ վայր որտեղից այգի է հատկացվել հառիճավանքին,,նորաշինիկ,O,"O,O,O,O,O,O,O"
ուշարձանախմբի արևելյան կողմում ինչպես նաև հյուսիսային կողմի բարձունքի վրա տարածվում է գերեզմանոցը,,ուշարձանախմբի,O,"O,O,O,O,O,O,O,O,O,O,O,O"
բշտկանց որով թերևս առավել հայտնի են եղել նրանք,,բշտկանց,O,"O,O,O,O,O,O,O,O"
արթիկ ս գնորգ աե պատ արտ ոռ անավարտ արձանագրության,,արթիկ,O,"O,O,O,O,O,O,O,O,O"
Վարչական նամականի մեջ պահպանվել է Կոնդակագիր՝ որով հաստատվում է հողամասի տրամադրությունը վանքին.,Կոնդակագիր ,Վարչական,O,"O,O,O,O,O,O,O,O,O,O,O,O"
երերույքի տածար հարավային պատի արևելյան մուտքի բարավորից վեր կամարի տակ արտաքուստ տող,,երերույքի,O,"O,O,O,O,O,O,O,O,O,O,O,O"
ս գևորգյանցնարձանագրությանսկիզբը կարդացելէկեղոյս կամ տեղոյս աստուած,,ս,O,"O,O,O,O,O,O"
նա փաստումէ որկառույցը միանգամայն համապատասխանում է րդ դարի երկրորդ կեսում տիրապետող դարձած գեղարվեստական ըմբռնումներին և հավելում որ եթե բագարանի և սաստարայի տաճարներում ավագ խորանին կից ավանդատները հետագա հավելման արդյունք են ապա արթիկի տաճարում դրանք նախնական են արևելյան ճակատում առաջացնելով ոչ խոր զույգ որմնախորշեր,,նա,O,"O,O,O,O,O,O,O,O,O,O,O,O,O,O,O,O,O,O,O,O,O,O,O,O,O,O,O,O,O,O,O,O,O,O,O,O,O,O,O,O,O,O,O"
տապանաքար հյուսիսային եկեղեցու արևձտյան մուտքի առաջ տող,,տապանաքար,O,"O,O,O,O,O,O,O"
գյուղում պահպանվել են մ թա ո հազարամյակների ամրոցների բնակատեղիների մնացորդներն ու դամբարանադաշտերը,,գյուղում,O,"O,O,O,O,O,O,O,O,O,O,O,O"
գավիթ րիաի պատին ներքուստ տող,,գավիթ,O,"O,O,O,O,O"
այրարատ նահանգ սեծ հայքում,,այրարատ,O,"O,O,O,O"
տապանաքար երկլանջ արևելյան գերեզմանոցում հարավային նիստին տող,,տապանաքար,O,"O,O,O,O,O,O,O"
Սյունաշարի կենտրոնական սյան վրա պահպանվել է սյունային արձանագրություն՝ նշված թվագրությամբ.,սյունային արձանագրություն ,Սյունաշարի,O,"O,O,O,O,O,O,B-INSC,O,O,O"
քալանթար աշխարհբեկ քալանթարյան արամ քյոշկերյան արմինե քյոսեյան հակոբ քյուրտյան հարություն քողա հայր գրիգորի հիշատակված է քրիստափոր,,քալանթար,O,"O,O,O,O,O,O,O,O,O,O,O,O,O,O,O,O"
թամար ամուսին վարհամ հէճուպի պատարագէ ստացել,,թամար,O,"O,O,O,O,O,O"
պորտանգ ագարակ բագարանում որը նվիրաբերվել է սարմաշենի վանքին,,պորտանգ,O,"O,O,O,O,O,O,O,O"
ծանոթ օրբելու հրատարակության մեջ թվականը բացակայում է,,ծանոթ,O,"O,O,O,O,O,O,O"
վերականգնման փակագծերը կազմողը չի դրել չնայած ձեռագրում բերված լուսանկարում այդպատկերն առկաէ,,վերականգնման,O,"O,O,O,O,O,O,O,O,O,O,O"
մակարավանք հարավարևելյան ավանդատան մուտքի վերնամասում տող,,մակարավանք,O,"O,O,O,O,O,O"
Հուշակոթողային արձանագրություն տեղադրվեց նոր բացված այգում՝ որպես կրթական աղբյուր.,Հուշակոթողային արձանագրություն ,Հուշակոթողային,B-INSC,"B-INSC,I-INSC,O,O,O,O,O,O,O"
Թանգարանը ձեռք բերեց փոքրաչափ Հուշակոթողային արձանագրություն բեկոր՝ անհայտ հուշարձանից.,Հուշակոթողային արձանագրություն ,Թանգարանը,O,"O,O,O,O,B-INSC,I-INSC,O,O,O"
նախորդ հրատարակիչը եկեղեցու շինարարությունը սկսելու թվականը կարդացել է,,նախորդ,O,"O,O,O,O,O,O,O,O"
հէրապետ որդի յագօբի ննջեցյալ հոգնվկա պատարագ է ստացել հոռոմ պատարագ էստացել հովհաննես աւթախ հիշատակվածէ վանստանի,,հէրապետ,O,"O,O,O,O,O,O,O,O,O,O,O,O,O,O,O"
ական թթ քաղաքի պատմական հնավայրի կենտրոնում հայտնաբերվել են վաղմիջնադարյան եկեղեցու մնացորդները,,ական,O,"O,O,O,O,O,O,O,O,O,O,O"
Վիմագիր մատենագրումներում ներառվեց նոր Եկեղեցու արձանագրություն՝ բազում հապավումներով.,Եկեղեցու արձանագրություն ,Վիմագիր,O,"O,O,O,O,B-INSC,O,O,O"
սոտավորապես կես մասում մեկ քար նույնպես ընկել է և այդտեղ մի նոր քար են տեղադրել,,սոտավորապես,O,"O,O,O,O,O,O,O,O,O,O,O,O,O,O,O"
հրատ աշ մանուչարյան,,հրատ,O,"O,O,O,O,O,O"
Գրաբարի դասին ուսումնասիրվեց Շրջագիր ծածկագիր՝ կիրառված դիվանագիտական նամակներում.,Շրջագիր ծածկագիր ,Գրաբարի,O,"O,O,O,B-INSC,O,O,O,O"
"Վերականգնողները ուսումնասիրեցին կառուցողական արձանագրություն, որպեսզի հստակեն կրաշաղախի համամասնությունները.",կառուցողական արձանագրություն ,Վերականգնողները,O,"O,O,B-INSC,O,O,O,O,O"
ծանոթ արձանագրության պակասավոր մասերը լրացրել ենք կ բասմաջյանի վերծանությունից,,ծանոթ,O,"O,O,O,O,O,O,O,O,O"
դ աշխուժացել է նաև տեղի հոգևոր կյանքը այս շրջանում են կառուցվել ս աստվածածին յոթ վերք հայկական կաթոլիկ ամենափրկիչ ս նշան ս գրիգոր լուսավորիչ գեղցոց ժամ թ,,դ,O,"O,O,O,O,O,O,O,O,O,O,O,O,O,O,O,O,O,O,O,O,O,O,O,O,O,O"
հառիճավանքի բակ պսակի քար ոդ արձանագրության հատված,,հառիճավանքի,O,"O,O,O,O,O,O,O"
գյումրիի ս նշան եկ հյ պատ արտ ոյը ռոյ գ,,գյումրիի,O,"O,O,O,O,O,O,O,O,O,O"
մեր վերջին այցելության ժամանակ այն նորոգվում էր,,մեր,O,"O,O,O,O,O,O,O"
Լեռնային տափարանում հավաքվեց պետրոգլիֆ լուսանկարների շարք՝ հետագա վերլուծության համար.,պետրոգլիֆ ,Լեռնային,O,"O,O,O,B-INSC,O,O,O,O,O"
Արխիվային լուսանկարում նկատելի է կարճ նվիրագիր՝ հազվագյուտ հապավումներով.,նվիրագիր ,Արխիվային,O,"O,O,O,O,O,O,O,O"
թ հուշարձանի արձանագրությունները հրատարակումէնչ մանուչարյանը որը վիմագրության բաժնի արշավախմբի կազմում մասնակցելէն բարխուդարյանի կազմած նիրակի ձեռագիր պրակի հրատարակության պատրաստման նպատակով թ իրականացված դաշտային հավաքչական աշխատանքներին,,թ,O,"O,O,O,O,O,O,O,O,O,O,O,O,O,O,O,O,O,O,O,O,O,O,O,O"
Աշխարհագրական համակարգով քարտեզավորվեց յուրաքանչյուր պետրոգլիֆ՝ արձանագրելով դիրքը և բարձրությունը.,պետրոգլիֆ ,Աշխարհագրական,O,"O,O,O,O,O,O,O,O,O"
հրատ սխիթարյանց տեղագրութիւն պակասավոր գէորգեանց պակասավոր,,հրատ,O,"O,O,O,O,O,O"
այսչափ առատհուշարծձաններիշարքում պատմամարտարապետականբնութագրովև վիմագրերի առկայությամբ հատկանշելի է միակ վանական համակարույցը՝ հոգեվանքը որը թիկնել է գյուղ տանող ճանապարհի աջ կողմի բլրալանջին,վիմագրեր,այսչափ,O,"O,O,O,O,O,O,O,O,O,O,O,O,O,O,O,O,O,O,O,O,O,O,O,B-INSC,O,O,O,O,O,O,O,O,O,O,O,O,O,O,O,O,O,O,O,O,O,O,O,O,O,O,O,O,O,O,O,O,O,O,O,O"
վերջին տողի գրերը կիսով չափ են և անկապակից,,վերջին,O,"O,O,O,O,O,O,O,O"
արձանագրության հատված հառիճավանքի թանգարան բեկոր ոդ արձանագրության,,արձանագրության,O,"O,O,O,O,O,O,O"
սանուկ երեեա լոոքի գալարի վերնամասում ընթեռնելի է եկայ որդի գրությունը որի շարունակությունը չի պահպանվել,,սանուկ,O,"O,O,O,O,O,O,O,O,O,O,O,O,O,O"
տապանաթար օրորոցածև հյուսիսային և հարավային նիստերին ական տող,,տապանաթար,O,"O,O,O,O,O,O,O,O"
ծանոթ հրատարակչի մոտ բոլորովին աղավաղվածէ,,ծանոթ,O,"O,O,O,O,O"
ըստ արձանագրության այն կանգնեցված է թ ի բարեխոսություն ապլղարիբ իշխանի որը բազմաթիվ նվերներով պայծառացրել է եկեղեցին,,ըստ,O,"O,O,O,O,O,O,O,O,O,O,O,O,O,O,O,O"
տապանաքար ուղղանկյուն օրորոցաձև հարավային նիստին տող,,տապանաքար,O,"O,O,O,O,O,O"
ս բարխուդարյանի այս մատնանշումը հիմնականում հաստատվեց նաև վիմագրության բաժնի արշավախմբի մերօրյա շրջագայություններով,,ս,O,"O,O,O,O,O,O,O,O,O,O,O,O"
գրիգոր ս լուսավորիչ քարայր ուխտատեղի սառնաղբյուր գյուղում,,գրիգոր,O,"O,O,O,O,O,O,O"
գավիթ հարավային պատին արտաքուստ տող,,գավիթ,O,"O,O,O,O,O"
Թանգարանի ցուցադրությանը ներկայացվեց արևելյան դպրոցին հարող Պատկերագիր՝ պահպանված ներկանյութերով.,Պատկերագիր ,Թանգարանի,O,"O,O,O,O,O,O,O,O,O"
պարզվում է այն կոչվել է զորավոր զորավորաց,,պարզվում,O,"O,O,O,O,O,O,O"
ծանոթ ննջեցյալը արոյի որդի պապոն է որը կյանքից հեռացել է վաղաժամ տարեկան հասակում,,ծանոթ,O,"O,O,O,O,O,O,O,O,O,O,O,O,O"
բացառված չէ որ շհնարար վարպետի կամ ճարտարապետի անուն լինի,,բացառված,O,"O,O,O,O,O,O,O,O,O"
խմբագիրների կողմից կատարված բոլոր միջամտությունները նշված են շեղատառերով բացառությամբ պրակում ներառված նոր արձանագրությունների վերծանությունների,,խմբագիրների,O,"O,O,O,O,O,O,O,O,O,O,O,O,O,O"
գէորգեանց եղիազարյան էջմիածին ա գագիկ հառիճեցի,,գէորգեանց,O,"O,O,O,O,O,O"
գրիգոր ս եկեղեցի հառիճավանքում,,գրիգոր,O,"O,O,O,O"
տոմէգչի վարդապետ կամ տոմէ գրիչ վարդապետ այս դեպքում պիտի համարել արձանագրության փորագրիչ,,տոմէգչի,O,"O,O,O,O,O,O,O,O,O,O,O,O"
մենք կարևորում ենք երկարկենդանութիլինյ պատրոնաց մերոց բառակապակցությունը որը հաճախ է վկայված իվանեի և զաքարեի համատեղ իշխանապետության ժամանակահատվածի համար ըստ այդմ առավել հակված ենք դ ական թվականների նկատառմանը,,մենք,O,"O,O,O,O,O,O,O,O,O,O,O,O,O,O,O,O,O,O,O,O,O,O,O,O,O,O,O"
անասուն եզի գութանի սարւած կով ձի ոչխար,,անասուն,O,"O,O,O,O,O,O,O"
ուղեւորեալ յերեւան քաղաք պաշտպան կալ իրաւանց վանիցս հանգեաւ ի տէր ի վաղարշապատ յամսեանն փետրվարի ի մետասաներորդաւուր յամի տեառն եւ ամփոփեցաւ ի վանս ս գայիանեայ,,ուղեւորեալ,O,"O,O,O,O,O,O,O,O,O,O,O,O,O,O,O,O,O,O,O,O,O,O,O,O"
զույգ խաչ մատուռ լեռնակերտ գյուղում զույգաղբյուր գյուղատեղ նիրակում է էջմիածին տես վաղարշապատ էջմիածին ս սայր տաճար,,զույգ,O,"O,O,O,O,O,O,O,O,O,O,O,O,O,O,O,O"
բնական աղետի հիշատակություն վարդապետ իաուկուց,,բնական,O,"O,O,O,O,O"
զարդված հատվածի վերականգնումները համապատասխանում են նաև հ քյուրտյանի վիմագրահավաքի վերծանությանը սակայն վերջինում առկա են այլ տարընթերցումներ առաջին տողում խուպասարին ի փոխարեն խոթպասար թեղիազարյանի և գ հառիմեցու մոտ՝ նուպասաո չորրորդ տողում խսըսի ի փոխարեն խսսի դ եղիազարյանի մոտ սամխսըս վերջին տողում կտակս բառից հետո՛ի կասսայ հ եղիազարյանի և գ հառիճեցու մոտ կիրակոսի կամմաց,,զարդված,O,"O,O,O,O,O,O,O,O,O,O,O,O,O,O,O,O,O,O,O,O,O,O,O,O,O,O,O,O,O,O,O,O,O,O,O,O,O,O,O,O,O,O,O,O,O,O,O,O,O,O,O,O"
առաքեալ առաքել հայր առաջնորդ լմբատավանքի հիշատակված է ննջեցյալ,,առաքեալ,O,"O,O,O,O,O,O,O,O"
ծանոթ այս արձանագրությունը տեղում չենք տեսել կամ քանդվածէ կամ վրիպել է մեր աչքից,,ծանոթ,O,"O,O,O,O,O,O,O,O,O,O,O,O,O"
կրկնում է դդ հայաստանում ավանդական դարձած գմբեթավոր դահլիճ ճարտարապետական հորինվածքը,,կրկնում,O,"O,O,O,O,O,O,O,O,O,O"
Վերլուծական հոդվածում շեշտվեց Կոնդակագիր իրավական լեզվի առանձնահատկությունները.,Կոնդակագիր ,Վերլուծական,O,"O,O,O,B-INSC,O,O,O"
հիշատակված վահրամը ծնվել է և մահացել թվին,,հիշատակված,O,"O,O,O,O,O,O,O"
Արխիվում հայտնաբերված փակագիր արձանագրություն վերաբերում է գաղտնի նվիրատվության փաստին.,փակագիր արձանագրություն ,Արխիվում,O,"O,O,B-INSC,I-INSC,O,O,O,O,O"
սոսթենէս առաջնորդ սարմաշենի վանքի հիշատակված է,,սոսթենէս,O,"O,O,O,O,O,O"
Ճարտարապետական զեկույցում նշվում է Դռնագիր՝ որպես մուտքային գոտու բնութագիր.,Դռնագիր ,Ճարտարապետական,O,"O,O,O,O,O,O,O,O,O"
դավիթ անհողին կյուրիկյան թագավոր դաւիթ անբախտ գրիչ հիշատակված է դաւիթ հիշատակված է,,դավիթ,O,"O,O,O,O,O,O,O,O,O,O,O,O"
Հնագիտական հաշվետվությունը ներկայացնում է նորահայտ Դամբարանային արձանագրություն՝ կողք կողքի երեք սալերի վրա.,Դամբարանային արձանագրություն ,Հնագիտական,O,"O,O,O,O,O,B-INSC,O,O,O,O,O,O"
երկրորդ տողի նախավերջին տառը կարելի է կարդալ նաև տ,,երկրորդ,O,"O,O,O,O,O,O,O,O,O"
միգուցե ս բարխուդարյանը լիովին վստահել է իր ավագ և հռչակավոր գործընկեր հովսեփ օրբելու վերծանություններին ու ավելորդ համարել դրանք գրի առնել ու մեկ անգամ ևս հրատարակել,,միգուցե,O,"O,O,O,O,O,O,O,O,O,O,O,O,O,O,O,O,O,O,O,O,O,O,O,O,O"
Գրականագիտության հոդվածում վերլուծվում է ուշ շրջանի հիշատակագիր՝ լեզվական նորարարություններով.,հիշատակագիր ,Գրականագիտության,O,"O,O,O,O,O,O,O,O,O"
ասմանէս ագարակ բագարանում որը նվիրաբերվել է սարմաշենի վանքին,,ասմանէս,O,"O,O,O,O,O,O,O,O"
գագիկ ա բագրատունի եահնշահ հայոց թագավոր թթ,,գագիկ,O,"O,O,O,O,O,O,O"
դառնալով վիմագրում վկայակոչված պատմական իրադարձության քննու,վիմագրում,դառնալով,O,"O,B-INSC,O,O,O,O,O,O,O,O,O,O"
ինչպես ս բարխուդարյանն է կոչում՝ արձանագրագիտական գիտարշավ ը որի կազմում էին ինստիտուտի վիմագրության բաժնի վարիչ ս բարխուդարյանը՝ ղեկավար անդամներ՝ ալեքսանդր մանուչարյանը աբրահամ շահինյանը սուրեն ավագյանը և վարորդ ռազմիկ լևոնյանը թ օգոստոսի ին մեկնում է շիրակ՝ դիվան հայ վիմագրության հերթական պրակի համար նյութեր հավաքելու,,ինչպես,O,"O,O,O,O,O,O,O,O,O,O,O,O,O,O,O,O,O,O,O,O,O,O,O,O,O,O,O,O,O,O,O,O,O,O,O,O,O,O,O,O,O,O,O"
հոգեվանք ս կարապետեկ ոծդ նվիրատվական հյ պատ արտ հառիճավանք ս աստվածածին եկ ամ պատ գավթի մեջ ոկգ,,հոգեվանք,O,"O,O,O,O,O,O,O,O,O,O,O,O,O,O,O,O,O"
Թանգարանի ցուցափեղկում կա Դռնագիր՝ տեղափոխված փրկարարական պեղումներից.,Դռնագիր ,Թանգարանի,O,"O,O,O,O,O,O,O"
այս է հանգիստը սոշանի իթ ո ա,,այս,O,"O,O,O,O,O,O,O"
ատեր ստեփանյան վիմագրերը սատենադարանի ձեռագրերում ջ,,ատեր,O,"O,O,O,O,O,O"
լմբատավանք ս ստեփանոս եկ աե պատ արտ,,լմբատավանք,O,"O,O,O,O,O,O,O"
հառիճավանք ս աստվածածին եկ ոռ հիշատակագրություն,,հառիճավանք,O,"O,O,O,O,O,O"
տպագրվում է հ գաս հնագիտության և ազգագրության ինստիտուտի գիտական խորհրդի որոշմամբ,,տպագրվում,O,"O,O,O,O,O,O,O,O,O,O,O"
վերջին գ տառը թերևս ցուցում է հատկացված պատարագների թիվը,,վերջին,O,"O,O,O,O,O,O,O,O,O"
ա գրիգորեկեղեցի արևմտյան պատին արտաքուստ նախորդի ստորին մասում անկանոն գրչությամբ տող,,ա,O,"O,O,O,O,O,O,O,O,O,O,O"
ծանոթ առաջին չորս տողերում աջակողմյան քարի մակերեսը մասամբ կոտրված է,,ծանոթ,O,"O,O,O,O,O,O,O,O,O,O"
Մեկուսի լանջին գտնվող գերեզմանատան արձանագրություն նշում է գյուղի տեղահանության տարիները.,Գերեզմանատան արձանագրություն ,Մեկուսի,O,"O,O,O,O,I-INSC,O,O,O,O,O"
ամրոցներից մեկի տարածքում պահպանվել են դ արձանագիր տապանաքարեր որոնցից ը ներառեցինք պրակում,,ամրոցներից,O,"O,O,O,O,O,O,O,O,O,O,O,O"
եկեղեցու որմերին պահպանվել են վարպետների բազմաթիվ նշաններ,,եկեղեցու,O,"O,O,O,O,O,O,O"
Սեմինարում ուսանողները արտագրեցին Մատենագիտական արձանագրություն՝ փորձարկելով տարբեր ընթերցումներ.,Մատենագիտական արձանագրություն ,Սեմինարում,O,"O,O,O,B-INSC,O,O,O,O"
"Տեղաբնակները հիշում են Վանական արձանագրություն, որը տեղադրված է եղել գավթի մուտքին.",Վանական արձանագրություն ,Տեղաբնակները,O,"O,O,O,B-INSC,O,O,O,O,O,O,O"
Գրականագիտական հոդվածը վերլուծում է նույն վայրից հայտնաբերված երկրորդ վիմական արձանագրություն՝ անսովոր ուղղագրությամբ.,վիմական արձանագրություն ,Գրականագիտական,O,"O,O,O,O,O,O,O,O,B-INSC,O,O,O"
աշ սանուչարյանը հնարավոր է գտնում այս սոշեղի և հայոց թագուհու եղբայր մուշեղի նույնացումը դրանով նաև թվագրելով վկայագիրը ռ կես,,աշ,O,"O,O,O,O,O,O,O,O,O,O,O,O,O,O,O,O,O,O,O"
հետագա դարերում հունահռոմեական աղբյուրներում շիրակը վկայված է սիրակենե անվանումով,,հետագա,O,"O,O,O,O,O,O,O,O,O"
Լուսանկարահանումների ժամանակ նկատվեց երկրորդ Պատուհանագիր՝ գրեթե աննկատ տեղում.,Պատուհանագիր ,Լուսանկարահանումների,O,"O,O,O,O,O,O,O,O"
գրիգոր վարդապետ հրդի տուտի նվիրատու հառիճավանքի,,գրիգոր,O,"O,O,O,O,O,O"
Թանգարանում ցուցադրվում է անատոլիական ծագում ունեցող վիմական արձանագրություն՝ հայերեն և հունարեն տեքստերով.,վիմական արձանագրություն ,Թանգարանում,O,"O,O,O,O,O,O,B-INSC,O,O,O,O,O"
անակնկալ էր և ձեռագիր պրակում և նույնիսկ դաշտային օրագրում սմարմաշենի արձանագրությունների բացակայությունը,,անակնկալ,O,"O,O,O,O,O,O,O,O,O,O,O,O"
Արխիվում պահվող հարկային արձանագրություն համադրվել է հարևան քաղաքների տվյալների հետ.,հարկային արձանագրություն ,Արխիվում,O,"O,O,B-INSC,I-INSC,O,O,O,O,O,O"
ցավոք այս կարևոր վանքի առաջնորդ հայր վարդանի կողմից եկեղեցու կառուցման կամ նորոգման փաստը վկայող արձանագրությունը չի պահպանվել,,ցավոք,O,"O,O,O,O,O,O,O,O,O,O,O,O,O,O,O,O,O"
սենք նպատակահարմար գտանք ներկայացնել նաև պահպանված երկու հատվածների գրչագրերը,,սենք,O,"O,O,O,O,O,O,O,O,O"
հետագայում կցել են նաև մի այլ եկեղեցի այժմ բոլոր կողմերից շրջափակված է բնակելի շենքերով և անհարմար է ուսումնասիրելու համար,,հետագայում,O,"O,O,O,O,O,O,O,O,O,O,O,O,O,O,O,O,O,O,O"
առաքելոց ս եկեղեցի պեմզաշեն գյուղում,,առաքելոց,O,"O,O,O,O,O"
ի մեզանէ եւ յժը,,ի,O,"O,O,O,O"
Տեղական համայնքն իր միջոցներով մաքրեց Տաղավարի արձանագրություն՝ դեղնած խոլորձների միջից.,Տաղավարի արձանագրություն ,Տեղական,O,"O,O,O,O,O,B-INSC,O,O,O,O"
Ձեռագրագետը համադրեց Կոնդակագիր՝ տարբեր թագավորների օրերի հետ.,Կոնդակագիր ,Ձեռագրագետը,O,"O,O,O,O,O,O,O"
սարգիս առաջնորդ հոռոմոսի վանքի,,սարգիս,O,"O,O,O,O"
Հին մատուռում բացվեց Պատկերագիր՝ սյուժետային շարքով և աղոթական տողերով.,Պատկերագիր ,Հին,O,"O,O,O,O,O,O,O,O,O"
վհարությունյան այկական ճարտարապետության պատմություն երևան էջ,,վհարությունյան,O,"O,O,O,O,O,O"
խաչիկ ա արշարունեցի կաթողիկոս թթ,,խաչիկ,O,"O,O,O,O,O"
ալ սանուչարյան քհեվ,,ալ,O,"O,O,O"
գտնվումէնրթիկ քաղաքից կմ արևմուտք բլոի հարթության վրա,,գտնվումէնրթիկ,O,"O,O,O,O,O,O,O"
ցանոթ ս բարխուդարյանը երրորդտողում բազում բառից հետ կարդացել է տարիքս իւր վկսեկ,,ցանոթ,O,"O,O,O,O,O,O,O,O,O,O,O,O"
ս կարապետից մոտ մ հյուսիս ուրվագծվում են մաքրման աշխատանքներով բացահայտված երկու եկեղեցիների ավերակներ՝ մդդ միանավ բազիլիկ և ոդ ս ղազար քառախորան կառույցներ,,ս,O,"O,O,O,O,O,O,O,O,O,O,O,O,O,O,O,O,O,O,O,O,O,O"
հրատ զալալյանց ա ալիշան եիրակ,,հրատ,O,"O,O,O,O,O"
ե տեր մինասյանին հայտնի է եղել երաժշտի ևս մեկ գերեզման որը թ սեպտեմբերին տեսել է բյուրականի հին գերեզմանատանը աղցքի և բյուրականի միջնամասում,,ե,O,"O,O,O,O,O,O,O,O,O,O,O,O,O,O,O,O,O,O,O,O,O,O"
նախկինում օրթաքիլիսա ներկայիս մայիսյան գյուղը գտնվում է գյումրի քաղաքից կմ հեռավորության վրա,,նախկինում,O,"O,O,O,O,O,O,O,O,O,O,O,O"
ախուրյան գետ հգ ում,,ախուրյան,O,"O,O,O,O"
Քարաշեն բևեռին փորագրված հարկային արձանագրություն սահմանում է անցակետի վճարների ցանկը.,հարկային արձանագրություն ,Քարաշեն,O,"O,O,O,B-INSC,I-INSC,O,O,O,O,O"
եկեղեցին կիսով չափ քանդվել է թ երկրաշարժից,,եկեղեցին,O,"O,O,O,O,O,O,O"
թվականի վերագրումը հաջորդ արսէն ի վկայագրին,,թվականի,O,"O,O,O,O,O,O"
գայանե ս վանք վաղարշապատում գանձասար,,գայանե,O,"O,O,O,O,O"
տապանաքար օրորոցաձև արևելյան գերեզմանոցում հարավային նիստին տող,,տապանաքար,O,"O,O,O,O,O,O,O"
փակագծով սշված են փորագրողի բաց թողած պատիվ նշանով կամ առանց դրա,,փակագծով,O,"O,O,O,O,O,O,O,O,O,O,O"
Համայնքի հարուստն իր անունով թողել է Նվիրատվական արձանագրություն՝ հողամասի նվիրատվության մասին.,Նվիրատվական արձանագրություն ,Համայնքի,O,"O,O,O,O,O,O,B-INSC,O,O,O,O"
լմբատավանք ս ստեփանոս եկ հյ պատ արտ,,լմբատավանք,O,"O,O,O,O,O,O,O"
նոր կյանք ս գրիգոր լուսավորիչ եկ նծը շինարարական,,նոր,O,"O,O,O,O,O,O,O,O"
"Հուշարձանագետը հրապարակեց նոր Տապանագիր, որում հիշատակված է քարագործ Ավագի անունը և մահվան թվականը.",Տապանագիր ,Հուշարձանագետը,O,"O,O,O,O,O,O,O,O,O,O,O,O,O"
անունն անընթեռնելի մնացել են միայն,,անունն,O,"O,O,O,O,O"
սամուկ անեցիեւ շարունակողներ ժամանակագրութիւն նդամից մինչեւ թ աշխատ կ մաթեւոպանի երևան էջ,,սամուկ,O,"O,O,O,O,O,O,O,O,O,O,O,O"
"Գրական զեկույցում ընդգրկվեց Վերանորոգման, նորոգման արձանագրություն՝ անցած տարվա աշխատանքների մասին.","Վերանորոգման, նորոգման արձանագրություն ",Գրական,O,"O,O,O,B-INSC,I-INSC,O,O,O,O,O"
աւագտիկին հիշատակված է բագնայրի վանքի մի նվիրագրում,նվիրագիր,աւագտիկին,O,"O,O,O,O,O,O,O"
վահրամ պահլավունի իշխանաց իշխան սպարապետ կառուցող սարմաշենի վանքի,,վահրամ,O,"O,O,O,O,O,O,O,O"
Արխիվում պահպանվեց թղթային շղարշով պատված հիշատակագրային վիմագիր լուսանկարների շարք.,հիշատակագրային վիմագիր ,Արխիվում,O,"O,O,O,O,O,B-INSC,I-INSC,O,O"
Լուսանկարչական ալբոմում ամբողջ էջ է հատկացված այս գեղեցիկ տապանաքարային վիմագիր լուսաբանմանը.,տապանաքարային վիմագիր ,Լուսանկարչական,O,"O,O,O,O,O,O,O,O,B-INSC,I-INSC,O"
պատերի մեջ ագուցել են խաչքարեր ու քանդակազարդ քարերի բեկորներ,,պատերի,O,"O,O,O,O,O,O,O,O,O"
ծանոթ հովհաննեսը առաջնորդէ եղել թվերից,,ծանոթ,O,"O,O,O,O,O"
մակարավանք արևի ժամացույց եկեղեցու հարավային որմին,,մակարավանք,O,"O,O,O,O,O,O"
Համեմատական աղյուսակում առանձին տող է հատկացված այս եկեղեցաշինական արձանագրություն յուրահատկություններին.,եկեղեցաշինական արձանագրություն ,Համեմատական,O,"O,O,O,O,O,O,O,B-INSC,I-INSC,O"
պեմզաշեն ձորավորաց եկ հյ պատ արտ,,պեմզաշեն,O,"O,O,O,O,O,O"
որոնելով եիրակում համապատասխան տեղանուն ղ ալիշանի նիրակ աշխատության էջում գտանք քաթ անունով գյուղատեղ,,որոնելով,O,"O,O,O,O,O,O,O,O,O,O,O,O,O"
արչանագիր քար գտնված թ պեղումների ընթացքում տող,,արչանագիր,O,"O,O,O,O,O,O,O"
հ եղիազարյան սարմաշենի վանքը և նրա վիմագրությունները էջմիածին ե էջ,վիմագրությունները,հ,O,"O,O,O,O,O,O,B-INSC,O,O,O,O,O,O,O,O,O,O,O,O,O"
Սեմինարում ուսումնասիրվեց Գմբեթային արձանագրություն՝ որպես բարձրադիր գրվածքի օրինակ.,Գմբեթային արձանագրություն ,Սեմինարում,O,"O,O,B-INSC,O,O,O,O,O"
արք աց լա ը յիշան հիրա ս ախիրաքյ իանինս մ,,արք,O,"O,O,O,O,O,O,O,O,O,O"
"Քարանձավի պատերին պահպանվել է Պատկերագիր, որտեղ տեսանելի են սրբապատկերային դրվագներ և մակագրություն.",Պատկերագիր ,Քարանձավի,O,"O,O,O,O,O,O,O,O,O,O,O,O"
ժամանակով մոտ է նախորդներին,,ժամանակով,O,"O,O,O,O"
Արխիվում գտանք Ժամատան արձանագրություն՝ թվագրված 1690-ականներով.,Ժամատան արձանագրություն ,Արխիվում,O,"O,O,B-INSC,O,O,O"
ա բարխուդարյան նշվ աշխ էջ,,ա,O,"O,O,O,O,O"
հրատ ալալյանց ա ալիշան նիրակ գէորգեանց եղիազարյան էջմիածին բ,,հրատ,O,"O,O,O,O,O,O,O,O,O"
ատեր ստեփանյան վիմագրերը սատենադարանի ձեռագրերում վարձք,վիմագրերը,ատեր,O,"O,O,B-INSC,O,O,O,O,O,O,O,O,O"
գրիգոր վարդապետ առաջնորդ հառիճավանքի,,գրիգոր,O,"O,O,O,O"
վահրամը շինողն է նաև սարմաշենի վանքի՝ թթ զեղջել է նաև սաստարա գյուղի հարկը,,վահրամը,O,"O,O,O,O,O,O,O,O,O,O,O,O,O"
Ալբոմի վերջում տպագրվեց հիշատակագիր՝ լուսանկարների աղբյուրների թվարկումով.,հիշատակագիր ,Ալբոմի,O,"O,O,O,O,O,O,O"
մրենի վիմագրերն առավել ամբողջական ուգրեթե դիվանյան սկզբունքներին համապատասխան թ հրատարակվեցին հուշարձանագետ սամվել կարաատասիրությամբ,,մրենի,O,"O,O,O,O,O,O,O,O,O,O,O,O,O"
Հարկահավաքի նամակին կցված է հարկային արձանագրություն՝ նշված ամսաթվով և ստորագրությամբ.,հարկային արձանագրություն ,Հարկահավաքի,O,"O,O,O,O,B-INSC,O,O,O,O,O"
ծանոթ արծանագրությունը վատ էպահպանվել ըստ այդմ էլ բավական տարընթերցումներ կան սույնև նախորդ վերծանություններում,,ծանոթ,O,"O,O,O,O,O,O,O,O,O,O,O,O,O"
մարմաշենի համալիրը ավելի վաղ պատմություն ունի պարզապես զարգացում ու ծաղկում է ապրել պահլավունիների օրոք,,մարմաշենի,O,"O,O,O,O,O,O,O,O,O,O,O,O,O,O"
նախորդ հրատարակչի վերծանության մեջ կան մի շարք տարընթերցումներ որոնցից մի քանիսի հետ մենք համածայն ենք լուսսւորչի բառից հետո հինգերորդ տողի անորոշ տառերը մելքոնյանը կարդացել է աթոռն ի տր սարգիս հաջորդ,,նախորդ,O,"O,O,O,O,O,O,O,O,O,O,O,O,O,O,O,O,O,O,O,O,O,O,O,O,O,O,O,O,O,O"
լոռի մարզ հհ ում,,լոռի,O,"O,O,O,O"
Թարգմանվեց հունարենից Կանոնագիր՝ հավելյալ ծանոթագրություններով.,Կանոնագիր ,Թարգմանվեց,O,"O,O,O,O,O"
հազրկան պատարագ է ստացել հակոբյան թադևոս,,հազրկան,O,"O,O,O,O,O,O"
Պեղումների օրագրում արձանագրվեց երկրորդ կառուցողական արձանագրություն՝ կապված գավիթի ընդարձակման հետ.,կառուցողական արձանագրություն ,Պեղումների,O,"O,O,O,O,B-INSC,O,O,O,O,O"
"Տեղաբնակները պատմեցին, որ հյուսիսային դարպասի Դռնագիր մի անգամ վերագրվել է նոր քարով.",Դռնագիր ,Տեղաբնակները,O,"O,O,O,O,O,B-INSC,O,O,O,O,O,O"
Հնավայրի հարավային եզրում արձանագրվեց փոքր ծավալի վիմական արձանագրություն՝ փորված սխալ ուղղությամբ.,վիմական արձանագրություն ,Հնավայրի,O,"O,O,O,O,O,O,B-INSC,O,O,O,O"
գասպարյան ռուբեն գաւրգ հիշատակված է փակագրի ձևով գէորգ առաջնորդ հոգեվանքի,փակագիր արձանագրություն,գասպարյան,O,"O,O,O,O,O,O,O,O,O,O"
Թանգարանի ցուցադրությունում ներկայացված է Վերաօծման արձանագրություն՝ լուսանկարներով և մեկնաբանություններով.,Վերաօծման արձանագրություն ,Թանգարանի,O,"O,O,O,O,B-INSC,O,O,O,O"
"Հին տաճարի սրտում պահպանվել է Եկեղեցու արձանագրություն, որտեղ թվարկվում են նվիրատուները և վարդապետները.",Եկեղեցու արձանագրություն ,Հին,O,"O,O,O,O,O,B-INSC,O,O,O,O,O,O,O"
տաճարի պատերին պահպանված են ընդամենը չորս արձանագրություն որոնցից երկուսը հրատարակվում են առաջին անգամ թէ գրչությամբ և թէ լեզվի առումով դրանք չեն փայլում բայց կարևոր են բուն իսկ հուշարձանի անվան և վայրի անունների հայտնաբերման տեսանկյունից,,տաճարի,O,"O,O,O,O,O,O,O,O,O,O,O,O,O,O,O,O,O,O,O,O,O,O,O,O,O,O,O,O,O,O,O,O,O,O"
ս աստվածային եկեղեցի հյուսիսային պատին խաչաթևին արտաքուստ տող,,ս,O,"O,O,O,O,O,O,O,O"
եահանշահի անունը թեական է վերծանված սակայն եթե այն ճի շտ է ապա հավանորեն անիում իշխող զաքարյան եահնշահ ս ն է,,եահանշահի,O,"O,O,O,O,O,O,O,O,O,O,O,O,O,O,O,O,O,O,O,O"
հնարավոր ենք գտնում վկայագիրը կարդալ տիրիկ ձխաչս ձայս կանկնեցի տիրկո կամ տիկնո,,հնարավոր,O,"O,O,O,O,O,O,O,O,O,O,O,O"
Գիտաժողովում ներկայացվեց Թագավորական արձանագրություն՝ տեսաբանական մեկնությամբ.,Թագավորական արձանագրություն ,Գիտաժողովում,O,"O,O,B-INSC,O,O,O"
Տեղաբնակը կարդաց Նվիրատվական արձանագրություն և մեկնաբանեց անծանոթ կրճատումները.,Նվիրատվական արձանագրություն ,Տեղաբնակը,O,"O,O,B-INSC,I-INSC,O,O,O,O"
տաճարի մեջ բեկոր դ արձանագրության սարմաշեն գլխավոր րի խաա ա գլխավոր տաճարի մեջ բեկոր արձանագրության սարմաշեն գլխավոր ո խոված մարմաշեն գլխավոր տաճարի մեջ բեկոր դ արձանագրության հատված,,տաճարի,O,"O,O,O,O,O,O,O,O,O,O,O,O,O,O,O,O,O,O,O,O,O,O,O,O,O,O,O"
թ թորամանյանը թ սեպտեմբեր ամսին այցելելով մարմաշենի վանք իր նոթերում անդրադառնալով վերոհիշյալ երկու տապանաքարերին գրում է գյուղացի ձերերի պատմելով այս գյուղից նկատի,,թ,O,"O,O,O,O,O,O,O,O,O,O,O,O,O,O,O,O,O,O,O,O,O,O"
խաչի ձոր խաչադրոշմ ժայռաբեկոր ողը թվագիր,,խաչի,O,"O,O,O,O,O,O"
հրատ սխիթարյանց տեղագրութիւն ալիշան եիրակ գէորգեանց բասմաջյան հաաբմ,,հրատ,O,"O,O,O,O,O,O,O,O"
վիմագրերը մեզ չհաջողվեց տեղում տեսնել քանի որ թանգարանն այլևս չի գործում իսկ քարերն ի թիվս այլ ցուցանմուշների տեղափոխել են հայաստանի պատմության թանգարան,,վիմագրերը,O,"O,O,O,O,O,O,O,O,O,O,O,O,O,O,O,O,O,O,O,O,O,O"
Արխիվի ցուցանիշում ընդգրկվեց կանոնաիրավական արձանագրություն՝ թվագրված 15-րդ դարով.,կանոնաիրավական արձանագրություն ,Արխիվի,O,"O,O,O,B-INSC,O,O,O,O"
ծանոթ չնայած նրան որ տապանաքարին հայոց նղդ թվականն է այդուհանդերձ քարի ձենու տառերի հնագրական առանձնահատկությունները հուշում են որ այն հարազատ է թերևս դարին այսինքն հաշվի են առել ննջեցյալ վահրամ պահլավունու նշանավոր ու պատմական անձլինելու հանգամանքը և նոր տապանաքար են կանգնեցրել այդ մասին է վկայում նաև քարի հյուսիսային նիստի միատող արձանագրությունը ինչը հենց փաստում է տեղում եղած կոթողի նորոգման մասին,,ծանոթ,O,"O,O,O,O,O,O,O,O,O,O,O,O,O,O,O,O,O,O,O,O,O,O,O,O,O,O,O,O,O,O,O,O,O,O,O,O,O,O,O,O,O,O,O,O,O,O,O,O,O,O,O,O,O,O,O,O,O,O,O"
վերջին երկուբառերը մանր տառերով հավանաբար ավելացված են հետագայում,,վերջին,O,"O,O,O,O,O,O,O,O"
ծանոթ վեցերորդ տողի մեծ մասը եղծված է,,ծանոթ,O,"O,O,O,O,O,O,O"
որտեղից այգի է նվիրաբերվել սարմաշենի վանքին,,որտեղից,O,"O,O,O,O,O,O"
միայն ալիշանը դրանցից չորսի թվական պարունակող առաջին տողերն է հաղորդել շիրակ,,միայն,O,"O,O,O,O,O,O,O,O,O,O,O"
սանահին ավան և համանուն վանք լոռիում,,սանահին,O,"O,O,O,O,O,O"
սայիսյան տիրանավոր եկ արձանագիր քար ոսղթ ս աստվածածին յոթ վերք եկ աե պատ արտ հառիճավանք ս աստվածածին եկ աե պատ արտ ոյէ,,սայիսյան,O,"O,O,O,O,O,O,O,O,O,O,O,O,O,O,O,O,O,O,O,O,O,O"
Պեղումների նոր հատվածում բացվեց երկրորդ Դամբարանային արձանագրություն՝ կարմիր քարից.,Դամբարանային արձանագրություն ,Պեղումների,O,"O,O,O,O,O,B-INSC,O,O,O"
յամաքձոր սահմանային տեղավայր յիցք գյուղ որը նվիրաբերվել է լմբատավանքին ու ուջան գյուղ արագածոտնում,,յամաքձոր,O,"O,O,O,O,O,O,O,O,O,O,O,O,O"
յովսէփ աւագ քահանա կոստանեանց նորոգող հառիճավանքի,,յովսէփ,O,"O,O,O,O,O,O"
Վերականգնման փորձարարական ծրագրով փորձարկվեց պետրոգլիֆ մակերեսի մաքրում առանց քիմիայի.,պետրոգլիֆ ,Վերականգնման,O,"O,O,O,O,B-INSC,O,O,O,O"
Զանգակատան արձանագրություն պահպանվել է աշտարակի ներքին պատին՝ հիշատակելով զանգերի ձուլման տարիները.,Զանգակատան արձանագրություն ,Զանգակատան,B-INSC,"B-INSC,I-INSC,O,O,O,O,O,O,O,O,O"
արչանագրված եինաքար գերեզմանոցի եկեղեցու ավերակներում տող,,արչանագրված,O,"O,O,O,O,O,O"
սեծանուն հայագետ վիմագրագետ սեդրակ բարխուդարյանի արխիվում պահպանվել է հեղինակի կազմած դիվան հայ վիմագրության նիրակի տարածաշրջանի արձանագրություններն ընդգրկող ձեռագիր պրակը և դաշտային օրագիրը,,սեծանուն,O,"O,O,O,O,O,O,O,O,O,O,O,O,O,O,O,O,O,O,O,O,O,O"
Հետազոտական արշավի ընթացքում գտնվեց պետրոգլիֆ՝ կողքին պարզ այդրվագներով.,պետրոգլիֆ ,Հետազոտական,O,"O,O,O,O,O,O,O,O"
Վերականգնման թիմը մաքրեց Ժամատան արձանագրություն՝ օգտագործելով չեզոքացնող նյութեր.,Ժամատան արձանագրություն ,Վերականգնման,O,"O,O,O,B-INSC,O,O,O,O"
ծանոթ ըստ տապանագրի հանգուցյալներն են տամպատն ու աւթախը որոնք վախճանվել են պատերազմի ժամանակ,,ծանոթ,O,"O,O,O,O,O,O,O,O,O,O,O,O,O"
Վերականգնման ընթացքում մաքրագործվեց սևացած Որմնագիր՝ աղյուսապատ սալի վրա.,Որմնագիր ,Վերականգնման,O,"O,O,O,O,O,O,O,O"
ալեքսանդրապոլ սև բերդ բերդ ամրոց գյումրիում,,ալեքսանդրապոլ,O,"O,O,O,O,O,O"
ս գեվորգ եկեղեցի արևմտյան խաչաթնի հարավ արևմուտք նայող կամարի վերին մասում արտաքուստ տող,,ս,O,"O,O,O,O,O,O,O,O,O,O,O,O,O"
Հնագիտական հաշվետվությունում ընդգրկվեց երկու Նվիրատվական արձանագրություն՝ տարբեր դարերից.,Նվիրատվական արձանագրություն ,Հնագիտական,O,"O,O,O,O,B-INSC,O,O,O"
վանքի առաջնորդ սովսեսի նույնպես միակ,,վանքի,O,"O,O,O,O,O"
կարեն սաթևոսյան առիճի վանքը ժգ դարի սկզբին էջմիածին ա էջ,,կարեն,O,"O,O,O,O,O,O,O,O,O,O"
հրատ աշ մանուչարյան եպաժ,,հրատ,O,"O,O,O,O"
այնուհետև գավառն անցել է կամսարական նախարարական տանը իսկ դարավերջին՝ աստիճանաբար հզորացող և արդեն թ թագավորական խույրով օծ,,այնուհետև,O,"O,O,O,O,O,O,O,O,O,O,O,O,O,O,O,O,O"
հրատ եահխաթունյանց մխիթարյանց հառիճ ալիշան եիրակ գէորգեանց,,հրատ,O,"O,O,O,O,O,O,O"
ծանոթ պարզ հասկացվումէմիայն եկեղեցու մոտ ջուր բերելու հանգամանքը,,ծանոթ,O,"O,O,O,O,O,O,O,O"
Արաքսի վերնահոսքում հայտնաբերված ժայռապատկեր ընդգրկվեց ազգային ցուցակում որպես առանձնահատուկ արժեք.,ժայռապատկեր ,Արաքսի,O,"O,O,O,B-INSC,O,O,O,O,O,O"
հայագիտական հետազոտություններ պրակա երևան է,,հայագիտական,O,"O,O,O,O,O"
"Համադրական աղյուսակը ներառում է երեք Վերանորոգման, նորոգման արձանագրություն տարբեր վայրերից.","Վերանորոգման, նորոգման արձանագրություն ",Համադրական,O,"O,O,O,O,O,B-INSC,I-INSC,I-INSC,O,O"
տապանաքար օրորոցածև հարավային նիստին չափածո տող,,տապանաքար,O,"O,O,O,O,O,O"
տէր մինասյան էջմիածին ա գագիկ հառիճեցի,,տէր,O,"O,O,O,O,O,O"
Թանգարանի ցուցասրահում ներկայացվեց Պատուհանագիր՝ վերականգնված ելուստներով.,Պատուհանագիր ,Թանգարանի,O,"O,O,O,O,O,O"
այս համատեքստում աւթախ բառը ս ավագյանը մեկնում է ընկեր ընկերակից պաշտոնակից վաճառական իմաստներով ս ավագյան վաբ ջ,,այս,O,"O,O,O,O,O,O,O,O,O,O,O,O,O,O,O,O,O"
"Արևմտյան դարապոսի տակ պահպանվել է տապանաքարային վիմագիր, որը ներառում է նաև նվիրատվական կոչ.",տապանաքարային վիմագիր ,Արևմտյան,O,"O,O,O,O,O,B-INSC,O,O,O,O,O,O,O"
Մատյանի հավելվածում տպագրվեց նորահայտ Խաչքարային արձանագրություն՝ պատկերաքանդակի ներկայացմամբ.,Խաչքարային արձանագրություն ,Մատյանի,O,"O,O,O,O,B-INSC,O,O,O"
ամասիա շրջան հայկ խսյ ում,,ամասիա,O,"O,O,O,O,O"
ե տեր սինապան էջմիածին ս ե տեր մինասյան հառիճա վանքի արձանագրությունների առթիվ էջմիածին ա,,ե,O,"O,O,O,O,O,O,O,O,O,O,O,O,O,O"
Մեծ դարպասի վերևում պահպանվել է Դռնագիր՝ նշված կառուցողի անունով.,Դռնագիր ,Մեծ,O,"O,O,O,O,O,O,O,O,O"
գյուղում կան բազմաթիվ մատուռ սրբատեղեր որոնցից մեկում գտնվում է վաղմիջնադարյան քառանիստ կոթողի երկուպատվանդան շրջանի մեջ ներառվածհավասարաթև խաչերովու բուսական զարդաքանդակներով,,գյուղում,O,"O,O,O,O,O,O,O,O,O,O,O,O,O,O,O,O,O,O,O"
ապլղարիպ եղբայր վահրամ պահլավունու հայոց մարզպան իշխանաց իշխան որ բազում նվիրատվություններ է արել պեմզաշենի զորավորաց եկեղեցուն,,ապլղարիպ,O,"O,O,O,O,O,O,O,O,O,O,O,O,O,O,O,O"
արձանագրությունները հողմահարված լինելու պատճառով հին տեղագիրները չեն վերծանել,,արձանագրությունները,O,"O,O,O,O,O,O,O,O"
հոգեվանք ս կարապետեկ ոռ նվիրատվական,,հոգեվանք,O,"O,O,O,O,O"
Արխիվային հատորում տպագրվել է հիշատակագիր՝ կապված գրքի վերագրաձևման հետ.,հիշատակագիր ,Արխիվային,O,"O,O,O,O,O,O,O,O,O"
սուտքի առաջ թափված քարերից միջանցք են ստեղծել որի քարերից մեկն արձանագիր է,,սուտքի,O,"O,O,O,O,O,O,O,O,O,O,O,O"
Մատյանում ընթերցվում է կամարակապի Շինարարական արձանագրություն՝ պատվիրատու իշխանի անունով.,Շինարարական արձանագրություն ,Մատյանում,O,"O,O,O,O,B-INSC,O,O,O,O"
ծանոթ քարն այսօր գտնվում է նիրակի երկրագիտական թանգարանում,,ծանոթ,O,"O,O,O,O,O,O,O,O"
նիրակը պատմական հայաստանի այրարատ նահանգի հյուսիսային գավառներից է,,նիրակը,O,"O,O,O,O,O,O,O,O"
տապանագրերից մեկը որը գտնվում է թ թորամանյանի նշած անանուն մատուռի արևելյան կողմում մենք չենք տեսել ըստ այդմ լ օգտվեցինք նրա հրատարակությունից,,տապանագրերից,O,"O,O,O,O,O,O,O,O,O,O,O,O,O,O,O,O,O,O,O,O,O"
վարդապետ բառը գրված է վարդ առաջին երեք տառը փակագիր ըստ այդմ վարդապետ ի փոխարեն կարելի էկարդալ վսրդ,,վարդապետ,O,"O,O,O,O,O,O,O,O,O,O,O,O,O,O,O,O,O"
երերույքի տաճար խ պատ ներ իլատաինգրունյուն,,երերույքի,O,"O,O,O,O,O,O"
գավիթ արևելյան պատի հյուսիսային մասում տող,,գավիթ,O,"O,O,O,O,O,O"
աստվածածին ս եկեղեցի լանջիկ գյուղում,,աստվածածին,O,"O,O,O,O,O"
թ երկրաշարժից քանդվել է եկեղեցու գլանածև թմբուկով գմբեթը որը նորոգվել է ականներին,,թ,O,"O,O,O,O,O,O,O,O,O,O,O,O"
հ եղիազարյանը վերծանել է թուիս ն ես սատաթէս կանգնեցի,,հ,O,"O,O,O,O,O,O,O,O,O"
ծանոթ ապուղամը մագիստրոսը հայրն է անիի և ծիրակի արքեպիսկոպոս գրիգորի որը հիշատակված է բթ վիմագրերում,վիմագրերում,ծանոթ,O,"O,O,O,O,O,O,O,O,O,O,O,O,O,O,B-INSC"
սրձանաբրբուրյան վիրզում սկսվի և կիսատ և թոշնվել մի ուրիղը որը կար էի որնատիլ,,սրձանաբրբուրյան,O,"O,O,O,O,O,O,O,O,O,O,O,O,O"
եղիազարյան էջմիածին բ հ եղիազարյան լմբատավանքը և նրա արձանագրությունները էջմիածին բ,,եղիազարյան,O,"O,O,O,O,O,O,O,O,O,O,O"
"Թարգմանիչը գտավ փակագիր արձանագրություն, որը բացահայտում է չգրանցված նվիրատուի անունը.",փակագիր արձանագրություն ,Թարգմանիչը,O,"O,O,B-INSC,O,O,O,O,O,O,O"
Համայնքի եկեղեցում պահպանվել է ամբողջական Պատկերագիր՝ բազմաշերտ ընթերցմամբ.,Պատկերագիր ,Համայնքի,O,"O,O,O,O,O,O,O,O"
պայուննս պայունանս որի հիշատակին խաչ է քանդակվել,,պայուննս,O,"O,O,O,O,O,O,O"
եկեղեցին կենտրոնագմբեթ շենք է և կանգուն որից պրակում տեղ է գտել արձանագրություն,,եկեղեցին,O,"O,O,O,O,O,O,O,O,O,O,O,O"
ենթադրվում է թե այս եկեղեցին ևս տրդատ ճարտարապետի ձեռակերտն է,,ենթադրվում,O,"O,O,O,O,O,O,O,O,O,O"
Դաշտային քարտեզի հինգերորդ կետը վերաբերում է տվյալ Խաչքարային արձանագրություն տեղակայությանը.,Խաչքարային արձանագրություն ,Դաշտային,O,"O,O,O,O,O,O,O,B-INSC,I-INSC,O"
սիայն գետեզերքի մասն է մնացել շինությունների պատճառով,,սիայն,O,"O,O,O,O,O,O,O"
Համադրական աղյուսակում Ապահարկման արձանագրություն դասակարգվեց որպես վարչական աղբյուր.,Ապահարկման արձանագրություն ,Համադրական,O,"O,O,B-INSC,I-INSC,O,O,O,O"
այս իրավիճակին դաշտային օրագրում մասամբ անդրադառնում է ս բարխուդարյանը ամասիայի և ղուկասյանի շրջանները տարօրինակորեն զուրկ են այժմ որևէ միջնադարյան հուշարձանից,,այս,O,"O,O,O,O,O,O,O,O,O,O,O,O,O,O,O,O,O,O,O,O"
այժմ ս գրիգոր լուսավորիչ եկեղեցին ներառնվածէ գյուղի մեջ շրջապատված բնակելի տներով,,այժմ,O,"O,O,O,O,O,O,O,O,O,O,O"
յաղագս սակաւ լինելոյ զաւրաց նորա դավթի խմբ առ բազմութեամբ զաւրացն գագկայ այլ միջնորդութեամբ հայրապետին տեառն սարգսի եկն ի հնազանդութիւն գագկայ արքայի և հանդիպեցաւ նմա յաւանն շիրակայ,,յաղագս,O,"O,O,O,O,O,O,O,O,O,O,O,O,O,O,O,O,O,O,O,O,O,O,O,O,O,O"
արձանագրության բեկոր տող,,արձանագրության,O,"O,O,O"
հյուսիսային նիստին տող ի տապան նորոգէյակ,,հյուսիսային,O,"O,O,O,O,O,O"
ծանոթ ե տեր մինասյանը իր նշյալ հոդվածում մանրամասն անդրադառնում էհանգուցյալի կյանքինու գործունեությանը հիմք ընդունելով թ ալեքսանդրապոլում հրատարակված հառիճայի վանական ընկերության հիշատակարանն ու հաշիվը գիրքը,,ծանոթ,O,"O,O,O,O,O,O,O,O,O,O,O,O,O,O,O,O,O,O,O,O,O,O,O,O"
եկեղեցու ներսի որմնամույթերը մշակված են որձնախրձերով ավագ խորանը՝ որմնախորշերով նման անիի ճարտարապետությանը իսկ արտաքուստ հայկական խորշեր ով,,եկեղեցու,O,"O,O,O,O,O,O,O,O,O,O,O,O,O,O,O,O,O"
արձանագիրքար սահակյան գևորգի բակում կառուցված մատուռի մուտքի դիմաց տող,,արձանագիրքար,O,"O,O,O,O,O,O,O,O,O"
համարում եմ դ կեսերին գրված որովհետև դրանից առաջ եղած արձանագրությունների մեջ այլ առաջնորդներ են հիշատակված և վանքի համար կատարվել են նվիրատվություններ զաքարեի կողմից հետևաբար գմբեթն այդ ժամանակ վնասված չի եղել,,համարում,O,"O,O,O,O,O,O,O,O,O,O,O,O,O,O,O,O,O,O,O,O,O,O,O,O,O,O,O,O,O,O"
Թանգարանի ցուցափեղկում ներկայացված է Եկեղեցու արձանագրություն՝ թվագրված 1007 թվականով.,Եկեղեցու արձանագրություն ,Թանգարանի,O,"O,O,O,O,B-INSC,O,O,O,O"
բուն համալիրն ըստ էության հիմնադրել է իշխանաց իշխան և հայոց սպարապետ վահրամ պահլավունին որն ըստ գլխավոր տամարի հարավային պատի ընդարձակ արձանագրության թթ կառուցել է կաթողիկե եկեղեցին և այլ շինություններ ու վանքին նվիրել գյուղեր այգիներ անիում տներ ու կրպակներ արձ,,բուն,O,"O,O,O,O,O,O,O,O,O,O,O,O,O,O,O,O,O,O,O,O,O,O,O,O,O,O,O,O,O,O,O,O,O,O,O,O,O,O,O"
այս արծանագրությունը միակն է ուր առկա են կցագրեր,,այս,O,"O,O,O,O,O,O,O,O"
Գրքի վերջում առկա է Մատենագիտական արձանագրություն՝ գրիչի և մանրանկարիչի հիշատակով.,Մատենագիտական արձանագրություն ,Գրքի,O,"O,O,O,O,B-INSC,O,O,O,O,O"
արթիկ քաղաքը և նրաշրջակայքը միջնադարյան գայաստանի հատկապես վաղ շրջափուլի հուշարծձաններով հարուստ բնակավայրերից է որտեղ պահպանվել են քաղաքամիջի ս սարիամ աստվածածին միախորան եռախորան խաչաձև թ մդդ ևս գրգ մաստարայատիպ ոմոդ եկեղեցիները երկուսն էլ կիսավեր իսկ քաղաքից քիչ հարավ բլրի վրա վեր է խոյանում լմբատավանքի ս ստեփանոս գմբեթավոր եկեղեցին ոդ,,արթիկ,O,"O,O,O,O,O,O,O,O,O,O,O,O,O,O,O,O,O,O,O,O,O,O,O,O,O,O,O,O,O,O,O,O,O,O,O,O,O,O,O,O,O,O,O,O,O,O,O,O"
յակոբ դաւթեանց բանդիվան գյուղի հիմնադիրներից,,յակոբ,O,"O,O,O,O,O"
"Կոթողի ստորոտին փորագրված է Հուշագիր, որտեղ հիշատակված է հաղթանակի տարեթիվը.",Հուշագիր ,Կոթողի,O,"O,O,O,O,O,O,O,O,O,O"
այս դեպքում կարելի է ենթադրել որ կյուրիկյաններից բռնագրավված հողերից բաժին է հանվել կաթողիկոսությանը որը և հետագայում իբրև հայրենի տիրույթ վերադարծվել է գուրգենի որդիներին,,այս,O,"O,O,O,O,O,O,O,O,O,O,O,O,O,O,O,O,O,O,O,O,O,O,O"
վիմագրից դատելով շինարարական աշխատանքներին օժանդակել է նաև տեղի հասարակությունը,,վիմագրից,O,"O,O,O,O,O,O,O,O,O"
Գիտական զեկույցում ներկայացվեց սյունային արձանագրություն՝ շինարարների անուններով.,սյունային արձանագրություն ,Գիտական,O,"O,O,O,B-INSC,O,O,O"
Հովտի եզերքին հայտնաբերվեց ուշ շրջանի տապանաքարային արձանագրություն՝ հայկական և պարսկերեն տեքստերով.,տապանաքարային արձանագրություն ,Հովտի,O,"O,O,O,O,O,B-INSC,O,O,O,O,O"
լմբատավանք ս ստեփանոս եկ ավագ խորան ներ ողա նվիրատվական որմնանկարի ծեփին,,լմբատավանք,O,"O,O,O,O,O,O,O,O,O,O,O"
եօթն վիրաց ս աստուածածնի պատկերս հասանդալայի վանքից բերուեցաւ թուին հառիճու վանքը զլայնլլայթեան պօղոս ծ վարդապետի ձեռքով ին ներսէսե կաթողիկոսի հրամանով այնտեղից տարուեցաւ ս էջմիածին որտեղից ին տեղափոխուեցաւ աղէքսանդրապօլ եւ ամփոփուեցաւ այս ս ալստուայծածնի աւագ եկեղեցում ուր մնում է մինչեւ օրս իբրեւ բարեխօս եւ պաշտպան հաւատացողների ուստի եւ մենք միշտ աղաղակում ենք մի դադարիր վասն մեր բարեխոսել քրիստոսի մայր այ մերոյ,,եօթն,O,"O,O,O,O,O,O,O,O,O,O,O,O,O,O,O,O,O,O,O,O,O,O,O,O,O,O,O,O,O,O,O,O,O,O,O,O,O,O,O,O,O,O,O,O,O,O,O,O,O,O,O,O,O,O,O,O,O,O,O,O"
Մատուռի արևմտյան պատին գտնվեց Եկեղեցու արձանագրություն՝ գրված գեղագիր մեծատառերով.,Եկեղեցու արձանագրություն ,Մատուռի,O,"O,O,O,O,B-INSC,O,O,O,O"
Տեխնիկական զեկույցում նշվեց Գմբեթային արձանագրություն տեղակայությունը՝ գութանափողի մոտ.,Գմբեթային արձանագրություն ,Տեխնիկական,O,"O,O,O,B-INSC,I-INSC,O,O,O"
ս գրիգոր եկեղեցի հարավային պատին արտաքուստ նախորդի ներքնում կամարին,,ս,O,"O,O,O,O,O,O,O,O,O"
Հին մատյանի մեջ կա Օրհնագիր՝ գրված կարմիր գլխատառերով և ոսկեգույն ներկով.,Օրհնագիր ,Հին,O,"O,O,O,O,O,O,O,O,O,O,O"
ս աստվածածին եկեղեցի հարավային խաչաթևի արանքում մնացած խորանի վրա տող,,ս,O,"O,O,O,O,O,O,O,O,O,O"
ա գրիգոր եկեղեցի արևելյան պատի վերին մասում արտաքուստ տող,,ա,O,"O,O,O,O,O,O,O,O,O"
եղիազարյան էջմիածին ե հ եղիազարյան սարմաշենի վանքը և նրա վիմագրությունները էջմիածին ե,,եղիազարյան,O,"O,O,O,O,O,O,O,O,O,O,O,O"
անասուն արդիւնք բաժին հոգո ընծա իրեր կիրսն հալալ ինչք հոգոյ տուր,,անասուն,O,"O,O,O,O,O,O,O,O,O,O,O"
գ գաւառացն արարատայ աշխ ա տեր ստեփանյանի ս էջմիածին էջ,,գ,O,"O,O,O,O,O,O,O,O,O,O"
Հուշարձանային ճարտարապետը հրապարակեց Տաղավարի արձանագրություն՝ մանրամասն նկարագրությամբ.,Տաղավարի արձանագրություն ,Հուշարձանային,O,"O,O,O,B-INSC,O,O,O"
գրիգոր բշտկա թոռ նվիրատու լմբատավանքի,,գրիգոր,O,"O,O,O,O,O"
"Թանգարանում բացվեց ցուցադրություն, որտեղ ներկայացվեց մեկ հազվագյուտ Նվիրատվական արձանագրություն.",Նվիրատվական արձանագրություն ,Թանգարանում,O,"O,O,O,O,O,O,O,B-INSC,O"
"Գրախոսը շեշտեց, որ այս Գավիթային արձանագրություն կարևոր է դարավորման համար.",Գավիթային արձանագրություն ,Գրախոսը,O,"O,O,O,O,B-INSC,I-INSC,O,O,O,O"
կաթողիկե եկեղեցի կամ գլխավոր տաճար ինչպես արդեն նշվեց վանքի առաջին ու գլխավոր շինությունն է կառուցված վահրամ պահլավունու կողմից,,կաթողիկե,O,"O,O,O,O,O,O,O,O,O,O,O,O,O,O,O,O,O,O"
ծանոթ արձծանագրությունը փորագրված է կարմրավուն ուղղանկյունածև քարին՝ դարին հատուկ անվարժ գրչությամբ,,ծանոթ,O,"O,O,O,O,O,O,O,O,O,O,O"
հետագայում որոշ փատռո արել նիկողայոս մառը իսկ հովսեփ օրբելին հնարավորինս ամբողջացրել ու հատուկ քն ի ան առել դրանք արձ,,հետագայում,O,"O,O,O,O,O,O,O,O,O,O,O,O,O,O,O,O,O,O,O"
այտնի է բնակավայրում գտնվող ս գրիգոր լուսավորիչ քարայր ուխտատեղին իր հրաշք հորդառատ աղբյուրով,,այտնի,O,"O,O,O,O,O,O,O,O,O,O,O,O,O"
հառիճավանք ս գրիգորեկ հվ պատ արտ կիրարիսկան հառիճավանք ս գրիգրր եկ իվ պատ արտ անկան իակաթիր,,հառիճավանք,O,"O,O,O,O,O,O,O,O,O,O,O,O,O,O,O,O"
բաշտ երկրաշարժ վարորդ վարաետ մկեղացւեեան տուերի և տբորբ հիշատակությւններ վերակացու անդրէ առաքեալ վիմագրագետ անտոն ս տանուտեր տանատէր առաքելոց մ տեղագիր աստուածածին ս տէր տէրութիւն բագոսի տաւն,,բաշտ,O,"O,O,O,O,O,O,O,O,O,O,O,O,O,O,O,O,O,O,O,O,O,O,O,O,O,O"
հրատարակիչները թվականը նշել են նչէ,,հրատարակիչները,O,"O,O,O,O,O"
գէորգեանց ալ մանուչարյան հեվ,,գէորգեանց,O,"O,O,O,O"
գերեզմանոցում կան նաև դդ խաչքարեր,,գերեզմանոցում,O,"O,O,O,O,O"
գոգիս ագարակ բագարանում որը նվիրաբերվել է սարմաշենի վանքին,,գոգիս,O,"O,O,O,O,O,O,O,O"
Տեղական ավանդությունը ևս հիշում է մի Շինարարական արձանագրություն՝ սյունաշարի կառուցման մասին.,Շինարարական արձանագրություն ,Տեղական,O,"O,O,O,O,O,O,B-INSC,O,O,O,O"
հառիճավանք ս աստվածածինեկ դդ արձանագրության հվ պատ արտ հատված հառիճավանք ս աստվածածին եկ ոռ արձանագրության հվ պատ արտ հատված,,հառիճավանք,O,"O,O,O,O,O,O,O,O,O,O,O,O,O,O,O,O,O,O,O"
խաչթար սև տուֆից կանգնեցված եկեղեցու արևելյան կողմում գիրը խաչաթևերի արանքում տող,,խաչթար,O,"O,O,O,O,O,O,O,O,O,O,O"
Վերականգնումից առաջ կատարվեց Գմբեթային արձանագրություն մակերեսի լազերային սկանավորում.,Գմբեթային արձանագրություն ,Վերականգնումից,O,"O,O,O,B-INSC,I-INSC,O,O,O"
ադուհանդերձ նկատառելով նույն նվիրատուի նախորդ վկայագրում ի լ յարդթ ը կարծում ենք խոսքը արդք տեղանվան մասին է պրում արգևած,,ադուհանդերձ,O,"O,O,O,O,O,O,O,O,O,O,O,O,O,O,O,O,O,O,O"
ծանոթ այս նույն սիմեռնը նվերներէ արել նան հոգեվանքին թվակիր խմբական արձանագրության մեջ արձ խմբ,,ծանոթ,O,"O,O,O,O,O,O,O,O,O,O,O,O,O,O"
վահագն գրիգորյան հայաստանի վաղ միջնադարյան կենտրոնագմբեթ փոքր հուշարծանները էջ,,վահագն,O,"O,O,O,O,O,O,O,O,O"
տապանաքար ուղղանկյունաձև վրան հովվապետական գավազան տող,,տապանաքար,O,"O,O,O,O,O,O"
Քարտեզագրման թիմը թվագրեց Պատկերագիր՝ ըստ ներկանյութի վերլուծության արդյունքների.,Պատկերագիր ,Քարտեզագրման,O,"O,O,O,O,O,O,O,O"
վերջինս վկայագրերը թվագրում է մոտավորապես ական թթ,,վերջինս,O,"O,O,O,O,O,O,O"
մարզկենտրոն գյումրի քաղաքից վաղ արձանագրություններ մեզ չեն հասել ուստի իբրև նմուշ ներառել ենք դ երկու արձանագրություն որոնց հաջորդում են մարզի վիմագրակիր հուշարձաններն ըստ աշխարհագրական դասավորվածության սկսելով ծայր հարավից՝ անիպեմզա երերույք,,մարզկենտրոն,O,"O,O,O,O,O,O,O,O,O,O,O,O,O,O,O,O,O,O,O,O,O,O,O,O,O,O,O,O,O,O"
Գյուղական դամբարանում պահպանվել է Տապանագիր՝ կառուցվածքի ճակատի ստորին շարքերում.,Տապանագիր ,Գյուղական,O,"O,O,O,O,O,O,O,O,O"
կառույցի որմերին պահպանվել են դ վիմագրեր որոնցից մեկն ունի պատմական որոշակի հետաքրքրություն հարկ համարեցինք դրանք զետեղել պրակում,վիմագրեր,կառույցի,O,"O,O,O,O,O,B-INSC,O,O,O,O,O,O,O,O,O,O,O,O,O,O,O,O,O,O,O,O,O,O,O,O,O,O,O,O"
մարմաշեն հուշարձան տարեգիրք բ երևան էջ,,մարմաշեն,O,"O,O,O,O,O,O"
մեր ձեռքի տակ է մեծ երախտավոր թ թորամանյանի կատարած թ լուսանկարը որի վրա նույն վիճակն է արտահայտված,,մեր,O,"O,O,O,O,O,O,O,O,O,O,O,O,O,O,O,O,O"
Արձանագրության գրականության մեջ հաճախ է հիշատակվում այս Խաչքարային արձանագրություն՝ որպես օրինակելի նմուշ.,Խաչքարային արձանագրություն ,Արձանագրության,O,"O,O,O,O,O,O,O,B-INSC,O,O,O,O"
մարիամ թագուհի հայոց և մփխազաց դուստը սենեքերիմի նվիրատու սարմաշենի վանքի,,մարիամ,O,"O,O,O,O,O,O,O,O,O,O"
դվինի ճակատամարտում թ զոհված վահրամ պահլավունին հանգչում է կաթողիկե եկեղեցու արևմտյան կողմում երքեմնի գոյություն ունեցած գավթում,,դվինի,O,"O,O,O,O,O,O,O,O,O,O,O,O,O,O,O,O"
վանստանի դ վիմագրերից մեկում վկայված է աւթախ հովհաննեսը,,վանստանի,O,"O,O,O,O,O,O,O,O"
հայտնի է որ սահմուդը աբդուլ գամիդ իի որդին էր հետևաբար միգուցե հոր անվան հիշողությամբ փորագրիչը սխալմամբ վկայակոչել է աբդուլ ամիդ իին,,հայտնի,O,"O,O,O,O,O,O,O,O,O,O,O,O,O,O,O,O,O,O,O,O,O"
գէորգեանց եղիազարյան էջմիածին ա քյուրտյան բազմավէա գագիկ հառիճեցի,,գէորգեանց,O,"O,O,O,O,O,O,O,O"
Տիրատան բակում պահպանվում է Եկեղեցու արձանագրություն՝ սրբապատկերային զարդանախշերով.,Եկեղեցու արձանագրություն ,Տիրատան,O,"O,O,O,O,B-INSC,O,O,O"
աղբյուրագիտական հույժ կարևորություն ունեցող շինարարական նվիրատվական արձանագրությունը նախ և առաջ ուշագրավ է այն առումով որ հստակ սահմանում է վահրամ պահլավունու նախաձեռնությամբ գլխավոր եկեղեցու ապա վանքի մյուս եկեղեցիների կառուցման ժամանակահատվածը այն է հիմնադրումն սկսվել է հայոց նևէ թվականին և ավարտին հասել հայոց թվին,,աղբյուրագիտական,O,"O,O,O,O,O,O,O,O,O,O,O,O,O,O,O,O,O,O,O,O,O,O,O,O,O,O,O,O,O,O,O,O,O,O,O,O,O,O,O,O,O,O"
Ձեռագրատետրում նշված է Պատկերագիր՝ որպես սրբապատկերի կողքի գրություն.,Պատկերագիր ,Ձեռագրատետրում,O,"O,O,O,O,O,O,O,O"
դդ եկեղեցուն արևմուտքից կցվել է նաև գավիթ որը մեզ է հասել ավերակ վիճակում,,դդ,O,"O,O,O,O,O,O,O,O,O,O,O,O,O"
սարակապ ս աստվածածին եկ ոռդ հիշատակագրություն հվ պատ արտ,,սարակապ,O,"O,O,O,O,O,O,O,O,O"
նախկինում մուսլուխլի մուսլուղլու և նման այլ անուններով հայտնի ներկայիս լանջիկ գյուղը գտնվում է սարալիկի տարածաշրջանում մարզկենտրոնից կմ հեռավորության վրա,,նախկինում,O,"O,O,O,O,O,O,O,O,O,O,O,O,O,O,O,O,O,O,O"
Իրավագետները համադրեցին կանոնաիրավական արձանագրություն քաղաքային խորհուրդների որոշումների հետ.,կանոնաիրավական արձանագրություն ,Իրավագետները,O,"O,O,B-INSC,I-INSC,O,O,O,O"
առանց կարեւոր տարբերութեան,,առանց,O,"O,O,O"
անտոն քվերորդի սահակի հիշատակված է աշոտ որդի սմբատ եահանշահի,,անտոն,O,"O,O,O,O,O,O,O,O,O"
աշ սանուչարյան պմժ աշ մանուչարյան խաչի ձորի վիմագրերը ծիրակի պատմամշակութային ժառանգությունը միջազգային ութերորդ գիտական նստաշրջանի նյութեր գյումրի,,աշ,O,"O,O,O,O,O,O,O,O,O,O,O,O,O,O,O,O,O"
լմբատավանք ս ստեփանոս եկ աե պատ արտ ռ նվիրատվական,,լմբատավանք,O,"O,O,O,O,O,O,O,O,O"
հմաւաւեոա ո ութաթ րտ,,հմաւաւեոա,O,"O,O,O,O"
գավիթ քառասյուն տիպի այս կառույցը կից էս աստվածածին եկեղեցունար էիշխան վահրամ հեմուպը դ առաջին կեսին հովհաննես վարդապետի առ նակ,,գավիթ,O,"O,O,O,O,O,O,O,O,O,O,O,O,O,O,O,O,O,O,O"
դարի սկզբների բավական հայտնի հասարակական մշակութային գործիչներից է եղել է ալեքսանդրապոլի բարենպատակ ընկերության հիմնադիր անդամ,,դարի,O,"O,O,O,O,O,O,O,O,O,O,O,O,O,O,O"
"Պահպանության նախագծում առանձին բաժին է նվիրված Վերանորոգման, նորոգման արձանագրություն վերծանմանը.","Վերանորոգման, նորոգման արձանագրություն ",Պահպանության,O,"O,O,O,O,O,O,B-INSC,I-INSC,I-INSC,O"
Մուտքի աջ կողմի բարձր լուսամուտի տակ պահպանվել է Պատուհանագիր՝ փոքր տառերով.,Պատուհանագիր ,Մուտքի,O,"O,O,O,O,O,O,O,O,O,O,O"
"Համայնքի խորհուրդը հրապարակեց հարկային արձանագրություն, որը կարգավորում էր գինու վաճառքի տուրքերը.",հարկային արձանագրություն ,Համայնքի,O,"O,O,O,B-INSC,O,O,O,O,O,O,O"
ալիշան նիրակ գէորգեանց պակասավոր,,ալիշան,O,"O,O,O,O"
կամարի քար գավթում խաչապատկերի վերին անկյուններում տող,,կամարի,O,"O,O,O,O,O,O,O"
կարծում ենք նաև սրանով է պայմանավորվում արևմտյան նիրակի պատմաճարտարապետական տարաբնույթ հուշարձանների բազմաքանակությունը,,կարծում,O,"O,O,O,O,O,O,O,O,O,O,O,O"
միջնադարյան հուշարձաններ գյուղում գրեթե չկան կենտրոնում է գտնվում թ կառուցված ս հռիփսիմե եռանավ բազիլիկ եկեղեցին,,միջնադարյան,O,"O,O,O,O,O,O,O,O,O,O,O,O,O,O,O"
վերջինս մենք ևս նկատեցինք սակայն վերծանությունը շարունակում է մնալ պայմանական նկ բ,,վերջինս,O,"O,O,O,O,O,O,O,O,O,O,O,O"
ղիշան եիրակ է նույնի այրարատ բնաշխարհ հայաստանեայց վենետիկ էջ,,ղիշան,O,"O,O,O,O,O,O,O,O,O"
վապարսամյան հայ ազատագրական շարժումների պատմությունից երևան էջ,,վապարսամյան,O,"O,O,O,O,O,O,O"
գավիթ արևելյան պատին ներքուստ տող,,գավիթ,O,"O,O,O,O,O"
սեր հայրն ճժե,,սեր,O,"O,O,O"
Գիտական հոդվածում քննարկվում է հարկային արձանագրություն և նրա սոցիալական ազդեցությունները համայնքների վրա.,հարկային արձանագրություն ,Գիտական,O,"O,O,O,O,B-INSC,I-INSC,O,O,O,O,O,O"
սա բշտիկ անձնանվան մեզ հայտնի միակ վկայությունն է,,սա,O,"O,O,O,O,O,O,O,O"
Գիտաժողովում ներկայացվեց Ապահարկման արձանագրություն՝ որպես սոցիալ-տնտեսական հիշատակ.,Ապահարկման արձանագրություն ,Գիտաժողովում,O,"O,O,B-INSC,O,O,O,O"
կլոր հատակագծով քառախորան եկեղեցի ամալիրի հարավարևմտյան կողմում թթ հնագիտական պեղումների ընթացքում բացվել են կլոր հատակագծով չորս ավանդատներով քառախորան գմբեթավոր եկեղեցու մնացորդները,,կլոր,O,"O,O,O,O,O,O,O,O,O,O,O,O,O,O,O,O,O,O,O,O,O"
պրակի ձեռագիր տեքստին մերօրյա միջամտությունների էությունը հետկյալում է,,պրակի,O,"O,O,O,O,O,O,O,O"
վարդէնէ մայր աստուածատուրի պատարագ է ստացել,,վարդէնէ,O,"O,O,O,O,O,O"
"Ուսումնասիրությունների արդյունքում պարզվեց, որ այս եկեղեցաշինական արձանագրություն վերաբերում է խորանի ընդարձակմանը.",եկեղեցաշինական արձանագրություն ,Ուսումնասիրությունների,O,"O,O,O,O,O,B-INSC,I-INSC,O,O,O,O"
ծանոթ օրբելին ինչպես և մենք այս և հաջորդ վիմագրերը տեղում չենք նկատել ուստի ներկայացնում ենք կ բասմաջյանի վերծանությունները,վիմագրերը,ծանոթ,O,"O,O,O,O,O,O,O,O,B-INSC,O,O,O,O,O,O,O,O,O"
"Գրախոսը նկատեց, որ այս եկեղեցաշինական արձանագրություն ունի եզակի տառագլուխներ.",եկեղեցաշինական արձանագրություն ,Գրախոսը,O,"O,O,O,O,B-INSC,I-INSC,O,O,O"
մարմաշեն խ գերեզմանոց խաչքար հիշատակագրություն մարմաշեն հյ եկ դիմաց մարմաշեն գլխավոր տաճարի մեջ բեկոր,,մարմաշեն,O,"O,O,O,O,O,O,O,O,O,O,O,O,O,O"
"Հնավայրը քարտեզագրվեց, և նշվեցին երեք Ապարանքների շինարարական արձանագրություններ տարբեր պատերին.",Ապարանքների շինարարական արձանագրություններ ,Հնավայրը,O,"O,O,O,O,O,B-INSC,I-INSC,I-INSC,O,O"
մեջ հավասարաթև խաչի վերին անկյուններում տող,,մեջ,O,"O,O,O,O,O,O"
բանդիվան ամրոցի ներքին գերեզմանոց ոսձզ,,բանդիվան,O,"O,O,O,O,O"
դրանց ներքևի մի մեծ քարի վրա մնացել է տողից շատ մաշված արձանագրություն,,դրանց,O,"O,O,O,O,O,O,O,O,O,O,O,O"
Պատմաբանը հրապարակեց Ապարանքների շինարարական արձանագրություններ՝ ուղեկցված հատակագծերով.,Ապարանքների շինարարական արձանագրություններ ,Պատմաբանը,O,"O,O,B-INSC,I-INSC,O,O,O"
տապանակի տաւն եկեղեցի վանք,,տապանակի,O,"O,O,O,O"
Քաղաքապետարանի նախագծային գրասենյակը ներկայացրեց միջնադարյան Շինարարական արձանագրություն՝ ջրատարը կառուցելու մասին.,Շինարարական արձանագրություն ,Քաղաքապետարանի,O,"O,O,O,O,O,B-INSC,O,O,O,O"
ս բարխուդարյանը սրանք թվագրում է դարով,,ս,O,"O,O,O,O,O,O"
ծանոթ այս տապանագրի հատկապես թվականի եղիազարյանական վերծանությանն անդրադարձել է երվանդ տեր մինասյանը,,ծանոթ,O,"O,O,O,O,O,O,O,O,O,O,O,O"
այն հրատարակության պատրաստողները ձգտել են առավել հարազատ մնալ դիվանակազմության բարխուդարյանական սկզբունքներին ու մեթոդներին,,այն,O,"O,O,O,O,O,O,O,O,O,O,O,O,O"
հայկական ճարտարապետության անիի դպրոցի լավագույն կառույցներից սարմաշենի վանքը գտնվում է նիրակի մարզի վահրամաբերդ գյուղից մ հարավ արևմուտք ախուրյան գետի ձծախ ափին աբել արք մխիթարյանցի նկարագրմամբ մարմաշէն անուանեալ հոյակապեկեղեցին շինեալ յափն ախուրեան գետոյ ի նիրակ ի վահրամայ պահլաւունւոյ յընդարձակ ձորամիջին ի տափարակ վայրի ի հիւսիսոյ արևմտից մերձ ի շրջապատ լերինսն տայոց գաւառի,,հայկական,O,"O,O,O,O,O,O,O,O,O,O,O,O,O,O,O,O,O,O,O,O,O,O,O,O,O,O,O,O,O,O,O,O,O,O,O,O,O,O,O,O,O,O,O,O,O,O,O,O,O,O,O"
գրիգոր պատարագ է ստացել գրիգոր պատարագ է ստացել գրիգոր պատարագ է ստացել,,գրիգոր,O,"O,O,O,O,O,O,O,O,O,O,O,O"
ապրիլին բռնկվում է նաև ռուս թուրքական պատերացմը բալկանյան և կովկասյան ռազմաճակատներով,,ապրիլին,O,"O,O,O,O,O,O,O,O,O,O,O"
ծանոթ եկեղեցու որմերին առկա են վարպետների տարածև նշաններ որոնցից մի քանիսը հանդիպում են բազմաթիվ այլ հուշարծաններում,,ծանոթ,O,"O,O,O,O,O,O,O,O,O,O,O,O,O,O,O,O"
Թանգարանի պահոցում պահպանվում է հին Շինարարական արձանագրություն՝ կիսատ տողերով և մաշված եզրերով.,Շինարարական արձանագրություն ,Թանգարանի,O,"O,O,O,O,O,B-INSC,O,O,O,O,O,O"
ա նեան եկեղեցի հյուսիսային դռան վերնամասում արտաքուստ ագուցված օնիքսե սալին տող,,ա,O,"O,O,O,O,O,O,O,O,O,O,O"
նոր կյանք գյուղի ս գրիգոր լուսավորիչ եկեղեցին արևմուտքից,,նոր,O,"O,O,O,O,O,O,O,O"
Արծաթագույն լույսի տակ երևում են այս հիշատակագրային վիմագիր մանրագույն փորագրությունները.,հիշատակագրային վիմագիր ,Արծաթագույն,O,"O,O,O,O,O,O,B-INSC,I-INSC,O,O"
հետազոտողները տարբեր առիթներով ուշադրության են արժանացրել նաև արևմտյան շիրակի վիմագրառատ հուշարձանները սրեն հոռոմոս տեկոր արջոառիճ խծկոնք և այլն,,հետազոտողները,O,"O,O,O,O,O,O,O,O,O,O,O,O,O,O,O,O,O,O"
հրատ գ նալբանդյան հուշարծձան,,հրատ,O,"O,O,O,O"
թբ հ հայերէն բացատրական բառարան հ չորրորդ կազմեց ստ սալխասեանց երևան,,թբ,O,"O,O,O,O,O,O,O,O,O,O,O"
տնկի հիշատակվածէ տոմէ վարդապետ գրիչ տրդատ ճարտարապետ,,տնկի,O,"O,O,O,O,O,O,O"
Դաշտային քարտեզը նշում է երկու սյունային արձանագրություն՝ տարբեր կողմերում.,սյունային արձանագրություն ,Դաշտային,O,"O,O,O,O,O,B-INSC,O,O,O"
Միջնադարյան քաղաքում գտնված հարկային արձանագրություն ցուցադրում է շուկայի տուրքերի չափաբաժինները.,հարկային արձանագրություն ,Միջնադարյան,O,"O,O,O,B-INSC,I-INSC,O,O,O,O,O"
եկեղեցին ներքուստ խաչածև անկյուններում ավանդատներով կենտրոնագմբեթ կառույց է հարազատ դդ,,եկեղեցին,O,"O,O,O,O,O,O,O,O,O,O"
"Ուսանողական խումբը ուսումնասիրեց ժայռապատկեր, համադրելով մոտակա հուշարձանների հետ.",ժայռապատկեր ,Ուսանողական,O,"O,O,O,O,O,O,O,O"
գուսիկ մելքոնյան դարի վիմագրեր նոր կյանք գյուղից լէրաբեր հաս գիտ թ էջ,,գուսիկ,O,"O,O,O,O,O,O,O,O,O,O,O,O"
գյուղական գերեզմանոցում առկա են դդ բազմաթիվ տապանաքարեր հիմնականում արձանագրված որոնցից երկուսը չնայած դարի են նպատակահարմար գտանք զետեղել պրակում,,գյուղական,O,"O,O,O,O,O,O,O,O,O,O,O,O,O,O,O,O,O,O"
ժայոաբեկոր խաչանեանով հիմնախաչի շուրջը տող,,ժայոաբեկոր,O,"O,O,O,O,O"
տ ոաւմ երլանջ գլսավոր տաճարի հարավարևեյան կրղմում հարավային նիստին տող,,տ,O,"O,O,O,O,O,O,O,O,O,O"
ք թ դ երկրորդկեսին գևորգ դ կոստանդնուպոլսեցի կաթողիկոսի օրոք ևս վանքում բարենորոգչական ու կառուցողական աշխատանքներ են տարվել թ կառուցվել է վանքի սեղանատունը ապա տնտեսական միաբանական ու օժանադակ այլ շինություններ հյուրատուն կաթողիկոսական ամառանոց դպրոց և այլն,,ք,O,"O,O,O,O,O,O,O,O,O,O,O,O,O,O,O,O,O,O,O,O,O,O,O,O,O,O,O,O,O,O,O,O,O,O,O"
պաւղոս պետրոսի տաւն նինարարության հիշատակություն պետրոս ս,,պաւղոս,O,"O,O,O,O,O,O,O"
Հուշարձանագետը ցույց տվեց աղյուսակի վրա եղած նվիրագիր և առաջարկեց ընթերցման այլ տարբերակ.,նվիրագիր ,Հուշարձանագետը,O,"O,O,O,O,O,O,B-INSC,O,O,O,O,O"
Աղյուսակում ընդգրկվեց Զանգակատան արձանագրություն՝ որպես շինարարական հիշատակների տեսակ.,Զանգակատան արձանագրություն ,Աղյուսակում,O,"O,O,B-INSC,O,O,O,O,O"
հարկեր որոնցից չորրորդ տողում ամբողջական և անկասկած մնացել են հարսնէհակ և շարիաթ բառերը,,հարկեր,O,"O,O,O,O,O,O,O,O,O,O,O,O,O"
Արվեստաբանը համադրեց երեք Թագավորական արձանագրություն՝ տարբեր արքայատոհմերից.,Թագավորական արձանագրություն ,Արվեստաբանը,O,"O,O,O,B-INSC,O,O,O"
ված բագրատունիներին որոնց քաղաքական տնտեսական շինարարական ակտիվ գործունեության շնորհիվ գավառը հատկապես նստոց անին մեծ զարգացում է ապրել,,ված,O,"O,O,O,O,O,O,O,O,O,O,O,O,O,O,O,O,O"
սարմաշեն արձանագիր քարաբեկոր ոռդ նվիրատվական,,սարմաշեն,O,"O,O,O,O,O"
սիոն ս եկեղեցի սմակարավանք պեմզաշենում,,սիոն,O,"O,O,O,O,O"
ծանոթ գրված էնույն գրչի ձեռքով ժամանակակից է նախորդին,,ծանոթ,O,"O,O,O,O,O,O,O,O"
վիմագրերի առաջին հրատարակիչ ս ջզալալյանցն այս վանքից նախկինում հրատարակել է արծանագրություն ղ լիշանը ս գորգյանցը եղիազարյանը վիմագիր հրատարակել է վիմագրագետ ալ սանուչարյանը ևս արձանագրություն հիշատակում է թ թորամանյանը,Վիմագիր,վիմագրերի,O,"O,O,O,O,O,O,O,O,O,O,O,O,O,O,O,O,O,O,O,O,O,O,O,O,O,O,O,O,O,O,O,O,O,O,O,O,O,O,O,O,O,O,O,O,O,O,O,O,O,O,O,O,O,O,O,O"
ո եի մունեգի այլա,,ո,O,"O,O,O,O"
պրակի հրատարակմամբ պայմանավորված՝ դաշտային աշխատանքները հետապնդում էին մի քանի նպատակ,,պրակի,O,"O,O,O,O,O,O,O,O,O,O"
Արխիվում պահվում է Վերաօծման արձանագրություն՝ վարդապետի ստորագրությամբ և օրհնությամբ.,Վերաօծման արձանագրություն ,Արխիվում,O,"O,O,O,B-INSC,O,O,O,O,O"
"Տեքստի եզրին նշված է, որ այս Ապահարկման արձանագրություն վերաբերում է միայն այգեգործներին.",Ապահարկման արձանագրություն ,Տեքստի,O,"O,O,O,O,O,O,B-INSC,I-INSC,O,O,O,O"
առաջին հայացքից ընթեռնելի թվացող վիմագրում մի շարք հատվածներ կիսեղծ են և խիստ դժվար վերծանելի ըստ այդմ հատկապես գրչագրի և վերծանության վերջին երեք տողերում առկա են պայմանականութեականբառերևտառակապակցություններ,Վիմագիր,առաջին,O,"O,O,O,O,O,O,O,O,O,O,O,O,O,O,O,O,O,O,O,O,O,O,O,O,O,O"
Համայնքային միջոցառման ընթացքում ընթերցվեց հիշատակագրային վիմագիր՝ հասարակության առաջ.,հիշատակագրային վիմագիր ,Համայնքային,O,"O,O,O,O,B-INSC,O,O,O"
տապանաքար ուղղանկյուն սալ վանքի հյուսիսային գերեզմանոցում տող,,տապանաքար,O,"O,O,O,O,O,O,O"
Տեղական ինքնակառավարման մարմինը հաստատեց Հուշակոթողային արձանագրություն պահպանության ծրագիրը.,Հուշակոթողային արձանագրություն ,Տեղական,O,"O,O,O,O,B-INSC,I-INSC,O,O"
մեծ հետաքրքրություն է ներկայացնում մեր դիտարկմամբ վիմագրերում առաջին անգամ հանդիպող արդիւնարար բառեզրը որը մեկնաբանվում է երկրագործ մշակ վաստակաւոր ժիր և փոյթ ի գործ հասարակած եղև այր արդիւնարար նբհ հ էջ,Վիմագիր,մեծ,O,"O,O,O,O,O,O,O,O,O,O,O,O,O,O,O,O,O,O,O,O,O,O,O,O,O,O,O,O,O,O,O,O,O,O,O,O,O,O,O,O,O,O,O,O,O,O,O,O,O,O,O,O,O,O,O,O,O,O,O,O"
մա իչ վեր ընթեռնելի ո թվագիրը որ,,մա,O,"O,O,O,O,O,O,O"
"Արխիվներն ընդգրկեցին լուսանկարահանումներ, որտեղ երևում է նույն Դամբարանային արձանագրություն տարբեր անկյուններից.",Դամբարանային արձանագրություն ,Արխիվներն,O,"O,O,O,O,O,O,O,B-INSC,I-INSC,O,O"
նախատեսված է պատմաբանների վիմագրագետների հնագետների և միջնադարյան հայաստանի պատմության ուսումնասիրությամբ զբաղվողների համար,,նախատեսված,O,"O,O,O,O,O,O,O,O,O,O,O,O"
Բերդի արևելյան պատի վրա պահպանվել է Շինարարական արձանագրություն՝ թվագրված 1236 թվականին.,Շինարարական արձանագրություն ,Բերդի,O,"O,O,O,O,O,O,B-INSC,O,O,O,O"
ներկա տապանագիրն ըստէության փաստումէայսանձնանվան վաղագույն հիշատակությունը,,ներկա,O,"O,O,O,O,O,O"
փեղամբար ը ծագում է պարսկերենից և նշանակում է պատգամաւոր մարգարէ բ ի էջ,,փեղամբար,O,"O,O,O,O,O,O,O,O,O,O,O,O,O"
հրատ գր աղանյան եպսժ,,հրատ,O,"O,O,O,O"
ուշագրավէհատկապեսարևելյանպատիարտաքինհարդարանքը՝ պսակված զաքարե և իվանե զաքարյան իշխանների կտիտորական քանդակով,,ուշագրավէհատկապեսարևելյանպատիարտաքինհարդարանքը՝,O,"O,O,O,O,O,O,O,O,O"
եշինության վրա դ սարգիս ճոնը մատուռ է կառուցել,,եշինության,O,"O,O,O,O,O,O,O,O"
Վանքի բակում գտնվող բաց տաղավարում պահպանվել է Տաղավարի արձանագրություն՝ սյունակիր կառուցվածքի մասին.,Տաղավարի արձանագրություն ,Վանքի,O,"O,O,O,O,O,O,O,B-INSC,O,O,O,O"
գեղիազարյանի մոտ բացակայում է դստերն նրջզիսին բառակապակցությունը,,գեղիազարյանի,O,"O,O,O,O,O,O,O"
տողատման կամ շեղ գծով նշված են բնագրի տողերի սահմանները,,տողատման,O,"O,O,O,O,O,O,O,O,O"
տապանաքար ուղղանկյուն օրորոցածև հարավային նիստին տող,,տապանաքար,O,"O,O,O,O,O,O,O,O,O,O,O,O"
ալ մանուչարյանի վերծանությունը բավական թերի է բացակայում է շինարար նվիրատուի կնոջ սարաւթայի անունը այգի բառից հետո կարդացել է յառուտ զգոմ ղուանին այլն,,ալ,O,"O,O,O,O,O,O,O,O,O,O,O,O,O,O,O,O,O,O,O,O,O,O"
ս գեվորգեկեղեցի հարավային պատին արևելյան պատուհանի կամարին տող,,ս,O,"O,O,O,O,O,O,O,O"
առկա են նաև ս և ո գլխատառերը որոնք ըստ ամենայնի կառուցող վարպետների անվան սկզբնատառերն են,,առկա,O,"O,O,O,O,O,O,O,O,O,O,O,O,O,O,O"
սակայն ամենակարևոր հայտնագործությունը վերաբերում է վերջին բառին որը հատորիս կազմողը համարում է անհասկանալի,,սակայն,O,"O,O,O,O,O,O,O,O,O,O,O,O,O"
քաղաքի վաղագույն վիմագրական ժառանգությունն ամփոփում է դ երկրորդ կեսն ու նախորդ դարասկիզբը դրանք հիմնականում եկեղեցիների ու բնակելի որոշ տների վրա պահպանված հիշատակագրություններ են,,քաղաքի,O,"O,O,O,O,O,O,O,O,O,O,O,O,O,O,O,O,O,O,O,O,O,O,O"
ներկա հատորում լմբատավանքից ներկայացված է արձանագրություն հրոնցից ը հրատարակվում են առաջին անգամ,,ներկա,O,"O,O,O,O,O,O,O,O,O,O,O,O"
Հուշարձանագետը հրապարակեց Զանգակատան արձանագրություն՝ նշված վարպետների անուններով.,Զանգակատան արձանագրություն ,Հուշարձանագետը,O,"O,O,B-INSC,O,O,O,O"
քաթք քաթ գյուղ որը շնորհվել է պեմզաշենի զորավորաց եկեղեցուն,,քաթք,O,"O,O,O,O,O,O,O,O,O"
"Վերակառուցումից հետո բացահայտվեց Պատուհանագիր, որը հիշատակում է նոր ծածկի կառուցումը.",Պատուհանագիր ,Վերակառուցումից,O,"O,O,O,O,O,O,O,O,O,O"
նոր կյանք ս գրիգոր լուսավորիչ եկ ն կանոնաիրավական,,նոր,O,"O,O,O,O,O,O,O,O"
հատ աշ սանուչարյան,,հատ,O,"O,O,O"
Գրական նկարագրության մեջ օգտագործվեց պետրոգլիֆ՝ որպես հնավոր խորհրդանիշ.,պետրոգլիֆ ,Գրական,O,"O,O,O,O,O,O,O,O"
"Արխիվում գտնվեց Զանգակատան արձանագրություն՝ կիսատ տողով, որտեղ նշված է նոր զանգի նվիրատուն.",Զանգակատան արձանագրություն ,Արխիվում,O,"O,O,B-INSC,O,O,O,O,O,O,O,O,O"
կարմիրվանքեկեղեցի արևձտյան պատիհյուսիսային անկյունում նորոգումների ժամանակ հարմարեցված բեկորներ արձանագրության մնացորդներով տող,,կարմիրվանքեկեղեցի,O,"O,O,O,O,O,O,O,O,O,O,O"
Համայնքի խորհրդի գրառումներում հիշատակվում է Ապահարկման արձանագրություն և դրա իրագործման ընթացքը.,Ապահարկման արձանագրություն ,Համայնքի,O,"O,O,O,O,O,B-INSC,I-INSC,O,O,O,O"
Ձեռագրատան պահակը տեղեկացրեց փակագիր արձանագրություն առկայության մասին նուրբ լուսավորությամբ էջի վրա.,փակագիր արձանագրություն ,Ձեռագրատան,O,"O,O,O,B-INSC,I-INSC,O,O,O,O,O,O"
թ գյումրին և նրա շրջակայքը միացվել են ռուսաստանին իսկ թթ ռուս թուրքական պատերազմի ռուսների հաղթանակով ավարտն էլ ավելի էխթանել նրա բարգավածմանը,,թ,O,"O,O,O,O,O,O,O,O,O,O,O,O,O,O,O,O,O,O,O,O,O"
ծանոթ ե տառերը փոքրատառ են,,ծանոթ,O,"O,O,O,O,O"
լմբատավանք ս ստեփանոսեկ ռդ նվիրատվական,,լմբատավանք,O,"O,O,O,O,O"
Հրապարակման հավելվածում տպագրվեց Գմբեթային արձանագրություն՝ ընթերցման երկու տարբերակով.,Գմբեթային արձանագրություն ,Հրապարակման,O,"O,O,O,B-INSC,O,O,O,O"
ինչպես երևում էհենց այդ մուտքն էլ հնում եղել է հիմնականը,,ինչպես,O,"O,O,O,O,O,O,O,O,O,O"
նիկօլա դաւթեանց բանդիվան գյուղի հիմնադիրներից,,նիկօլա,O,"O,O,O,O,O"
ծանոթ կ բասմաջյանն այս տապանաքարը նույնպես չի նկատել տեքստը վերցրել է սխիթարյանցից որը վերծանել է այսպես այս է հանգիստ ղա րիփիս որդւոյ ապուղամրի,,ծանոթ,O,"O,O,O,O,O,O,O,O,O,O,O,O,O,O,O,O,O,O,O,O,O,O,O"
Մատենագիտական ցանկում ներառվեց նոր հայտնաբերված Որմնագիր՝ վիմագրական նշումներով.,Որմնագիր ,Մատենագիտական,O,"O,O,O,O,O,O,O,O"
հատ գագիկ հառիճեցի,,հատ,O,"O,O,O"
եկեղեցուց հարավ միջնադարյան գերեզմանոցն է որտեղ օրորոցածև և հարթ ուղղանկյունածև տապանաքարերից բացի պահպանվել են նաև խաչքարեր ու քառանիստ կոթողի պատվանդան,,եկեղեցուց,O,"O,O,O,O,O,O,O,O,O,O,O,O,O,O,O,O,O,O,O,O"
հրատ աշ սանուչարյան եպս,,հրատ,O,"O,O,O,O"
սերկեւլի լքված գյուղ արագածոտն գավառում,,սերկեւլի,O,"O,O,O,O,O"
ծանոթ խաչքարը սարգարե քարգործի ձեռակերտնէ իինչի մասին է վկայում վերջինիս բնորոշող կազմող բառը,,ծանոթ,O,"O,O,O,O,O,O,O,O,O,O,O,O,O"
Հուշարձանագետը փաստաթղթագրեց Հուշակոթողային արձանագրություն՝ բազալտե բազայի վրա.,Հուշակոթողային արձանագրություն ,Հուշարձանագետը,O,"O,O,B-INSC,O,O,O,O"
նիստանի գմբեթը պսակված է հովանոցածև վեղարով զարդարված փոքր ճակտոններով միմյանց հետ կապված կիսասյուների փնջերով,,նիստանի,O,"O,O,O,O,O,O,O,O,O,O,O,O,O,O"
գագիկ հառիմեցի գագիկ հառիճեցի հառիճ երևան,,գագիկ,O,"O,O,O,O,O,O"
եիկ եիկի հայր աստուածատուրի պատարագէ ստացել,,եիկ,O,"O,O,O,O,O,O"
ձայնութեամբ քնարս քաղցրաբարբառ,,ձայնութեամբ,O,"O,O,O"
հ օրբելին հրատարակել է այս վիմագիրն ընդգրկող շինաքարերից միայն մեկին պահպանված հատվածը,վիմագիրն,հ,O,"O,O,O,O,O,B-INSC,O,O,O,O,O,O"
Մատենագիտական ցանկում գրանցվեց ևս մեկ Գավիթային արձանագրություն՝ նոր ընթերցմամբ.,Գավիթային արձանագրություն ,Մատենագիտական,O,"O,O,O,O,O,B-INSC,O,O,O"
նախորդհրատարակիչը վերծանել է,,նախորդհրատարակիչը,O,"O,O,O"
այդ վիմագրերը վերջերս հրատարակվեցին մատենադարանի ավագ գիտաշխատող արմեն տեր ստեփանյանի աշխատասիրությամբ,վիմագրերը,այդ,O,"O,B-INSC,O,O,O,O,O,O,O,O,O,O,O,O,O,O,O,O,O,O,O,O"
Դասախոսը ներկայացրեց հիշատակագիր՝ որպես աղբյուրական եզակի փաստագրություն.,հիշատակագիր ,Դասախոսը,O,"O,O,O,O,O,O,O"
հայտնի է որ դ ական թթ ռուս թուրքական պատերազմից հետո կարսից գաղթած մի խումբ հայեր այստեղ բնակություն են հաստատում իսկ նույն դարավերջին սկրտիչ ա վանեցի խրիմյան կաթողիկոսը վանքում բարենորոգչական աշխատանքներ է ծավալում,,հայտնի,O,"O,O,O,O,O,O,O,O,O,O,O,O,O,O,O,O,O,O,O,O,O,O,O,O,O,O,O,O,O,O,O,O"
Անվտանգության շղարշի տակ պահպանվեց խոնավությունից տուժած Շինարարական արձանագրություն՝ գույնաթափ տառերով.,Շինարարական ընտրանրագրություն ,Անվտանգության,O,"O,O,O,O,O,O,B-INSC,O,O,O"
սողորիս գյուղ որը նվիրաբերվել է հառիճավանքին,,սողորիս,O,"O,O,O,O,O,O"
դպրատուն գտնվում է ս գրիգոր եկեղեցուց հարավ արևելք,,դպրատուն,O,"O,O,O,O,O,O,O,O"
ս կարապետյան մրենը և նրա հուշարձանները վարձք հուլիս սեպտեմբեր էջ,,ս,O,"O,O,O,O,O,O,O,O,O,O"
նորաշեն մուտուռի մեջ են գտնվում զույգ խաչ անունով հայտնի դդ խաչքարերը,,նորաշեն,O,"O,O,O,O,O,O,O,O,O,O,O"
Գերեզմանոցի հյուսիսային հատվածում գտնված քարից ընթերցվեց Տապանագիր՝ հարուստ օրհնության ձևակերպումներով.,Տապանագիր ,Գերեզմանոցի,O,"O,O,O,O,O,O,O,O,O,O"
որմնանկարի ծեփի վրա պահպանվել է նաև միատող փորագիր արձանագրություն,,որմնանկարի,O,"O,O,O,O,O,O,O,O,O"
"Սեմինարում ցուցադրվեց ձեռագրի մի էջ, որտեղ կա Շրջագիր ծածկագիր շատ փոքր տառերով.",Շրջագիր ծածկագիր ,Սեմինարում,O,"O,O,O,O,O,O,O,B-INSC,I-INSC,O,O,O"
գյուղը հարուստ է հնագիտական հուշարծաններով դամբարանադաշտերով ու գյուղատեղիներով,,գյուղը,O,"O,O,O,O,O,O,O,O"
շինության հատակագծային լուծումներն ընդհանրություններ ունեն ս գայանեի սրենի կաթողիկեի և ժամանակակից այլ հուշարծանների հետ ըստ այդմ էլ այն համարվում է երկայնական գմբեթավոր կառույցների լավագույն ու նախնական օրինակներից մեկը,,շինության,O,"O,O,O,O,O,O,O,O,O,O,O,O,O,O,O,O,O,O,O,O,O,O,O,O,O,O,O,O"
հրատ եղիազարյան էջմիածին բ,,հրատ,O,"O,O,O,O"
երկրորդ տողում հարցբառըմոռացվածելրացվածէհետո տողիցվերևմանրատառ այդպատճառովէլհրատարակիչները չեն նկատել,,երկրորդ,O,"O,O,O,O,O,O,O"
գլիձոր թաղամաս անիում որտեղից ջաղաց է տրվել հառիճավանքին,,գլիձոր,O,"O,O,O,O,O,O,O,O"
որը նվիրաբերվել է լմբատավանքին,,որը,O,"O,O,O,O"
դրանով իսկ այս որմնանկարը հանդիսանում է աստվածահայտնության տեսարանի պատկերագրական կառուցվածքի հայկական տարբերակ,,դրանով,O,"O,O,O,O,O,O,O,O,O,O,O,O"
նկատենք որ գմբեթարդի կենտրոնում գահակալ քրիստոսի պատկերն է որի միայն ստորին մասն էպահպանվել աջ և ձախ կողմում պատկերված են երկու քառակերպ մարդու եզան առյուծի և արծվի գլխով երկու վեցթևանի սերովբե և երկու զույգ հրե անիվներ,,նկատենք,O,"O,O,O,O,O,O,O,O,O,O,O,O,O,O,O,O,O,O,O,O,O,O,O,O,O,O,O,O,O,O,O,O,O,O,O"
թթ վերակառուցվել է գյումրիի ալեքսանդրապոլ սև բերդ բերդ ամրոցը որի ներսում թ կառուցվել է ս ալեքսանդրա եկեղեցին,,թթ,O,"O,O,O,O,O,O,O,O,O,O,O,O,O,O,O,O,O"
ջին հրատարակիչը մխիթարյան միաբան հ ներսես սարգիսյանն է,,ջին,O,"O,O,O,O,O,O,O,O"
"Վանքի սրահում պահպանվել է Վանական արձանագրություն, որտեղ թվարկվում են եղբայրության կանոնները.",Վանական արձանագրություն ,Վանքի,O,"O,O,O,O,B-INSC,O,O,O,O,O,O"
"Ձեռագրագետը համադրեց երկու Շրջագիր ծածկագիր՝ տարբեր ժամանակներից, բացահայտելով համակարգի զարգացումը.",Շրջագիր ծածկագիր ,Ձեռագրագետը,O,"O,O,O,B-INSC,O,O,O,O,O,O"
Գիտական հոդվածում վերլուծվեց Վանական արձանագրություն՝ որպես համայնքային ինքնակառավարման փաստաթուղթ.,Վանական արձանագրություն ,Գիտական,O,"O,O,O,B-INSC,O,O,O,O,O"
խութլուխաթուն հոռոմոսի վանքին է նվիրել եաւթա անունով գյուղը,,խութլուխաթուն,O,"O,O,O,O,O,O,O,O"
Մուտքի վերևում գտնվող Դռնագիր ավարտվում է օրհնությամբ և տարեթվով.,Դռնագիր ,Մուտքի,O,"O,O,O,B-INSC,O,O,O,O,O"
սայր ցուցակ հայերէն ձեռագրաց սաշտոցի անուան մատենադարանի հ դ կազմեցին աքեօշկերեան կ սուքիասեան քեօսէեան երևան էջ,,սայր,O,"O,O,O,O,O,O,O,O,O,O,O,O,O,O,O,O"
մեր այցի ժամանակ մենք այն չտեսանք քանի որ վերակառուցման ժամանակ քարը հավանաբար կորստյան էմատնվել,,մեր,O,"O,O,O,O,O,O,O,O,O,O,O,O,O,O"
եւագր որի որդու այգին գնել է ոմն մխիթարև հատկացրել հառիճավանքին,,եւագր,O,"O,O,O,O,O,O,O,O,O,O"
ոմն առյուծի հայր սխիթար ճոն հիշատակված է նաև արջոառիմի գավթի նվիրատվական վիմագրերից մեկում աշխարհբեկ քալանթար երջան տեկորի արշավախմբի էջ,վիմագրերից,ոմն,O,"O,O,O,O,O,O,O,O,O,O,O,B-INSC,O,O,O,O,O,O,O,O,O,O,O,O,O,O,O,O,O,B-INSC,I-INSC,O,O,O,O,O,O,O,O,O,O,O,O,O,O,O,O,O,B-INSC,O,O,O,O,O,O,O,O,O,O,O,O,O,O,O,O,O,O,O,O,O,O,O,O,O,O,O"
մեզ անհայտ պատճառով մարմաշենի վանքի և ձերծակայքի վիմագրերը տեղ չեն գտել ս բարխուդարյանի ձեռագիր ժողովածուում դրանք առկա չեն նաև դաշտային օրագրում,վիմագրերը,մեզ,O,"O,O,O,O,O,O,O,B-INSC,O,O,O,O,O,O,O,O,O,O,O,O,O,O,O,O,O,O,O,O,O,O,O,O,O,O,O,O,O,O,O,O,O,O"
հառիճում վանական կյանքը ծաղկում է ապրել դարում երբ զաքարե ամիրսպասալարը գնելով հառիճ գյուղն ու շրջակա հողերը նախաձեռնել է գլխավորս աստվածածին եկեղեցու կառուցումը որն ըստ շինարարական արծանագրության՝ ավարտել է թ արձ,,հառիճում,O,"O,O,O,O,O,O,O,O,O,O,O,O,O,O,O,O,O,O,O,O,O,O,O,O,O,O,O,O,O,O"
Թանգարանի մանկական ծրագրում ընդգրկվեց պետրոգլիֆ ճանաչման խաղ՝ ուսուցողական քարտերի միջոցով.,պետրոգլիֆ ,Թանգարանի,O,"O,O,O,O,B-INSC,O,O,O,O,O"
ծանոթ ս բարխուդարյանը թվականի միավորը կարդացել է դ մասամբ եղծված լինելու պատճառով չի կարդացել քահանայի անունը,,ծանոթ,O,"O,O,O,O,O,O,O,O,O,O,O,O,O,O,O,O"
թորամանյան նյութեր հայկական ճարտարապետության պատմության հ բ էջ,,թորամանյան,O,"O,O,O,O,O,O,O,O,O,O,O,O,O,O,O,O,O,O,O,O,O,O,O,O"
ա ստեփանոս եկեղեցի թմբուկի քառակուսի պատվանդանի հարավարևելյան անկյան հարավային որմին արտաքուստ անավարտ տող,,ա,O,"O,O,O,O,O,O,O,O,O,O,O,O,O"
Արխիվային ալբոմում եզակի է պահպանված լուսանկար՝ որտեղ տեսանելի է Դռնագիր նախքան վնասվելը.,Դռնագիր ,Արխիվային,O,"O,O,O,O,O,O,O,O,O,B-INSC,O,O"
ինչպես նկատում է ս հասրաթյանը եկեղեցին իր հորինվածքով նման է խծկոնքի վանքի ս սարգիս եկեղեցուն թթդ,,ինչպես,O,"O,O,O,O,O,O,O,O,O,O,O,O,O,O,O,O"
"Բազալտե սալին պահպանվել է հիշատակագրային վիմագիր, որը թվարկում է վանքի նորոգման բարերարներին.",հիշատակագրային վիմագիր ,Բազալտե,O,"O,O,O,O,B-INSC,O,O,O,O,O,O,O"
բասմաջյան աաբմ կ բասմաջեան հայերէն արձանագրութիւնք անւոյ բագնայրի եւ սարմաշինու պարիս,,բասմաջյան,O,"O,O,O,O,O,O,O,O,O,O,O"
անհրաժեշտության դեաքում թվային ծոտոխցիկներով լուսանկարել պրակում լուսանկար չունեցող կամ անորակ լուսանկարված վիմագրերը,վիմագրերը,անհրաժեշտության,O,"O,O,O,O,O,O,O,O,O,O,O,B-INSC"
դատելով առկա հատվածից՝ այստեղ մի շարքով և ողջ հասակով պատկերված են եղել քրիստոսի տասներկու առաքյալները,,դատելով,O,"O,O,O,O,O,O,O,O,O,O,O,O,O,O,O"
ս գեվորգ եկեղեցի արևմտյան պատին լուսամուտից վեր նիշի մեջ ագուցված խաչքարի պատվանդանի քիվին տող և դրանից ներքև քարի վրա տող,,ս,O,"O,O,O,O,O,O,O,O,O,O,O,O,O,O,O,O,O,O,O,O"
ծանոթ խոսքը թերևս խաչքարի պատվիրատուի մասին է որի համար աստծուց ողորմություն է հայցվում,,ծանոթ,O,"O,O,O,O,O,O,O,O,O,O,O,O,O"
վերին կամ օոքր վանք մարմաշենից հյուսիս,,վերին,O,"O,O,O,O,O,O"
գյուղի հարավային եզրին բարձրանում է դարի մի եկեղեցի որը վերանորոգումների ու կարկատանների է ենթարկվել դարում սակայն հիմնականում պահպանել է իր հին ձևը,,գյուղի,O,"O,O,O,O,O,O,O,O,O,O,O,O,O,O,O,O,O,O,O,O,O,O"
Սեմինարում քննարկվեց ժայռապատկեր պատկերագրական համակարգի կապը երկրաչափական նշանների հետ.,ժայռապատկեր ,Սեմինարում,O,"O,O,B-INSC,O,O,O,O,O,O"
աքալանքարյան հ մելքոնյան նագիտական աշխատանքները հայաստանում թթ հիմնական արդյունքները երևան էջ,,աքալանքարյան,O,"O,O,O,O,O,O,O,O,O,O,O"
գրիգոր ա արհիեպիսկոպոս անիի առաջնորդ նորոգող սարմաշենի վանքի նվիրատու լմբատավանքի,,գրիգոր,O,"O,O,O,O,O,O,O,O,O,O"
պատվանդանի չափերն են օ մ,,պատվանդանի,O,"O,O,O,O,O"
աստեփանոս եկեղեցի թմբուկի հարավարևմտյան նիստին արտաքուստ տող,,աստեփանոս,O,"O,O,O,O,O,O,O"
կամ ոչ միայն ծնողների այլ պապի՝ բշտիկի անվամբ,,կամ,O,"O,O,O,O,O,O,O,O"
ծանոթ վիմագիրն ամփոփում էեկեղեցու շինարարության մանրամասները համածայն որոնց սկզբնապես ս աստվածածին ապաս նշան անվանափոխված եկեղեցու կառուցման նախածեռնությունը պատկանում է արղության երկայնաբազուկ նշանավոր իշխանական տոհմի շառավիղներից ղահրամանին,Վիմագիր,ծանոթ,O,"O,O,O,O,O,O,O,O,O,O,O,O,O,O,O,O,O,O,O,O,O,O,O,O,O,O"
Հին արքունիքում ընթերցվեցին երկու Ապարանքների շինարարական արձանագրություններ՝ տարբեր սրահների մասին.,Ապարանքների շինարարական արձանագրություններ ,Հին,O,"O,O,O,O,B-INSC,I-INSC,O,O,O,O"
հուշարձանի ճարտարապետությունն ուսումնասիրող վ գրիգորյանը թվականը նշել է նծբ,,հուշարձանի,O,"O,O,O,O,O,O,O,O,O"
հարևանությամբ առկա տապանաքարը ամենայն հավանականությամբ նրանցից մեկինն է պարզապես տապանագիրը կազմվել է շիրմաքարերից մեկին,Տապանագիր,հարևանությամբ,O,"O,O,O,O,O,O,O,O,O,O,O,O,O,O,O,O,O,O,O,O,O,O,O,O,O,O,O,O"
Ժողովրդական իրավունքի հավաքածուում ընդգրկվեց Կանոնագիր՝ միջնադարյան խմբագրությամբ.,Կանոնագիր ,Ժողովրդական,O,"O,O,O,O,O,O,O"
ա աստվայածին եկեղեցի հարավային պատին արևի ժամացույցի շառավիղների տակ ուռուցիկ տառերով,,ա,O,"O,O,O,O,O,O,O,O,O,O,O"
նկատառելովանվան եզակիությունը և գործունեության աշխարհագրական մերձակայությունը կարծում ենք որ տիրաշենի ուրտուրիտան մրենի համանուն տիկինն է ըստ այդմ է վիմագիրը կարելի էթվագրել ական թվականներով,վիմագիրը,նկատառելովանվան,O,"O,O,O,O,O,O,O,O,O,O,O,O,O,O,O,O,O,O,B-INSC,O,O,O,O"
թորամանյան բ թորոս թորամանյան նյութեր հայկական ճարտարապետության պատմության աշխատությունների երկրորդ ժողովածու երևան վերահրատարակություն,,թորամանյան,O,"O,O,O,O,O,O,O,O,O,O,O,O,O"
Քարաշեն սալերի շարքում առանձնանում է մանր տառատեսակով գրված տապանաքարային վիմագիր՝ առանց վերջաբանային նշանի.,տապանաքարային վիմագիր ,Քարաշեն,O,"O,O,O,O,O,O,O,O,B-INSC,O,O,O,O"
Թարգմանչական խմբի աշխատանքում քննարկվեց նորահայտ կանոնաիրավական արձանագրություն լեզվական առանձնահատկություններով.,կանոնաիրավական արձանագրություն ,Թարգմանչական,O,"O,O,O,O,O,B-INSC,I-INSC,O,O"
բավական վատ է պահպանվել վիմագրի աջ հատվածը ըստ այդմ կ վերծանությունը թեական է,վիմագրի,բավական,O,"O,O,O,O,B-INSC,O,O,O,O,O,O,O,O"
Մասնավոր հավաքածուում պահպանվել է փոքր չափի Դամբարանային արձանագրություն՝ ձիթապտղի ճյուղի պատկերով.,Դամբարանային արձանագրություն ,Մասնավոր,O,"O,O,O,O,O,O,B-INSC,O,O,O,O"
Գրապահոցում հայտնաբերվեց անծանոթ հիշատակագիր՝ մասամբ մաշված տողերով.,հիշատակագիր ,Գրապահոցում,O,"O,O,O,O,O,O,O"
Ուսանողներն արտագրեցին հին գերեզմանատան արձանագրություն և համեմատեցին այլ շրջանների օրինակների հետ.,Գերեզմանատան արձանագրություն ,Ուսանողներն,O,"O,O,O,O,I-INSC,O,O,O,O,O,O"
արաղահար արհեստանոց որը շնորհվել է պեձզաշենի զորավորաց եկեղեցուն,,արաղահար,O,"O,O,O,O,O,O,O,O"
ս ատյվածածին եկեղեցի հարավային պատին արտաքուստ հիմնաշարին տող,,ս,O,"O,O,O,O,O,O,O,O"
չնայած բավարար պահպանվածության վերծանության հարցում առկա են որոշ խնդիրներ որոնք տարընթերցումների տեղիք են տալիս,,չնայած,O,"O,O,O,O,O,O,O,O,O,O,O,O,O,O"
ցանոթ տապանագիրն առաջինհայացքից անավարտէ,տապանագիրն,ցանոթ,O,"O,B-INSC,O,O,O,O,O,O"
պետրոսն անշուշտ առնչություն ունեցել է վանքի հետ երբ հարց էբարձրացվել վանքի դպրոցը ժառանգավորաց դարձնելուն և այդնպատակով գյուղացիներից գումար հավաքելուն՝ նա դեմ է եղել,,պետրոսն,O,"O,O,O,O,O,O,O,O,O,O,O,O,O,O,O,O,O,O,O,O,O,O,O"
ա աստվայածին եկեղեցի հարավային և արևելյան պատերի վերին անկյունում քիվի տակ ծաղկագիր և ուռուցիկ տառերով արտաքուստ տող,,ա,O,"O,O,O,O,O,O,O,O,O,O,O,O,O,O,O,O,O"
սկրտիչ քահանա ամուսին դեղունի նվիրատու արթիկի ս աստվածածին եկեղեցու,,սկրտիչ,O,"O,O,O,O,O,O,O,O,O"
Հուշարձանների պետական ցուցակում ներառվեց նաև նորահայտ վիմական արձանագրություն՝ բարձրաքանդակ խաչի կողքին.,վիմական արձանագրություն ,Հուշարձանների,O,"O,O,O,O,O,O,B-INSC,O,O,O,O"
յագցբ հայր հէրապետի ննջեցյալ,,յագցբ,O,"O,O,O,O"
ս գրիգորլուսավորիչեկեղեցի հյուսիսային պատին արևմտյան մասիվերևում ուռուցիկ տառերով տող,,ս,O,"O,O,O,O,O,O,O,O,O"
եղիազարյանը վիմագրի սաստիկ մաշված ու ջարդոտված լինելու հետևանքով վերծանությունը վերցրել ղ ալիշանից այն դեպքում երբ այն առկա ալիշանին նախորդածհեղինակների մոտ,Վիմագիր,եղիազարյանը,O,"O,O,O,O,O,O,O,O,O,O,O,O,O,O,O,O,O,O,O,O,O,O,O,O,O,O,O,O,O,O,O,O,O,O,O,O,O,O,O,O"
պետրոս հայկազեան հայկազունի հիշատակվածէ,,պետրոս,O,"O,O,O,O"
Մատենադարանի ցուցասրահում ներկայացված է Մատենագիտական արձանագրություն՝ կողքին ձեռագրի նկարով.,Մատենագիտական արձանագրություն ,Մատենադարանի,O,"O,O,O,O,B-INSC,O,O,O,O"
Քարագործական սեմինարում ներկայացվեց Հուշակոթողային արձանագրություն կատարելու տեխնիկան.,Հուշակոթողային արձանագրություն ,Քարագործական,O,"O,O,O,B-INSC,I-INSC,O,O"
ծանոթ եղիազարյանը թվականից առաջ փորագրված պատկերը վերծանել է ամի իսկ երրորդ տողի վերջում գ,,ծանոթ,O,"O,O,O,O,O,O,O,O,O,O,O,O,O,O"
հրատ նահխաթունյանց նվիրատուի անունը պուտիկ զալալյանց ա սխիթարյանց հառիճ ալիշան եիրակ գէորգեանց եղիազարյան էջմիածին ա,,հրատ,O,"O,O,O,O,O,O,O,O,O,O,O,O,O,O,O"
գրված է եւ զմեծ իշխանն մեր մեկ բառ անընթեռնելի վահրամ ո գ աո ա աան կաթողիկէիս եւ զորդիս իւր զիշխանն եւ զսարգիս պահեսցէ խաղաղութեամբ,,գրված,O,"O,O,O,O,O,O,O,O,O,O,O,O,O,O,O,O,O,O,O,O,O,O,O,O"
հառիճավանք գավթի աե պատ ներ ոսձե,,հառիճավանք,O,"O,O,O,O,O,O"
դանիլանց հող որը նվիրաբերվել է սակարավանքին,,դանիլանց,O,"O,O,O,O,O,O"
լմբատավանք ս ստեփանոս եկ գմբեթի հիմք հվ աե ռ անավարտ նիստ արտ արձանագրություն,,լմբատավանք,O,"O,O,O,O,O,O,O,O,O,O,O,O,O"
բանուշահ պատարագ է ստացել բաշէ որդի էլխութլուի նվիրատու հառիճավանքի,,բանուշահ,O,"O,O,O,O,O,O,O,O,O"
եղիազարյան էջմիածին հ եղիազարյան հառիճա վանքը ևնրա վիմագրությունը էջմիածին,,եղիազարյան,O,"O,O,O,O,O,O,O,O,O"
"Կիսավեր մատուռում պահպանվել է Վերաօծման արձանագրություն, որը նշում է նոր օծման օրվա անունը.",Վերաօծման արձանագրություն ,Կիսավեր,O,"O,O,O,O,B-INSC,O,O,O,O,O,O,O,O"
խաչթարի պատվանդան արևմտյան նիստին տող,,խաչթարի,O,"O,O,O,O,O"
ա աստվացային եկեղեցի արևելյան պատին կտիտորական քանդակի կենտրոնում ագուցված տիրամոր պատկերով մարմարին տող,,ա,O,"O,O,O,O,O,O,O,O,O,O,O,O,O"
նաթել դուստր գրիգորի նալբանդյան գրիգոր,,նաթել,O,"O,O,O,O,O"
թվականի տառերը բավական եղծված են սակայն պահպանված երևացող գծերը առավել հիշեցնում են ոծ տառերը բացի այդ գրեթե միակն են որ համապատասխանում են զաքարեի,,թվականի,O,"O,O,O,O,O,O,O,O,O,O,O,O,O,O,O,O,O,O,O,O,O,O,O"
հրատ աշ մանուչարյան ե՛պսժ,,հրատ,O,"O,O,O,O"
ծանոթ վիմագիրը տիրամոր յոթ վերքը սրբապատկերի դեգերումների քարեղեն վկայությունն է ըստ որի էրզրումի նահանգի համանուն գավառի ասանղալա գյուղի ս աստվածածին վանքից թ պողոս ծայրագույն վարդապետի ձեռքով այն բերվել է հառիճավանք որտեղ ավելի քան երկու տասնամյակ մնալուց հետո ներսես ե աշտարակեցի կաթողիկոսի հրամանով տեղափոխվել է ս էջմիածին,Վիմագիր,ծանոթ,O,"O,O,O,O,O,O,O,O,O,O,O,O,O,O,O,O,O,O,O,O,O,O,O,O,O,O,O,O,O,O,O,O,O,O,O,O,O,O,O,O,O,O,O,O,O,O"
կարծում ենք որ տառերի վերևի ելնդապատկերը կարող է լինել պատիվ նշան,,կարծում,O,"O,O,O,O,O,O,O,O,O,O,O"
ի մեծաց կաս ի փոքունց յժը իցն նզովենլ եղիցի,,ի,O,"O,O,O,O,O,O,O,O,O"
Պեղումների ավարտին քարտեզագրվեց ևս մեկ Տապանագիր՝ նույն գերդանի երկրորդ անդամի հիշատակությամբ.,Տապանագիր ,Պեղումների,O,"O,O,O,O,O,O,O,O,O,O,O"
նկատելի այս անհամաչափությունը կարելի է պատճառ դիտարկել նիրակի մարզի վիմագրական ժառանգության անհամեմատ սակավաթվությանը,,նկատելի,O,"O,O,O,O,O,O,O,O,O,O,O,O,O"
գմբեթը սկզբնապես եղել է կղմինդրածածկ իսկ թ վերակառուցվել է քարով ու կիսագնդածև իսկ այժմ վեղարաձև է,,գմբեթը,O,"O,O,O,O,O,O,O,O,O,O,O,O,O,O,O,O"
մեր պրպտումները բերեցին ուշագրավ եզրահանգման այնէ՝ տառակապակցությունը պետքէընթերցել աջից ձախ ինչի արդյունքում կարդացվում է մանասե գրիչ,,մեր,O,"O,O,O,O,O,O,O,O,O,O,O,O,O,O,O,O"
Գրաբարագիտության դասին քննարկվեց այս նվիրագիր՝ իր ձևաբանական հատկանիշներով.,նվիրագիր ,Գրաբարագիտության,O,"O,O,O,O,O,O,O,O"
Գիտաժողովում ներկայացվեց փակագիր արձանագրություն բացման նոր մեթոդաբանությամբ.,փակագիր արձանագրություն ,Գիտաժողովում,O,"O,O,B-INSC,I-INSC,O,O,O"
մինչ մարզպանական ժամանակաշրջանը շիրակը մասն է կազմել արքունական տիրույթների,,մինչ,O,"O,O,O,O,O,O,O,O,O"
ս բարխուդարյանը ձեռագրին նախաբան կամ առաջաբան չի կցել ուստի նպատակահարմար գտանք այն զետեղել,,ս,O,"O,O,O,O,O,O,O,O,O,O,O,O,O"
"Պատմաբանները լուսանկարեցին Դռնագիր՝ մաշված, բայց ընթեռնելի տառերով.",Դռնագիր ,Պատմաբանները,O,"O,O,O,O,O,O,O"
թ թորամանյան նյութեր հայկական ճարտարապետության պատմության հ բ էջ,,թ,O,"O,O,O,O,O,O,O,O,O"
գէորգեանց եղիազարյան էջմիածին ա քյուրտյան բազմավէպ գագիկ հառիճեցի,,գէորգեանց,O,"O,O,O,O,O,O,O,O,O,O,O,O,O,O,O,O"
ս ծառայ սրթոյս գրիգորոյս դ մելքոնյան էջ,,ս,O,"O,O,O,O,O,O,O"
քարե գոռ ճակատային մասում տող,,քարե,O,"O,O,O,O,O"
"Հողային շերտը հեռացնելուց հետո պարզվեց, որ մակերեսի տակ ամբողջական տապանաքարային վիմագիր է պահպանվել.",տապանաքարային վիմագիր ,Հողային,O,"O,O,O,O,O,O,O,O,O,B-INSC,I-INSC,O,O"
ծանոթ վիմագրի համածայն եկեղեցին երկրորդ անգամ նորոգվել է դեռևս ին ներսես ե աշտարակեցի կաթողիկոսի և եկեղեցու նորընծա նորօծյալ քահանա տեր գրիգորի օրոք,վիմագրի,ծանոթ,O,"O,B-INSC,O,O,O,O,O,O,O,O,O,O,O,O,O,O,O,O,O,O,O,O,O,O,O,O,O,O,O,O,O,O,O,O,O,O,O,O,O,O,O,O,O,O"
Խաչքարի արևմտյան թևին փորագրված է Խաչքարային արձանագրություն՝ նրբագեղ մեծատառերով.,Խաչքարային արձանագրություն ,Խաչքարի,O,"O,O,O,O,O,B-INSC,O,O,O"
Արձանագրագետների քննարկմանը ներկայացվեց Հուշագիր՝ դժվար ընթեռնելի վերջաբանով.,Հուշագիր ,Արձանագրագետների,O,"O,O,O,O,O,O,O"
վիմագիրը տառաձևերով բավական նման է նախորդին կարծում ենք ժամանակամերծ է հնարավոր է որ փորագրված է նույն գրչի կողմից,վիմագիրը,վիմագիրը,B-INSC,"B-INSC,O,O,O,O,O,O,O,O,O,O,O,O,O,O,O,O,O"
ծանոթ քյուրտյանի վիմագրահավաք ի վերծանությունը հրատարակիչը մասամբ է ներկայացրել միայն դղ ալիշանի մոտ պակասող հատվածները,,ծանոթ,O,"O,O,O,O,O,O,O,O,O,O,O,O,O,O,O"
յավոք երկուսն էլ չեն ներկայացրել վիմագրի ամբողջական վերծանությունը՝ և ինչպես ս բարխուռարյանն է նշում արծանագրության վերականգնման աշխատանքը թողնում ենք ներկայացնում ենք գծագիր պատճեն,վիմագրի,յավոք,O,"O,O,O,O,O,B-INSC,O,O,O,O,O,O,O,O,O,O,O,O,O,O,O,O,O"
նրջիս դուստր սարգսի քույր զաքարյան եղբայրների հիշատակված է,,նրջիս,O,"O,O,O,O,O,O,O,O"
այստեղ է գտնվում նաև դ կենաց խաչ մատուռը որի շուրջ պահպանվել են նաև գյուղատեղիի ավերակներ ու գերեզմաններ,,այստեղ,O,"O,O,O,O,O,O,O,O,O,O,O,O,O,O,O,O,O"
"Գրական քննադատը նշեց, որ Նվիրատվական արձանագրություն հաճախ ուղեկցվում է օրհնության վերջաբանով.",Նվիրատվական արձանագրություն ,Գրական,O,"O,O,O,O,B-INSC,I-INSC,O,O,O,O,O"
"Հուշարձանի հիմնաքարին նկատվեց Շինարարական արձանագրություն, որտեղ հիշատակվում են արհեստավորների անունները.",Շինարարական արձանագրություն ,Հուշարձանի,O,"O,O,O,B-INSC,O,O,O,O,O,O"
պեմզաշենի սակարավանքի ս սիոն եկեղեցին հարափարևելքից,,պեմզաշենի,O,"O,O,O,O,O,O"
հառիճավանք գավթի հյ պատ ներ կանոնաիրավական կանոնաիրավական նվիրատվական,,հառիճավանք,O,"O,O,O,O,O,O,O,O"
Անձրևից հետո հստակ տեսանելի դարձավ խաչքարի վերևի հատվածի Խաչքարային արձանագրություն.,Խաչքարային արձանագրություն ,Անձրևից,O,"O,O,O,O,O,O,O,O,B-INSC,O"
Երևանյան արխիվում պահվող լուսանկարից նախնական ընթերցում ստացվեց մի վաղ միջնադարյան վիմական արձանագրություն.,վիմական արձանագրություն ,Երևանյան,O,"O,O,O,O,O,O,O,O,O,O,B-INSC,O"
նրա մոր անունը նուշիկ է եղել,,նրա,O,"O,O,O,O,O,O"
փաստված է զաքարե ամիրսպասալարի կողմից նախկին տերերից վանքը գնելու ամրոց և կաթողիկե,,փաստված,O,"O,O,O,O,O,O,O,O,O,O,O,O"
տապանաքար երկլանջ նախորդի մոտ հարավային նիստին տող,,տապանաքար,O,"O,O,O,O,O,O,O"
եզնկայ ագարակ բագարանում որը նվիրաբերվել է սարմաշենի վանքին երերույքի տաճար երևան նաև յէրեւան,,եզնկայ,O,"O,O,O,O,O,O,O,O,O,O,O,O,O"
"Վանքի հիմնադրման պատմությունը հաստատվում է եկեղեցաշինական արձանագրություն, որը մանրամասնում է շինության փուլերը.",եկեղեցաշինական արձանագրություն ,Վանքի,O,"O,O,O,O,O,B-INSC,O,O,O,O,O,O"
Արվեստաբանները քննարկեցին Կոթողային արձանագրություն պատկերագրության ոճական հետքերը.,Կոթողային արձանագրություն ,Արվեստաբանները,O,"O,O,B-INSC,I-INSC,O,O,O"
Հանգստավայրի կենտրոնում տեղադրված Տաղավարի արձանագրություն նշում է վերակառուցման տարեթիվը.,Տաղավարի արձանագրություն ,Հանգստավայրի,O,"O,O,O,B-INSC,I-INSC,O,O,O,O"
ս ստեփանոս եկեղեցի արևելյան խաչաթևի հյուսիսային պատին արտաքուստ նախորդի վերջին կիսատ տողից շարունակված տող,,ս,O,"O,O,O,O,O,O,O,O,O,O,O,O,O,O"
յավոք նախորդհեղինակները այս բառին կամ բառակապակցությանը որևէ մեկնաբանություն չեն տվել,,յավոք,O,"O,O,O,O,O,O,O,O,O,O"
հոռոմ ս հռիփսիմե եկ հյ պատ արտ ո,,հոռոմ,O,"O,O,O,O,O,O,O,O"
Թանգարանի ցուցասրահում ցուցադրված տապանաքարային արձանագրություն լուսաբանվում է բազում ծաղկապատկերներով.,տապանաքարային արձանագրություն ,Թանգարանի,O,"O,O,O,B-INSC,I-INSC,O,O,O,O"
ագարակ կամուրջ այգի ձրթահանք,,ագարակ,O,"O,O,O,O"
բեխենց անունը եղծված նվիրատու հոգեվանքի,,բեխենց,O,"O,O,O,O,O"
սինաս ս եկեղեցի րառատ գյուղում,,սինաս,O,"O,O,O,O,O"
Արևելյան շարքի մեջտեղում է գտնվում ամենահին տապանաքարային արձանագրություն՝ գեղարվեստական հյուսվածքով.,տապանաքարային արձանագրություն ,Արևելյան,O,"O,O,O,O,O,O,B-INSC,O,O,O"
Տարածաշրջանային ուղեցույցը ընդգրկեց Ժամատան արձանագրություն այցելության կետերի ցանկում.,Ժամատան արձանագրություն ,Տարածաշրջանային,O,"O,O,O,B-INSC,I-INSC,O,O,O"
թ վանքի ամյատարելիցիկապակցությամբ հուշարձան տարեգրքիխմբագրությունը նպատակահարմար գտավ հրապարակել վանքի վիմագրերը թվով ՝ քաղված հ օրբելու հրատարակությունից և ի նորո ստուգված բնագրերով,վիմագրերը,թ,O,"O,O,O,O,O,O,O,O,O,B-INSC,O,O,O,O,O,O,O,O,O,O,O"
հատ մխիթարյանց տեղագրութիւն գէորգեանց բասմաջյան հաաբմ եղիազարյան էջմիածին ե,,հատ,O,"O,O,O,O,O,O,O,O,O"
նա թվականը կարդում է թ բայց մի դեպքում իբրև իննծ մյուս դեպքում ի նժ,,նա,O,"O,O,O,O,O,O,O,O,O,O,O,O,O,O"
աստվածածին ս եկեղեցի բագնայրի վանքում,,աստվածածին,O,"O,O,O,O,O"
ծանոթ րդ տողում սեր ից հետո ազատ տեղ րդ տողում զայսմանէս ի տառերը մյուսներից մանր են,,ծանոթ,O,"O,O,O,O,O,O,O,O,O,O,O,O,O,O,O,O"
հեղիազարյանն ու գ հառիմեցին իրենց վերծանություններում գնսւորի բառից հետո կարդացել են միսակայ և նշել թվականը ոզգ,,հեղիազարյանն,O,"O,O,O,O,O,O,O,O,O,O,O,O,O,O,O,O"
հրատարակիչների մոտ թերի և աղավաղվածէ,,հրատարակիչների,O,"O,O,O,O,O"
գրիգոր քահանա տիրանավոր եկեղեցու գրիգորյան գրիգոր,,գրիգոր,O,"O,O,O,O,O,O"
կարծում է որ շինությունը պարբերաբար ընդիատված է եղեր որ այղքան ուշ վարջացել է եթց ոչ այդքան երկար տևելուչափ մեծ չէշենքը,,կարծում,O,"O,O,O,O,O,O,O,O,O,O,O,O,O,O,O,O,O,O,O,O"
Ուսանողները արտագրեցին Գավիթային արձանագրություն և համադրեցին հարևան վանքերի օրինակների հետ.,Գավիթային արձանագրություն ,Ուսանողները,O,"O,O,B-INSC,I-INSC,O,O,O,O,O,O"
"Դամբարանի ներսի պատին պահպանվել է Դամբարանային արձանագրություն, որտեղ հիշատակվում է գերդանի ծագումը.",Դամբարանային արձանագրություն ,Դամբարանի,O,"O,O,O,O,O,B-INSC,O,O,O,O,O,O"
Հետազոտողը հայտնաբերեց Շրջագիր ծածկագիր ձեռագրի լուսանցքներում և փորձեց բացել գաղտնագիրը.,Շրջագիր ծածկագիր ,Հետազոտողը,O,"O,O,B-INSC,I-INSC,O,O,O,O,O,O"
հայտնի է որ վանքը մեծապես տուժել է սելջուկների արշավանքից որը վերականգնել է գրիգոր առաջնորդը վերջինս թաղված է հարակից գերեզմանոցում,,հայտնի,O,"O,O,O,O,O,O,O,O,O,O,O,O,O,O,O,O,O,O,O"
"Հիմնադրամը ֆինանսավորեց այդ գերեզմանատան արձանագրություն պահպանական միջոցառումները, ներառյալ լուսաթափանց ծածկը.",Գերեզմանատան արձանագրություն ,Հիմնադրամը,O,"O,O,O,O,I-INSC,O,O,O,O,O"
սուշ քաղաք արևմտյան հայաստանում,,սուշ,O,"O,O,O,O"
ծանոթ եղել է որմնափակ խաչքար որից այժմ մնացել են միայն պատվանդանը և խաչքարի մի փոքր մասը,,ծանոթ,O,"O,O,O,O,O,O,O,O,O,O,O,O,O,O,O,O"
"Նախագծողները նախատեսեցին Կոթողային արձանագրություն, որպեսզի ամրագրեն կառուցապատման փուլերը.",Կոթողային արձանագրություն ,Նախագծողները,O,"O,O,B-INSC,O,O,O,O,O"
արձանագրության վերջին երկու տողերը փաստորեն առանձին ևանկախեն այն սկսվելէխաչանշանով և ավելի ներսից և ճարտարապետ սամձեհանի հիշատակագրությունն է,,արձանագրության,O,"O,O,O,O,O,O,O,O,O,O,O,O,O,O,O,O,O"
Ընթերցման դաշտային արձանագրության մեջ ներառվեց նաև գտնված Տապանագիր՝ առանց ճշգրիտ թվագրության.,Տապանագիր ,Ընթերցման,O,"O,O,O,O,O,O,O,O,O,O,O"
վերծանության մեջ խնդիր է ստեղծում և մ տառերի որոշ նմանությունը ստայլկ սմայ այ իրսն բառի առաջին տառի կիսեղծ լինելը ու վերջին ն տառի կցագրությունը ինչը չնայած ս տառի աջ ստեղնի վերևում ն ի վերին կիսակլորիթույլ արտահայտվածությանը կասկածէհարուցում քանի որ վիմագրում,վիմագրում,վերծանության,O,"O,O,O,O,O,O,O,O,O,O,O,O,O,O,O,O,O,O,O,O,O,O,O,O,O,O,O,O,O,O,O,O,O,O,O,O,O,O,O,B-INSC"
մանա կարելի է փաստել որ հայր պետրոսը աթոռակալել է առնվազն մինչև թ քանի որ այդ նույն թվականին որպես առաջնորդ հիշատակված է գրիգոր վարդապետը,,մանա,O,"O,O,O,O,O,O,O,O,O,O,O,O,O,O,O,O,O,O,O,O,O,O,O"
եեռանավ բազիլիկ շենք է ծածկը և պունասրահները ավերված են ինչպես և ներսի երեք զույգ մույթերը,,եեռանավ,O,"O,O,O,O,O,O,O,O,O,O,O,O,O,O,O"
Թանգարանի բացօթյա բաժնում ցուցադրվում է Տաղավարի արձանագրություն՝ տեղափոխված հարևան գյուղից.,Տաղավարի արձանագրություն ,Թանգարանի,O,"O,O,O,O,O,B-INSC,O,O,O,O"
վժան ներկայիս ուջան գյուղ արագածոտնում որտեղից այգի է նվիրաբերվել մարմաշենի վանքին,,վժան,O,"O,O,O,O,O,O,O,O,O,O,O"
դամբարանանման շենք վերոնշյալ հնագիտական պեղումների ընթացքում կլոր եկեղեցու և գավթի միջնամասում բացվել են նաև փոքր չափերով կառույցի ավերակները,,դամբարանանման,O,"O,O,O,O,O,O,O,O,O,O,O,O,O,O,O,O,O,O"
ա աստվածցածին յոթ վերք եկեղեցի արևելյան պատի վերնամասում արտաքուստ ագուցված մարմարե սալին մանրատառ տող,,ա,O,"O,O,O,O,O,O,O,O,O,O,O,O,O,O"
գիմք ընդունելով ձեռագրում տվյալ միավորի խորագիրը որ է տետրակ արձանագրութեանց սրբոյ վանիցն հառիճոյ ի ամի եւ նոյեմբեր ս տեր ստեփանյանը բոլոր վիմագրերը վերագրել է հառիճավանքին մինչդեռ դրանցից ը լմբատավանքիցեն,վիմագրերը,գիմք,O,"O,O,O,O,O,O,O,O,O,O,O,O,O,O,O,O,O,O,O,O,O,B-INSC,O,O,O,O,O,O,O,O,O,O,O,O,O,O,O,O,O,O,O,O,O,O,O,O,O,O,O,O,O,O,O,O,O,O,O,O"
կառուցվել է թ ի հիշատակ հառիճավանքի ընկերության նախագահ հովսեփ կոստանյանի,,կառուցվել,O,"O,O,O,O,O,O,O,O,O,O"
"Հայրապետի այցի առթիվ հրապարակվեց այն վիմական արձանագրություն, որտեղ թվարկված են նվիրատուների անունները.",վիմական արձանագրություն ,Հայրապետի,O,"O,O,O,O,O,B-INSC,O,O,O,O,O,O"
պ հ հայաստանը թվականներին երևան է,,պ,O,"O,O,O,O,O,O"
ամատունի սահակ վրդ ամատունի հայոց բառ ու բան վաղարշապատ,,ամատունի,O,"O,O,O,O,O,O,O,O,O"
հուսիսային եկեղեցի կառուցված է կաթողիկե եկեղեցու հյուսիսային պատին զուգահեռ և իր ճարտարապետական ու քանդակային հարդարանքի լուծումներով կաթողիկեի առավել փոքրաչափ ընդօրինակությունն է,,հուսիսային,O,"O,O,O,O,O,O,O,O,O,O,O,O,O,O,O,O,O,O,O,O,O"
մելքոնյանը վերծանել է խափանէին եւ ինչպես իր գրչագրում,,մելքոնյանը,O,"O,O,O,O,O,O,O,O"
յոհաննիս եղբայր սուսիսի ննջեցյալ,,յոհաննիս,O,"O,O,O,O"
ծանոթ ս գեևորգյանցը նլուխաթունի հայրանունը կարդացել է թոզայ,,ծանոթ,O,"O,O,O,O,O,O,O,O"
հրատ նահխաթունյանց մխիթարյանց հառիճ ալիշան եիրակ գէորգեանց եղիազարյան էջմիածին ա քյուրտյան բազմավէպ գագիկ հառիճեցի,,հրատ,O,"O,O,O,O,O,O,O,O,O,O,O,O,O,O"
ամասիա գյուղում հյուրանոցին կից շենքի հիմքերն են փորում այժմ որտեղից դուրս են եկել նենգավթի տիպի լավ կերամիկայի բեկորներ և մի հատ թրծած կավե խոյի գլուխ առաջի իրար միացած ոտներով ետևի մասը կոտրված մի ականջով և առանց եղջյուրների,,ամասիա,O,"O,O,O,O,O,O,O,O,O,O,O,O,O,O,O,O,O,O,O,O,O,O,O,O,O,O,O,O,O,O,O,O,O,O,O,O,O"
ցանոթ հ մելքոնյանը երկրորդ տողի վերջում աժանի ն վերծանել է ածանի իսկ երրորդ տողի վերջի վերծանվող բառը սրբէ,,ցանոթ,O,"O,O,O,O,O,O,O,O,O,O,O,O,O,O,O,O,O,O"
Թանգարանային ցուցատախտակը ներկայացնում է Սյունագիր և նրա ընթերցումը երկու տարբերակով.,Սյունագիր ,Թանգարանային,O,"O,O,O,O,B-INSC,O,O,O,O,O"
դարով թվագրելու համար հիմք հանդիսացող նշված հանգամանքից բացի թ թորամանյանն առանձնացնում է նաև շինության,,դարով,O,"O,O,O,O,O,O,O,O,O,O,O,O,O,O"
գրիգոր ժամկոչեան տէր ամուսին ասլիի հիշատակված է,,գրիգոր,O,"O,O,O,O,O,O,O"
Արցախի հարթակում հայտնաբերվեց նոր տապանաքարային արձանագրություն՝ հնարավոր կապերով մերձավոր գյուղերի հետ.,տապանաքարային արձանագրություն ,Արցախի,O,"O,O,O,O,B-INSC,O,O,O,O,O,O"
նա գտնում է որ այս բեկորները հավանաբար նորոգության ժամանակ բերված են գերեզմանատան մատուռի քարերից որոնց վրա մնացած գրերին են նման,,նա,O,"O,O,O,O,O,O,O,O,O,O,O,O,O,O,O,O,O,O,O,O"
հավխարթուն շիրակ եց ե մ խիթարյանց աբ մլիշաայ ի զիա արո ա ամ ժէվթունէ պօ,,հավխարթուն,O,"O,O,O,O,O,O,O,O,O,O,O,O,O,O,O"
խաչատուր խաչտուր խաչքարագործ խաչատուր հիշատակվածէ,,խաչատուր,O,"O,O,O,O,O"
գլխավոր ս կարապետ եկեղեցին ըստ հյուսիսային մուտքի բարավորի արձանագրության կառուցվել է թ,բարավորի արձանագրության,գլխավոր,O,"O,O,O,O,O,O,O,B-INSC,I-INSC,O,O,O,O,O,O,O,O,O,O,O,O,O,O,O"
բեկորներից փոքրերը տեղում չգտանք,,բեկորներից,O,"O,O,O,O"
ս ավագյանն այս վկայագրին անդրադառնում է հակն բառեզրի կապակցությամբ գտնելով այստեղհակ ը տուրք հարկչի արտահայտում այլ մատուցվածնվերների դիմաց նվիրատուին խոստացած հատուցում վարձ պարտավորություն որ հավանաբար առաջանում է վարձ իրավունք իմաստից,,ս,O,"O,O,O,O,O,O,O,O,O,O,O,O,O,O,O,O,O,O,O,O,O,O,O,O,O,O,O,O,O,O"
"Պատմավեպում ներառվել է իրական հիշատակագրային վիմագիր, որը դարձել է սյուժեի առանցք.",հիշատակագրային վիմագիր ,Պատմավեպում,O,"O,O,O,O,B-INSC,O,O,O,O,O,O"
"Վավերագրական աղբյուրներում հիշատակվում է կառուցողական արձանագրություն, որտեղ մանրամասն նկարագրված է կամրջի շաղախի բաղադրությունը.",կառուցողական արձանագրություն ,Վավերագրական,O,"O,O,O,O,B-INSC,O,O,O,O,O,O,O,O"
ալ սանուչարյանը ենթադրում է հոգևոր հայր սարգիսը,,ալ,O,"O,O,O,O,O,O,O"
Թանգարանի աշխատակիցը թվագրեց Որմնագիր՝ ըստ տառաձևի համեմատության մեթոդի.,Որմնագիր ,Թանգարանի,O,"O,O,O,O,O,O,O,O"
արա վախճանվել է պատերազմի ժամանակ,,արա,O,"O,O,O,O,O"
ծանոթ գրիչը չի շարունակել,,ծանոթ,O,"O,O,O,O"
երրորդ տողի սկզբում որոշակիորեն ուրվագծվում են ար և ս տառերը դրանք երևում են և գրչագրում և լուսանկարում ուստի այդ տառերը ներառում ենք ս քարխուդարյանի վերծանության մեջ,,երրորդ,O,"O,O,O,O,O,O,O,O,O,O,O,O,O,O,O,O,O,O,O,O,O,O,O,O,O,O"
արձանագրության գրիչը կամ քանդակողն ըստ էության տիրացու կարապետն է,,արձանագրության,O,"O,O,O,O,O,O,O,O,O"
թ թորամանյան նյութեր հայկական ճարտարապետության պատմության հ ն ջ,,թ,O,"O,O,O,O,O,O,O,O,O"
հնագետ եղիազարյանը հավանական է համարում որ անեցու հիշատակած թվականներին կառուցվել է կաթողիկեն իսկ վիմագրում վկայված տարեթվերը վերաբերում են միաժամանակ կառուցված մի քանի շինություններին որ են հյուսիսային եկեղեցին ու կաթողիկեին արևմուտքից կից գավիթը,վիմագրում,հնագետ,O,"O,O,O,O,O,O,O,O,O,O,O,O,O,B-INSC,O,O,O,O,O,O,O,O,O,O,O,O,O,O,O,O,O,O,O,O,O,O,O,O,O,O,O,O,O,O,O,O,O,O,O,O,O,O,O,O,O,O,O,O,O,O,O,O,O,O"
Բակի սյունաշարի վերևում պահպանվել է Տաղավարի արձանագրություն՝ բաղձալի օրհնությամբ.,Տաղավարի արձանագրություն ,Բակի,O,"O,O,O,O,O,B-INSC,O,O,O"
վերծանությանը մասնակցել էնաև պատմաբանկկ մաթևոսյանը ըստ որի գրության վրա կարծես կան նախորդ նորոգողների միջամտության հետքերը որի արդյունքում սխալմամբ ամբողջացվել ու աղավաղվել են վնասված տառերը ինչպես օրինակ թվականիո հարյուրավորը որը թյուրիմացաբար ս են դարձծրել,,վերծանությանը,O,"O,O,O,O,O,O,O,O,O,O,O,O,O,O,O,O,O,O,O,O,O,O,O,O,O,O,O,O,O,O,O,O,O"
Ապարանքների շինարարական արձանագրություններ պահպանվել են բակի պատին՝ թվարկելով դարպասների վերանորոգումը.,Ապարանքների շինարարական արձանագրություններ ,Ապարանքների,B-INSC,"B-INSC,I-INSC,I-INSC,O,O,O,O,O,O,O"
գավիթ հյուսիսային պատին ներքուստ պատուհանից արևմուտք տող,,գավիթ,O,"O,O,O,O,O,O,O"
Վերականգնման թիմը մաքրեց Գավիթային արձանագրություն՝ պատյանի վնասումից հետո.,Գավիթային արձանագրություն ,Վերականգնման,O,"O,O,O,B-INSC,O,O,O,O"
սխարկրձելը զաքարե ամիրսպասալարի որդի շահնշահի վեց որդիներից մեկն է ամուսինը սահկանաբերդի մեծ իշխան սադուն արծրունու դուստր վանենիի չնայած նախորդ հրատարակիչը գտնում է որ այստեղ հիշատակվում է զաքարյանների մխարգրծել երկայնաբազուկ վրացական տոհմանունը,,սխարկրձելը,O,"O,O,O,O,O,O,O,O,O,O,O,O,O,O,O,O,O,O,O,O,O,O,O,O,O,O,O,O,O,O,O"
նալաթ է բառը փորագրվել է վերջում այ ից հետո,,նալաթ,O,"O,O,O,O,O,O,O,O,O"
գլխավոր տաար հարավային պատին արտաքուստ տող,,գլխավոր,O,"O,O,O,O,O,O"
երջապատում կան ավերված կառույցների հիմնապատեր և լճի հետքեր,,երջապատում,O,"O,O,O,O,O,O,O,O"
"Արխիվում թվայնացվեց Վերանորոգման, նորոգման արձանագրություն՝ հետագա ուսումնասիրության համար.","Վերանորոգման, նորոգման արձանագրություն ",Արխիվում,O,"O,O,B-INSC,I-INSC,O,O,O,O"
հորներ բնակատեղի քեթի գյուղում,,հորներ,O,"O,O,O,O"
յոթերորդտողում սշխարհէս բառից հետոնա կարդացել էե,,յոթերորդտողում,O,"O,O,O,O,O,O"
Հնագիտական քարտեզում նշված է Թագավորական արձանագրություն գտնվելու տեղը՝ բերդի ներքին պատին.,Թագավորական արձանագրություն ,Հնագիտական,O,"O,O,O,O,B-INSC,I-INSC,O,O,O,O,O"
թորամանյան նյութեր հայկական ճարտարապետության պատմության հ ա էջ,,թորամանյան,O,"O,O,O,O,O,O,O,O"
ս բարխուդարյանը երրորդ տողում վերծանել է զիմ հանկիստ սոնեն,,ս,O,"O,O,O,O,O,O,O,O,O"
գէորգեանց բասմաջյան հաաբս եղիազարյան էջմիածին ե,,գէորգեանց,O,"O,O,O,O,O,O"
աղա մահմեդ խանի ավերածությունների ժամանակ է խոնարհվել այս եկեղեցին,,աղա,O,"O,O,O,O,O,O,O,O,O"
գլխավորապես եզեկիել մարգարեի տեսիլքի գրական հիմքի վրա և ոչ թե հայտնի պատկերագրական կառուցվածքի ընդօրինակությամբ,,գլխավորապես,O,"O,O,O,O,O,O,O,O,O,O,O,O,O,O"
փոքր կամ վերին վանք գտնվում է համալիրից հյուսիս բլրի վրա որտեղ պահպանվել են խաչածև գմբեթավոր եկեղեցու ամդ հյուսիսային պատն ու շրջակա գերեզմանոցը,,փոքր,O,"O,O,O,O,O,O,O,O,O,O,O,O,O,O,O,O,O,O,O,O,O,O"
տմպանաքար ուղղանկյուն սալ գավթում տող,,տմպանաքար,O,"O,O,O,O,O"
բշտիկ բշտկանց լմբատավանքի նվիրատու գրիգորի և նրա եղբայրների պատը հիշատակվածէ,,բշտիկ,O,"O,O,O,O,O,O,O,O,O,O"
վանքի պատմության հետագա դարերի մասին տեղեկությունները կցկտուր են,,վանքի,O,"O,O,O,O,O,O,O,O"
Պատշգամբի վերևի հատվածում հայտնաբերվեց Որմնագիր՝ վերջաբանի աղոթքով.,Որմնագիր ,Պատշգամբի,O,"O,O,O,O,O,O,O"
տեղանունների բառարան հ էջ,,տեղանունների,O,"O,O,O,O"
արձանագրության վերջում սկսվել և կիսատ է թողնվել մի ուրիշը որը կարելի է վերծանել ի թվիլն ո,,արձանագրության,O,"O,O,O,O,O,O,O,O,O,O,O,O,O,O,O,O"
"Արևելյան մուտքի կամարին կա Դռնագիր, որը հիշատակում է դարպասի նվիրատուին.",Դռնագիր ,Արևելյան,O,"O,O,O,O,O,O,O,O,O,O"
քառասունք զանգակատուն նգիրատվություններ ժամատուն անշարժ գույք խաչքարի կանգնեցում,,քառասունք,O,"O,O,O,O,O,O,O,O"
երկու անգամ ճանապարհորդել էարևմտյան հայաստանում աշխատակցել սեղու հայաստանի արարատ պարբերականներին համագործակցել ղազարոս աղայանի հետ,,երկու,O,"O,O,O,O,O,O,O,O,O,O,O,O,O,O"
եւ ընկալայ պատարագ թորամանյան զիս զինչ որ սմա ունէի տուի յայս էրսի եղիազարյան զիս զինչ թը սմայ ունէի տուի յայսմ բարխուդարյան դաշտ օրագիր զիս զինչ որ սմայ ունէի ուի ս ջուրս վերջին բառը սկզբում կարդացել է գիրս հետո ուղղել ձիմ զինչ որ ստայկ ունէի՝ ետու ի այս յիրսն,,եւ,O,"O,O,O,O,O,O,O,O,O,O,O,O,O,O,O,O,O,O,O,O,O,O,O,O,O,O,O,O,O,O,O,O,O,O,O,O,O,O,O,O,O,O,O,O,O,O,O,O"
իբրև բնակավայր պատմական յգյումրին ունի հարուստ պատմամշակութային ժառանգություն քաղաքի տարածքում դեռևս խորհրդային տարիներին իրականացված հնագիտական ուսումնասիրությունները պարզել են որ մ թ ա ո հազարամյակներում այստեղ եղել է երկրագործական նշանավոր կենտրոն իսկ քաղաքի արևմտյան հատվածի հնավայրերը թվագրվում են ինչպես նեոլիթյան այնպես էլ վանի թագավորության ժամանակաշրջանով,,իբրև,O,"O,O,O,O,O,O,O,O,O,O,O,O,O,O,O,O,O,O,O,O,O,O,O,O,O,O,O,O,O,O,O,O,O,O,O,O,O,O,O,O,O,O,O,O"
ս ստեփանոս եկեղեցի հարավային խաչաթևի հարավային նիստին արտաքուստ տող,,ս,O,"O,O,O,O,O,O,O,O,O"
հայճարտարապետության լավագույն այս կոթողը շինված է դարում կամ ավելի վաղ,,հայճարտարապետության,O,"O,O,O,O,O,O,O,O,O,O"
ծըմբաքար գյուղ որը գագիկ ա թագավորը նվիրել է նոր կյանք գյուղի ս գրիգոր լուսավորիչ եկեղեցուն,,ծըմբաքար,O,"O,O,O,O,O,O,O,O,O,O,O,O,O,O,O"
թաղք գյուղ արթիկի մերծակայքում որը նվիրաբերվել է լմբատավանքին,,թաղք,O,"O,O,O,O,O,O,O,O"
տողում ետու ից հետոիեմատակէը ի եաթ,,տողում,O,"O,O,O,O,O,O"
արչանագրված եինաքարեր գերեզմանոցի եկեղեցու ավերակներում տող,,արչանագրված,O,"O,O,O,O,O,O"
գխավոր տաշար հարավային պատին արտաքուստ տող,,գխավոր,O,"O,O,O,O,O,O"
Տեղում պահպանված վիմական արձանագրություն ցույց է տալիս ջրանցքի ծայրամասային բաժանումների չափերը.,վիմական արձանագրություն ,Տեղում,O,"O,O,B-INSC,I-INSC,O,O,O,O,O,O,O"
տուտ հայր գրիգոր վարդապետի հիշատակվածէ,,տուտ,O,"O,O,O,O,O"
սմբատ բ բագրատունի տիեզերակալ հայոց թագավոր թթ,,սմբատ,O,"O,O,O,O,O,O,O"
բագնայր վանք անիի շրջանում,,բագնայր,O,"O,O,O,O"
թ թորամանեան հոռոմոսի վանքը անտիպ նիւթեր աշխատ աթ պալատեան ժ ս թիէռի ժ մահէ էջ,,թ,O,"O,O,O,O,O,O,O,O,O,O,O,O,O,O,O"
գ հառիճեցու մոտ վիմագիրը սկզբից և վերջից պակասավոր է,վիմագիրը,գ,O,"O,O,O,B-INSC,O,O,O,O,O"
Մայրավանքի բակում հաշվառվեց ևս մեկ Խաչքարային արձանագրություն՝ մուսայիշխանական ոճով.,Խաչքարային արձանագրություն ,Մայրավանքի,O,"O,O,O,O,O,B-INSC,O,O,O"
իլխինապ իլխիաբ իլխիաբի գյուղ ալեքսանդրապոլի գավառում ներկայիս այգաբաց,,իլխինապ,O,"O,O,O,O,O,O,O,O"
յակոբ ապաչեան որմնադիր սառնաղբյուրի կամրջի,,յակոբ,O,"O,O,O,O,O"
թ դեկտեմքերի ի երկրաշարժից մեծ ճաքեր են գոյացել եկեղեցու հատկապես հարավային որմին ու գմբեթին,,թ,O,"O,O,O,O,O,O,O,O,O,O,O,O,O,O"
դատելով հայր պետրոսի առաջնորդության տարիներից հարկ է նշել որ վաղագույն թվականը է վկայված թիվ վիմագրում իսկ վերջին թվականը ը՝ այդ թվին հառիճում ընդօրինակված ձեռագիր ժողովածուի հիշատակարանում գրեցաւ ի ոկը թւին հայոց ի հրեշտակաբնակ ուխտիս հառիճ՝ ընդ հովանեաւ սուրբ աստուածածնի եւ սուրբ գրիգորոյ,,դատելով,O,"O,O,O,O,O,O,O,O,O,O,O,O,O,O,O,O,O,O,O,O,O,O,O,O,O,O,O,O,O,O,O,O,O,O,O,O,O,O,O,O,O,O"
Ալբոմում տպագրվեց մեծադիր Թագավորական արձանագրություն՝ կողքին գունազարդ նկարներով.,Թագավորական արձանագրություն ,Ալբոմում,O,"O,O,O,B-INSC,O,O,O,O"
երեմեայ դաւթեանց բանդիվան գյուղի հիմնադիրներից,,երեմեայ,O,"O,O,O,O,O"
Դասախոսը ներկայացրեց կանոնաիրավական արձանագրություն՝ որպես նորմատիվ միավոր միջնադարում.,կանոնաիրավական արձանագրություն ,Դասախոսը,O,"O,O,B-INSC,O,O,O,O,O"
Գավթի արևմտյան սյունին կա Գավիթային արձանագրություն՝ նշված վարպետների անուններով.,Գավիթային արձանագրություն ,Գավթի,O,"O,O,O,O,B-INSC,O,O,O,O"
հրատ եղիազարյան էջմիածին ա ավելի պակասավոր գագիկ հառիճեցի,,հրատ,O,"O,O,O,O,O,O,O,O"
նույն տեղում էջ,,նույն,O,"O,O,O,O,O,O,O,O,O"
հրատ եղիազարյան էջմիածին ա գագիկ հառիճեցի,,հրատ,O,"O,O,O,O,O,O,O,O,O,O,O,O,O,O,O,O,O,O"
արչձանագրված եինաքար գերեզմանոջի եկեղեցու ավերակներում տող,,արչձանագրված,O,"O,O,O,O,O,O"
"Պատարագի ավարտին կարդացվեց Օրհնագիր, որը ընդգծում էր նվիրատուների և արհեստավորների աշխատանքը.",Օրհնագիր ,Պատարագի,O,"O,O,O,O,O,O,O,O,O,O,O"
կ սաթևոսյան անի շիրակի պատմության էջեր երևան էջ,,կ,O,"O,O,O,O,O,O,O,O"
պեմզաշեն առաքելոց եկ խաչքար ոռդ հիշատակագրություն պեմզաշեն սակարավանք աե պատ արտ ոռդ շինարարական պեմզաշեն սակարավանք հվ պատ արտ ոդդ արևի ժամացույց,,պեմզաշեն,O,"O,O,O,O,O,O,O,O,O,O,O,O,O,O,O,O,O,O,O,O,O"
ցավոք ոչ այստեղ ոչ յյուսում դ տառից հետո բացակայում է ի տառը չնայած արդքը հետագա դարերում կարող էր դառնալ արդիք կամ արթիկ,,ցավոք,O,"O,O,O,O,O,O,O,O,O,O,O,O,O,O,O,O,O,O,O,O,O,O"
Մկրտության ավազանի մոտ տեղադրված ցուցանակը ներկայացնում է եկեղեցաշինական արձանագրություն և դրա ընթերցումը.,եկեղեցաշինական արձանագրություն ,Մկրտության,O,"O,O,O,O,O,O,O,B-INSC,I-INSC,O,O,O"
վ աազ ս գեվորգ եկեղեցի ավագ խորանի մասամբ պահպանված որմնանկարի վրա տող,,վ,O,"O,O,O,O,O,O,O,O,O,O,O,O"
ծանոթ քյուրտյանը վիմագիրը համեմատելով ալիշանի հրապարակման հետ գրում է տարբերութիւն չկայ բացի միայն վերը յառաջ բերուած մասեն որով աւելորդ նկատեցի ամբողջ արձծանագրութիւնը տալ հոս,Վիմագիր,ծանոթ,O,"O,O,O,O,O,O,O,O,O,O,O,O,O,O,O,O,O,O,O,O,O,O,O,O"
ցանոթ ժամանակը որոշվում է հայր համազասպի հիշատակումով որի արձանագրություն,,ցանոթ,O,"O,O,O,O,O,O,O,O,O"
Քարաշեն տապանի գլխամասում առկա Տապանագիր նշում է հանգուցյալի ծննդավայրը և գերդաստանի նշանը.,Տապանագիր ,Քարաշեն,O,"O,O,O,O,B-INSC,O,O,O,O,O,O,O"
ս գրիգոր եկեղեցի հարավային պատին արտաքուստ լուսամուտից վեր տող,,ս,O,"O,O,O,O,O,O,O,O,O"
պատմությունից հայտնի է որ նիկոլայ իի օրոք է տեղի ունեցել գուսաար կական պատերազմը որն ավարտվել էթուրքմենչայի թ երկկողմանի հաշտության պայմանագրով ըստ որի պարսկաստանը պաշտոնապես ճանաչեց երևանի ու նախիջևանի խանությունների և օրդուբադի գավառի միացումը ռուսաստանին,,պատմությունից,O,"O,O,O,O,O,O,O,O,O,O,O,O,O,O,O,O,O,O,O,O,O,O,O,O,O,O,O,O,O,O,O,O,O,O"
հրատ թորամանյան բ,,հրատ,O,"O,O,O,O,O,O"
աստուածատուր նվիրատու հառիճավանքի ավագյան սուրեն,,աստուածատուր,O,"O,O,O,O,O"
ւ ար ու է ե հւ լլզա դուչ,,ւ,O,"O,O,O,O,O,O,O,O"
դիւաղաց ջաղաց որը տրվել է հառիճավանքին դպրեվանք կումայրիի եկեղեցի դվին դողս գյուղ ներկայիս արմավիրի մարզում որտեղից ջաղաց է նվիրաբերվել սարմաշենի վանքին դուան թերևս դվինն որտեղից գոմ է նվիրաբերվել լմբատավանքին,,դիւաղաց,O,"O,O,O,O,O,O,O,O,O,O,O,O,O,O,O,O,O,O,O,O,O,O,O,O,O,O,O,O,O"
ցանոթ տողերի վերջին մասերում բավականաչափ քարեր հնում թափված են եղել և նոր ավելի մանր քարերով վերաշարվել է պատը,,ցանոթ,O,"O,O,O,O,O,O,O,O,O,O,O,O,O,O,O,O,O,O"
Ձեռագրային հավաքածուում կա Թագավորական արձանագրություն՝ կնքված արքայական կնիքով.,Թագավորական արձանագրություն ,Ձեռագրային,O,"O,O,O,B-INSC,O,O,O,O"
Արխիվային փաթեթում պահպանվում է Կանոնագիր՝ երկու տարբեր խմբագրություններով.,Կանոնագիր ,Արխիվային,O,"O,O,O,O,O,O,O,O"
տապանաքար երկլանջ գլխավոր տաճարի հարավարնելյան կողմում նախորդի մոտ հյուսիսային նիստին հարավային նիստին նույնքան տող,,տապանաքար,O,"O,O,O,O,O,O,O,O,O,O,O,O,O,O"
դատելով բովանդակությունից արծանագրությունը պիտի ավարտվեր նվիրագրերին հատուկ նզովքի բանածևով որից մի փոքր հատված պահպանվել է,նվիրագիր,դատելով,O,"O,O,O,O,O,O,O,O,O,O,O,O,O,O,O"
եկեղեցու կառուցման ժամանակահատվածը սամուել անեցին սահմանում է հայոց նլե նխգ այսինքն թթ միջակայքում սկիզբն շինուածոյ մեծանուն եւ վայելչաշէն զարմանակերտ եւ հոյակապ ուխտին սարմաշինոյ ի քրիստոսասէր իշխանաց իշխանէն վահրամայ որ էր թոռն ապուղամրի սկսեալ ի նևե ամէն եւ աւարտեալ ի նխ գ որ լինի ը ամ,,եկեղեցու,O,"O,O,O,O,O,O,O,O,O,O,O,O,O,O,O,O,O,O,O,O,O,O,O,O,O,O,O,O,O,O,O,O,O,O,O,O,O,O,O,O,O,O,O,O,O"
տապանաթար ուղղանկյուն սալ վանքի հյուսիսային գերեզմանոցում տող,,տապանաթար,O,"O,O,O,O,O,O,O"
նշվածները տառերի վերին գծերը չեն այլ ուղղահայաց գծերով քանդակազարդ,,նշվածները,O,"O,O,O,O,O,O,O,O,O"
Մշակութային երթուղու քարտեզում նշված է եկեղեցաշինական արձանագրություն՝ հարավային մուտքի վերևում.,եկեղեցաշինական արձանագրություն ,Մշակութային,O,"O,O,O,O,O,B-INSC,O,O,O,O"
կաթողիկե եկեղեցին երկու զույգ որմնամույթերով գմբեթավոր դահլիճ է ընդ որում գմբեթը շենքի արտաքին ձավալում գրավում է կենտրոնական դիրք,,կաթողիկե,O,"O,O,O,O,O,O,O,O,O,O,O,O,O,O,O,O,O,O"
կուղպակներ են նվիրաբերվել սարմաշենի վանքին,,կուղպակներ,O,"O,O,O,O,O"
արտեւան ամուսին նուրսթիի նվիրատու հառիճավանքի,,արտեւան,O,"O,O,O,O,O"
Մատենագիտական ցանկում նշվում է Կոնդակագիր՝ հազվագյուտ պահպանվածությամբ.,Կոնդակագիր ,Մատենագիտական,O,"O,O,O,O,O,O,O"
ս աստվածածին եկեղեցի արևմտյան մուտքի բարավորին և կամարին ընթերցվող տող,,ս,O,"O,O,O,O,O,O,O,O,O,O"
արձանագրված եինաթար գտնվել է վանքի թանգարանում տող,,արձանագրված,O,"O,O,O,O,O,O,O"
մակարավանք արևմտյան մուտքի բարավորին տող,,մակարավանք,O,"O,O,O,O,O"
ալաման գյուղ կարսի մարզում,,ալաման,O,"O,O,O,O"
մաքարէ ամիրսպասալար որդի սարգսի եղբայր իւանէ աթաբեկի,,մաքարէ,O,"O,O,O,O,O,O,O"
րծանագիր քարը կրկնակի օգտագործման է,,րծանագիր,O,"O,O,O,O,O"
Պատմական զբոսաշրջության ուղեցույցը ներառում է քաղաքի գլխավոր Հուշակոթողային արձանագրություն քարտեզավորված կետով.,Հուշակոթողային արձանագրություն ,Պատմական,O,"O,O,O,O,O,O,O,B-INSC,I-INSC,O,O"
հոգեվանք ս կարապետեկ նվիրատվական աե պատ արտ,,հոգեվանք,O,"O,O,O,O,O,O,O"
արթիկ ս գնորգ ավագ խորան ներ ոռ հիշատակագրություն,,արթիկ,O,"O,O,O,O,O,O,O,O"
թ մաքրվել ու բարեկարգվել է եկեղեցու շրջակայքը որի արդյունքում պարզվել է որ արևմտյան խաչաթևի պատին կից էեղել մեկ այլ կառույց որի խորանի հիմնապատերն են մնացել,,թ,O,"O,O,O,O,O,O,O,O,O,O,O,O,O,O,O,O,O,O,O,O,O,O,O,O,O"
սարմաշեն գլխավոր տաճարի մեջ բեկոր դ նվիրատվական,,սարմաշեն,O,"O,O,O,O,O,O,O"
այստեղ բարձրանում են ստորին հարկի խորաններին կից աստիճան ունեցող քարե սանդուղքներով,,այստեղ,O,"O,O,O,O,O,O,O,O,O,O,O"
յովհաննէս վարդապետ առաջնորդ հառիճավանքի,,յովհաննէս,O,"O,O,O,O"
քրիստոսատուր որի բարեխոսության համար խաչ է քանդակվել,,քրիստոսատուր,O,"O,O,O,O,O,O,O"
ձիթհանքով գյուղ նիրակում չորագյուղ գյուղատեղ սառնադբյուր գյուղում ձորագետ չորագյուղի վանք տես հոգեվանք,,ձիթհանքով,O,"O,O,O,O,O,O,O,O,O,O,O,O"
Սրահի աջ անկյունում տեղադրված ցուցատախտակի տակ ցուցադրվում է տապանաքարային վիմագիր՝ արձանագրված 14-րդ դարում.,տապանաքարային վիմագիր ,Սրահի,O,"O,O,O,O,O,O,O,O,B-INSC,O,O,O,O"
աշ մանուչարյանը նշյալ հոդվածում ներկայացնում էնաև երկու կարճ վկայագիր հարավային ճակատի վերևում կենտրոնում գեղագիր երկու տառ բջ որնըստ նրա կարողէր վերականգնող ճարտարապետի անվան տառերը լինել հարավային պատի աբսիդին նույնը նաև արևելյան պատին քես սիմբատ,,աշ,O,"O,O,O,O,O,O,O,O,O,O,O,O,O,O,O,O,O,O,O,O,O,O,O,O,O,O,O,O,O,O,O,O,O,O"
երերույքի տաճարի շրջակայքում և ներսում տարբեր տարիներին հնագիտական պեղումներ են իրականացվել որոնցից նշելի են հատկապես հայ ֆրանսիական արշավախմբի թթ պեղումները,,երերույքի,O,"O,O,O,O,O,O,O,O,O,O,O,O,O,O,O,O,O,O,O,O"
ծանոթ որմնանկարագրի թվականը ս բարխուդարյանը կարդացել է ոչթ այսինքն միավոր տառը,,ծանոթ,O,"O,O,O,O,O,O,O,O,O,O,O"
ծանոթ ժամանակը որոշվում է համազասպ առաջնորդի հիշատակումով ժգ դարի առաջին կես,,ծանոթ,O,"O,O,O,O,O,O,O,O,O,O,O"
գրչագիրը վերցված է օրբելու հրատարակությունից,,գրչագիրը,O,"O,O,O,O,O"
գյուղը հարուստ է վաղ հնագիտական հուշարձաններով պահպանվել են մ թ ա ու հազարամյակների ամրոցների ու բնակատեղիի մնացորդները ներքին բանդիվան գյուղատեղին դամբարանադաշտն ու թագավորական կամուրջը,,գյուղը,O,"O,O,O,O,O,O,O,O,O,O,O,O,O,O,O,O,O,O,O,O,O,O,O,O"
թումայ ուխտաւոր և նորոգող սարմաշենի վանքի,,թումայ,O,"O,O,O,O,O,O"
սարքիս նգեցի հիշատակված է,,սարքիս,O,"O,O,O,O"
ուքան քարիմադին եղբայր պապքանի ռուս,,ուքան,O,"O,O,O,O,O"
կարդալու համար շփոթմունք են առաջացրել երկու կողմից առկազույգ կետերը,,կարդալու,O,"O,O,O,O,O,O,O,O,O"
տապանաքար գյուղի անանուն մատուռի արևելյան կողմում արտի մեջ,,տապանաքար,O,"O,O,O,O,O,O,O,O"
ասէլ նոտխարաթկդահախաւ ւիսագեգ ա ոե իսաանւի ա ո ոորրղարլաու,,ասէլ,O,"O,O,O,O,O,O,O,O,O"
հուշարձանի հորինվածքում ճարտարապետն ցգտագործել է ծագումով գանձասարից մի փոքրաչափ խաչքար հարազատ դդ որի ստորին մասում առկա է նաև եղծվածու անընթեռնելի եռատող արձանագրություն,,հուշարձանի,O,"O,O,O,O,O,O,O,O,O,O,O,O,O,O,O,O,O,O,O,O,O,O"
արթիկ ս գնորգ հվ պատ արտ ոռ հիշատակագրություն,,արթիկ,O,"O,O,O,O,O,O,O,O"
տարակուսելի է մնում օսմանյան սուլթան սահմուդ ի անվան հիշատակումը համիթ ձևով,,տարակուսելի,O,"O,O,O,O,O,O,O,O,O,O,O"
Արխիվային տվյալներում հայտնաբերվեց վաղ շրջանի Տաղավարի արձանագրություն՝ առանց թվագրության.,Տաղավարի արձանագրություն ,Արխիվային,O,"O,O,O,O,O,B-INSC,O,O,O"
Վերականգնումից հետո բացահայտվեցին դեռևս աննկատ Ապարանքների շինարարական արձանագրություններ սենյակների շեմքերին.,Ապարանքների շինարարական արձանագրություններ ,Վերականգնումից,O,"O,O,O,O,O,B-INSC,I-INSC,I-INSC,O,O"
"Անիի շրջակայքում պեղումների ընթացքում արձանագրվեց վիմական արձանագրություն, որը վերաբերում էր հողի հարկերի հաղթահարմանը.",վիմական արձանագրություն ,Անիի,O,"O,O,O,O,O,B-INSC,O,O,O,O,O,O,O"
"Տեղաբնակը պատմեց, որ հին Զանգակատան արձանագրություն ժամանակին ներկել են կրաշաղախով.",Զանգակատան արձանագրություն ,Տեղաբնակը,O,"O,O,O,O,B-INSC,I-INSC,O,O,O,O"
Սյունի մակերեսին պահպանվել է Սյունագիր՝ նուրբ խորությամբ փորագրված տառերով.,Սյունագիր ,Սյունի,O,"O,O,O,O,O,O,O,O,O"
Գավթի սյան վրա փորագրված է Նվիրատվական արձանագրություն՝ թվարկված ուղեբեռներով.,Նվիրատվական արձանագրություն ,Գավթի,O,"O,O,O,O,O,B-INSC,O,O,O"
այսօր արևեսան շիրակն իր տարածքով հիմնականում համապատասխանում է հայաստանի հանրապետության նիրակի մարզին՝ խորհրդային շրջանաբաժանմամբ՝ անիի ախուրյանի արթիկի աձասիայի և աշոցքի շրջաններին,,այսօր,O,"O,O,O,O,O,O,O,O,O,O,O,O,O,O,O,O,O,O,O,O,O"
այս շրջանում վահրամ պահլավունու թոռներ գրիգոր արքեպիսկոպոսն ու ղարիք իշխանը նորոգում են վանքն ու միաբանություն հաստատում վերջիններս ևս թաղված են գավիթտապանատանը,,այս,O,"O,O,O,O,O,O,O,O,O,O,O,O,O,O,O,O,O,O,O,O,O"
սարգիս ս եկեղեցի խծկոնքի վանքում,,սարգիս,O,"O,O,O,O,O"
կարծում ենք որ նվիրատուն հառիճավանքի ժամատան կառուցման մեկենաս հեջուք կամ մեծիշխան վահրամի իշխան որդին է արձ,,կարծում,O,"O,O,O,O,O,O,O,O,O,O,O,O,O,O,O,O"
հրատ եղիազարյան էջմիածին ե,,հրատ,O,"O,O,O,O"
ամակառույցի վիմագրերը ներկայացված են օրբելու վերծանությունների հիմամբ և նրա կարճառոտ ծանոթագրություններով,վիմագրերը,ամակառույցի,O,"O,B-INSC,O,O,O,O,O,O,O,O,O"
խաչատուր վարդապետ հառիճավանքի միաբան,,խաչատուր,O,"O,O,O,O"
ստեփանոս արք խաժակյան վանահայր հառիճավանքի,,ստեփանոս,O,"O,O,O,O,O"
ծանոթ գրված է շինարարության ժամանակ թվին,,ծանոթ,O,"O,O,O,O,O,O"
Մատենաբանը համադրեց փակագիր արձանագրություն այլ ձեռագրերի ծածկագրերի հետ.,փակագիր արձանագրություն ,Մատենաբանը,O,"O,O,B-INSC,I-INSC,O,O,O,O"
ձեռագրի հառիճավանքի վիմագրերը սույն հատորում կրում են հետկյալ կարգային համարները ի իս ժե էբ էա,վիմագրերը,ձեռագրի,O,"O,O,B-INSC,O,O,O,O,O,O,O,O,O,O,O,O,O,O,O,O,O,O,O,O,O,O,O,O,O,O,O"
ի ըվի ու ու տոմէգցի վսրգսոէտ կամ՝ տոմէ գրի վերդադէտ այս գեցմա մ,,ի,O,"O,O,O,O,O,O,O,O,O,O,O,O,O"
ծանոթ առիճավանքի ամենից ուշագրավ շինարարանվիրատվական արձանագրությունն է որտեղ,,ծանոթ,O,"O,O,O,O,O,O,O,O"
նուրսթի ամուսին արտեւանի նվիրատու հառիճավանքի,,նուրսթի,O,"O,O,O,O,O"
ական թթ շրջագայությունների ժամանակ արշավախմբի անդամների աչքից վրիպած կամ հետագայում ինչ ինչ հանգամանքներում բացահայտված նոր արձանագրությունների ներառում,,ական,O,"O,O,O,O,O,O,O,O,O,O,O,O,O,O,O,O,O"
կազմողի ձեռագրում այն գրված չէ նրջիսը զաքարյան հանրահայտ եղբայրների քույրն է որի պահած դաստիարակած խնուցած անծանց վերաբերյալ բազմաթիվ վկայություններ կան,,կազմողի,O,"O,O,O,O,O,O,O,O,O,O,O,O,O,O,O,O,O,O,O,O"
ս գրիգոր եկեղեցի համալիրի հնագույն կառույցն է որը թվագրվում է դարով,,ս,O,"O,O,O,O,O,O,O,O,O,O,O"
նտակ է որ ննջեցյալը վահրամ պահլավունու որդի ապուղամրի աբուխամը կինն է որը կյանքից հեռացել է վաղաժամ սուգու կսկիծ թողնելով ամուսնու և ծնողների սրտում,,նտակ,O,"O,O,O,O,O,O,O,O,O,O,O,O,O,O,O,O,O,O,O,O,O,O,O"
"Վարպետի կտավում առկա է նվիրագիր, որը թվարկում է նվիրատուների ընտանիքի անդամներին.",նվիրագիր ,Վարպետի,O,"O,O,O,O,O,O,O,O,O,O,O"
դրանք մի քանի դարաշրջան են ցույց տալիմ վաղ ֆեոդալիզմից սկսած մինչև րդ ռդ ներսում կան երկու եկեղեցիների հիմնապատեր անտաշ քարերով մեկի մոտ առկաեն ժայռաբեկորիցխաչքարև տափակ գերեզմանաքարեր րդդարի մեկը թ հոգևորականի,,դրանք,O,"O,O,O,O,O,O,O,O,O,O,O,O,O,O,O,O,O,O,O,O,O,O,O,O,O,O,O,O,O,O"
"Թանգարանում ցուցադրված Վերանորոգման, նորոգման արձանագրություն պատմում է տանիքի ծածկի փոխարինման մասին.","Վերանորոգման, նորոգման արձանագրություն ",Թանգարանում,O,"O,O,B-INSC,I-INSC,I-INSC,O,O,O,O,O,O"
վերն իմ երն շիկին և,,վերն,O,"O,O,O,O,O"
հարուստ է նաև միջնադարյան հուշարձաններով,,հարուստ,O,"O,O,O,O,O"
կառուցված է հավանաբար նույն ժամանակաշրջանում այսինքն՝ դարձյալ վահրամ պահլավունու նախաձեռնությամբ,,կառուցված,O,"O,O,O,O,O,O,O,O,O,O"
բնակավայրի կենտրոնում ս աստվածածին կիսավեր եկեղեցին է խաչաձև հատակագծով կենտրոնագմբեթ հորինվածքով բնորոշ դարին,,բնակավայրի,O,"O,O,O,O,O,O,O,O,O,O,O,O,O"
Համեմատական աղյուսակում ընդգրկվեց սյունային արձանագրություն՝ հապավումների բացատրությամբ.,սյունային արձանագրություն ,Համեմատական,O,"O,O,O,B-INSC,O,O,O"
ս ստեփանոս եկեղեցի հյուսիսային խաչաթևի արևելյան պատին արտաքուստ տող,,ս,O,"O,O,O,O,O,O,O,O,O"
տապանաքար երկլանջ հարավային նիստին չափածո տող,,տապանաքար,O,"O,O,O,O,O,O"
ա ատեփանոս եկեղեեցի արևելյան խաչաթևի հյուսիսային պատին արտաքուստ տող,,ա,O,"O,O,O,O,O,O,O,O,O"
հատ սխիթարյանց տեղագրութիւն ալիշան եիրակ,,հատ,O,"O,O,O,O,O"
Տեղի հոգևոր հովվի խոսքով տապանաքարային վիմագիր հիշեցնում է համայնքի դժվար տարիների մասին.,տապանաքարային վիմագիր ,Տեղի,O,"O,O,O,O,B-INSC,I-INSC,O,O,O,O,O,O"
Լուսազարկումից հետո ընթեռնելի դարձավ Գմբեթային արձանագրություն՝ օրհնաբանությամբ.,Գմբեթային արձանագրություն ,Լուսազարկումից,O,"O,O,O,O,B-INSC,O,O"
տպագրված է հայկարլի սպը տպարանում հեռ,,տպագրված,O,"O,O,O,O,O,O"
սադուն արծրունի սահկանաբերդի մեծ իշխան սահակ կառուցող սակարավանքի սահակյան գևորգ քեթիի բնակիչ,,սադուն,O,"O,O,O,O,O,O,O,O,O,O,O,O"
պետրոս հայր հառիճավանքի առաջնորդ,,պետրոս,O,"O,O,O,O"
ս գրիգոր եկեղեցի հարավային պատին արտաքուստ նախորդից անմիջապես ներքև տող,,ս,O,"O,O,O,O,O,O,O,O,O,O"
"Արձանագրագետների խումբը փորձեց ընթերցել մաշված Տապանագիր, որտեղ տարբերակվում էր ընտանիքի ազգանունը.",Տապանագիր ,Արձանագրագետների,O,"O,O,O,O,O,O,O,O,O,O,O"
անլի երիցակին տ գրիգոր ժամկոչեանի ննջեցյալ,,անլի,O,"O,O,O,O,O,O"
հատ զալալյանց ա տիրատուրի փոխարեն տրիտուր որը կրկնել է ալիշանը մխիթարյանց հառիճ ալիշան եիրակ գէորգեանց եղիազարյան,,հատ,O,"O,O,O,O,O,O,O,O,O,O,O,O,O,O,O,O"
պապքան վախրադին եղբայր ուքանի ռուս պապօ որդի արօյի ննջեցյալ պարսամյան վարդան,,պապքան,O,"O,O,O,O,O,O,O,O,O,O,O"
հարավ արևելքից և հարավարևմուտքից եկեղեցուն կից են քառանկյուն ավանդատները,,հարավ,O,"O,O,O,O,O,O,O,O,O"
Պեղումների ընթացքում հայտնաբերվեց Թագավորական արձանագրություն՝ մասամբ կոտրված սալիկի վրա.,Թագավորական արձանագրություն ,Պեղումների,O,"O,O,O,B-INSC,O,O,O,O,O"
ալ մանուչարյանի հավելումը ձսուրբ ուխտս գրիգորի հավանական չենք համարում,,ալ,O,"O,O,O,O,O,O,O,O,O"
ծանոթ վիմագիրը մկրտիչ ս խրիմյան հայրիկի օրոք իրականացված շինարարական աշխատանքների քարեղեն ապացույցն է միաթռիչք կամուրջը կառուցվել է ոմն գասպար սողոմոնյանի միջոցներով ու ջանասիրությամբ իսկ որմնադիրը այսինքն՝ պատշարը ակոբ ապաջյաննէ,վիմագիրը,ծանոթ,O,"O,B-INSC,O,O,O,O,O,O,O,O,O,O,O,O,O,O,O,O,O,O,O,O,O,O,O,O,O,O,O"
Գավթի անկյունային սյան վրա ընթերցվեց Սյունագիր՝ նշված շինարարի անունով.,Սյունագիր ,Գավթի,O,"O,O,O,O,O,O,O,O,O"
Հրատարակության հավելվածում տեղ գտավ մի փակագիր արձանագրություն լուսապատճեն՝ բացատրություններով.,փակագիր արձանագրություն ,Հրատարակության,O,"O,O,O,O,O,B-INSC,I-INSC,O,O"
սմբատ եղբայր դավիթ անհողին թագավորի,,սմբատ,O,"O,O,O,O,O"
այն հուշարձաններն էլ որ հիշատակված են կոմիտեի ցուցակներում կամ միայն հիմնապատերն են մնացել և կամ էլ դրանց վրա րդ դարում նորերն են շինվել,,այն,O,"O,O,O,O,O,O,O,O,O,O,O,O,O,O,O,O,O,O,O,O,O,O,O"
արչանագիր քար ագուցված գյուղամիջյան հին կամրջի ձախակողմյան պատին տող,,արչանագիր,O,"O,O,O,O,O,O,O,O,O"
հրատ սխիթարյանց տեղագրութիւն ալիշան եիրակ գէորգեանց բասմաջյան հասբս,,հրատ,O,"O,O,O,O,O,O,O,O"
կոթողի պատվանդան գտնվում է վահրամաբերդ գյուղից մոտ կմ հարավ արևելք արտի,,կոթողի,O,"O,O,O,O,O,O,O,O,O,O,O"
հառիճավանք զանգակատան ամ պատ արտ ոյխա շինարարական,,հառիճավանք,O,"O,O,O,O,O,O,O"
թորամանյան նյութեր հայկական ճարտարապետության պատմության հ բ է,,թորամանյան,O,"O,O,O,O,O,O,O,O"
Համայնքի պատմության ալբոմում հրատարակվեց Եկեղեցու արձանագրություն՝ կապված նոր զանգակատան կառուցման հետ.,Եկեղեցու արձանագրություն ,Համայնքի,O,"O,O,O,O,B-INSC,O,O,O,O,O,O"
մարմաշեն գլխավոր տաճարի մեջ բեկոր ոռ նվիրատվական սարմաշեն գլխավոր տաճարի մեջ բեկոր ռ հիշատակագրություն,,մարմաշեն,O,"O,O,O,O,O,O,O,O,O,O,O,O,O,O"
ծանոթ հրատարակիչները րդ տողում վերին բառից հետո ավելացրել են նաև թաղ բառը որը չկա բնագրում իսկ րդ տողում՝ վարդէնէ անձնանունը դարծրել են նվարդ կամ նվարթ գևորգյանցը կարդում է վարդինե,,ծանոթ,O,"O,O,O,O,O,O,O,O,O,O,O,O,O,O,O,O,O,O,O,O,O,O,O,O,O,O,O,O,O"
"Թանգարանում ցուցադրվում են Ապարանքների շինարարական արձանագրություններ, որոնք բացատրում են գմբեթների փոխարինումը.",Ապարանքների շինարարական արձանագրություններ ,Թանգարանում,O,"O,O,O,B-INSC,I-INSC,O,O,O,O,O,O"
"Վանական կանոնակարգը ամփոփված է Կանոնագիր, որը սահմանում է ապրուստի և աղոթքի կարգը.",Կանոնագիր ,Վանական,O,"O,O,O,O,O,O,O,O,O,O,O,O"
ո և ատ եղիազարյան էջմիածին ա,,ո,O,"O,O,O,O,O,O"
հատկապես մեծ համբավ էին վայելում տեղի քարտաշներն ու որմնադիրները,,հատկապես,O,"O,O,O,O,O,O,O,O,O"
Ձեռագրական ցուցակում ներառվեց Մատենագիտական արձանագրություն՝ որը թվարկում է մատյանի կազմողների անունները.,Մատենագիտական արձանագրություն ,Ձեռագրական,O,"O,O,O,B-INSC,O,O,O,O,O,O,O"
տապանաքար երկլանջ եկեղեցու հյուսիսարևելյան կողմում տող թ վ տսայմհ անգիստ թ վին հայոյյ ոխ ս հանգիստ,,տապանաքար,O,"O,O,O,O,O,O,O,O,O,O,O,O,O,O,O,O"
գոր յինէէ վերջին չորս տառը թեական համարելով յինունք բառի սեռական հոլովիխոսակցական ձև գտնելով որ յինունքը զատկից մինչև հոգեգալուստ եղած յիսուն օրուայ միջոցն է որ աճառյան այերեն արմատական բառարան հ եր էջ,,գոր,O,"O,O,O,O,O,O,O,O,O,O,O,O,O,O,O,O,O,O,O,O,O,O,O,O,O,O,O,O,O,O,O"
չէր րիթյյցիս կնաց այայտղմուտ կ,,չէր,O,"O,O,O,O,O"
համալիրում հիշյալ ընկերության աշխատանքները դադարեցվել են թ սակայն այսօր ևս վանքում բարեկարգման ու ամրակայման աշխատանքներ են տարվում,,համալիրում,O,"O,O,O,O,O,O,O,O,O,O,O,O,O,O,O,O,O"
սոմա պատարագ է ստացել,,սոմա,O,"O,O,O,O"
սարաւթա ամուսին լմբատավանքի նվիրատուի անունը եղծված պատարագէ ստացել,,սարաւթա,O,"O,O,O,O,O,O,O,O"
աշ սանուչարյան շպմսժ աշ մանուչարյան վիմագրական նորույթներ սարմաշենի վանքից նիրակի,,աշ,O,"O,O,O,O,O,O,O,O,O,O"
գնդո հիշատակված է գորգ պատարագ է ստացել,,գնդո,O,"O,O,O,O,O,O,O"
Գրական քննադատը վերլուծեց Մատենագիտական արձանագրություն՝ որպես ձեռագրական մշակույթի աղբյուր.,Մատենագիտական արձանագրություն ,Գրական,O,"O,O,O,B-INSC,O,O,O,O,O"
ցանոթ կարծում ենք որ սա նախորդ տապանագրում հիշված անծնէ,Տապանագիր,ցանոթ,O,"O,O,O,O,O,O,O,O,O,O,O,O,O,O,O,O,O,O"
Վերականգնողական աշխատանքին զուգահեռ մաքրվեց հին Դռնագիր՝ մետաղական դուռը փոխարինելուց հետո.,Դռնագիր ,Վերականգնողական,O,"O,O,O,O,O,O,O,O,O,O"
մահմլըք ամուսին ապուղամրի մայր գրիգոր արքեպիսկոպոսի պատարագ է ստացել,,մահմլըք,O,"O,O,O,O,O,O,O,O,O"
թ թորամանյանն իր ճանապարհորդական նոթերում քանիցս անդրադարձել էիր ժամանակ սահմուդջուղ անունը կրող գյուղի հուշարձաններին ու գերեզմանոցներին նշելով հետնյալը սահմուտճուկ գյուղին արևելյան կողմը հնագույն մի գերեզմանոց կա ուր այժմ ալ գյուղացիք իրենց մեռելները կթաղեն այս գերեզմանոցն իր վրա ցույց կուտա շատ խոր հնության նշաններ բացի այն որ կան հին խաչքարեր և րդ դարերու արձանագրությամբ գերեզմանաքարեր,,թ,O,"O,O,O,O,O,O,O,O,O,O,O,O,O,O,O,O,O,O,O,O,O,O,O,O,O,O,O,O,O,O,O,O,O,O,O,O,O,O,O,O,O,O,O,O,O,O,O,O,O,O,O,O,O,O"
Գիտաժողովում ընթերցվեց Կանոնագիր՝ մանրամասն բացատրություններով.,Կանոնագիր ,Գիտաժողովում,O,"O,O,O,O,O"
Լուսանկարիչը կիրառեց թեք լուսավորում՝ Ժամատան արձանագրություն գծանշումը պարզելու համար.,Ժամատան արձանագրություն ,Լուսանկարիչը,O,"O,O,O,O,B-INSC,I-INSC,O,O,O"
Հասարակական արխիվը թվայնացրեց Վերաօծման արձանագրություն՝ հասանելի դարձնելով առցանց.,Վերաօծման արձանագրություն ,Հասարակական,O,"O,O,O,B-INSC,O,O,O,O"
"Գրախոսականում նշվեց, որ այս հիշատակագրային վիմագիր եզակի է իր լեզվական ձևավորվածությամբ.",հիշատակագրային վիմագիր ,Գրախոսականում,O,"O,O,O,O,B-INSC,I-INSC,O,O,O,O,O"
պեմզաշեն սակարավանք ամ պատ բար նվիրատվական,,պեմզաշեն,O,"O,O,O,O,O,O"
ծանոթ վերջին բառը արնելյան մասում ըստ երևույթին հետո են ավելացրել,,ծանոթ,O,"O,O,O,O,O,O,O,O,O,O"
ներկա դեաքում դրանց ոչ թե տեղադրությունն է կարևոր այլ այդ անունով գյուղեր լինելը,,ներկա,O,"O,O,O,O,O,O,O,O,O,O,O,O,O"
աբրահամ վարդապետ լուսարար հառիճավանքի ննջեցյալ,,աբրահամ,O,"O,O,O,O,O"
եոթա հնում այսպես է կոչվել եիրակի նոր կյանք գյուղը,,եոթա,O,"O,O,O,O,O,O,O,O,O"
Տեսանկարահանված նյութում հստակ երևում է Տապանագիր՝ խաչապատկեր խորանարդով զարդարված.,Տապանագիր ,Տեսանկարահանված,O,"O,O,O,O,O,O,O,O,O"
սիսէոնի ա գրիգորո կատարիչքն աւրհնեալ եղիցին ամէն,,սիսէոնի,O,"O,O,O,O,O,O,O"
ցանոթ վկայագիրը մեծ հետաքրքրություն էներկայացնում մի շարք առումներով հայտնի է դառնում ոդարի ևս միխաչքարագործ վարպետի անուն խաչատուր կամ խաչտուր,,ցանոթ,O,"O,O,O,O,O,O,O,O,O,O,O,O,O,O,O,O,O,O,O"
որպես անծձնանուն առաջին անգամ է վկայված իշխան իշխանի հրամանը վկայագրող շահապը,,որպես,O,"O,O,O,O,O,O,O,O,O,O,O"
բնակավայրի պատմամշակութային անցյալը հիմնականում ներկայացված է վաղագույն դարաշրջանների հուշարծաններով,,բնակավայրի,O,"O,O,O,O,O,O,O,O,O"
արձանագրության աջ կողմի ներքևում քանդակված է երախը բաց առյուծ,,արձանագրության,O,"O,O,O,O,O,O,O,O,O"
գերեզմանոց գտնվում է համալիրից դուրս գյուղի մեջ,,գերեզմանոց,O,"O,O,O,O,O,O,O"
հրատ նահխաթունյանց սխիթարյանց հառիճ,,հրատ,O,"O,O,O,O"
մարձաշեն գավիթ բեկոր ջոռ նվիրատվական,,մարձաշեն,O,"O,O,O,O,O"
Գիտաժողովում քննարկվեց նույն համալիրից հայտնի կառուցողական արձանագրություն՝ անհայտ կրճատումներով.,կառուցողական արձանագրություն ,Գիտաժողովում,O,"O,O,O,O,O,B-INSC,O,O,O"
այդ երկու շրջաններում չգտանք և ոչ մի արձանագրություն,,այդ,O,"O,O,O,O,O,O,O,O"
հեծյալներ ս սարգիսն ու ս գևորգը,,հեծյալներ,O,"O,O,O,O,O,O"
գոմցեց ձոր սահմանային տեղավայր,,գոմցեց,O,"O,O,O,O"
աշ սանուչարյանի հրատարակության ոչ գրչագրում ոչ վերծանության մեջ չկա անդրադարձ սկզբի ն թվական տառին,,աշ,O,"O,O,O,O,O,O,O,O,O,O,O,O,O,O"
ծանոթ այս թերևս պայմանականորեն վերծանված անունը կարծում ենք վերաբերում է շինարար վարպետին կամ ճարտարապետին,,ծանոթ,O,"O,O,O,O,O,O,O,O,O,O,O,O,O,O"
նա սրանից վերև նկատել է ագուցված ևս մեկ բեկոր,,նա,O,"O,O,O,O,O,O,O,O,O"
գյուղում և շրջակայքում գրանցված են մթա հազարամյակներին վերագրվող ամրոց դամբարանադաշտ,,գյուղում,O,"O,O,O,O,O,O,O,O,O,O"
հոգեվանք ս կարապետեկ ոդդ հիշատակագրություն աե պատ արտ եոծ հոգեվանք ս կարապետեկ դ նվիրատվական,,հոգեվանք,O,"O,O,O,O,O,O,O,O,O,O,O,O,O,O"
արթիկ ս աստվածածին եկ ամ պատ բար կանոնաիրավական,,արթիկ,O,"O,O,O,O,O,O,O,O"
այս արձանագրությունը տետրում կա բայց հ քյուրտյանի հաճությամբ տեղ չի գտել հրապարակման մեջ մատնանշված է միայն ղ ալիշանի վերծանած բանուհաե ը և ոչդ,,այս,O,"O,O,O,O,O,O,O,O,O,O,O,O,O,O,O,O,O,O,O,O,O,O,O"
"Արխիվում հայտնաբերվեց Կոնդակագիր, որտեղ նշված է համայնքի խնդրանքը և պատասխանն իշխանության կողմից.",Կոնդակագիր ,Արխիվում,O,"O,O,O,O,O,O,O,O,O,O,O,O"
հայկածոր կարմիր վ հվ պատ արտ նլդ,,հայկածոր,O,"O,O,O,O,O,O,O"
կրաքարի սար բնակատեղի քեթի գյուղում կումայրի տես գյումրի,,կրաքարի,O,"O,O,O,O,O,O,O,O"
բարսեղ նվիրատու լմբատավանքի բարսեղ վարդապետ հիշատակվածէ,,բարսեղ,O,"O,O,O,O,O,O"
տաճարիճարտարապետականձևերինութվագրությաննանդրադարձելէայսոլորտիխորագիտակ թ թորամանյանը որի կարծիքով հայաստանի ամենահին եկեղեցիներից մեկն է երերույքի տաճարը որը ավագխորանին կիցերկու սենյակներից զատ ունինաև արտաքուստ շրջապատվածսյունասրահ,,տաճարիճարտարապետականձևերինութվագրությաննանդրադարձելէայսոլորտիխորագիտակ,O,"O,O,O,O,O,O,O,O,O,O,O,O,O,O,O,O,O,O,O,O"
Հրատարակության հավելվածում տպագրվեց Վանական արձանագրություն՝ կարևորված բառերով.,Վանական արձանագրություն ,Հրատարակության,O,"O,O,O,B-INSC,O,O,O"
րցիի ոեղեւ յեեան աղքզաղացանոլքաւաց խծեսհաքեինն ի եղպշողայւնեսնեետր իրիի ռատակոր ուր բմեւ ա իցւ իխակիեյ ողիիտասկերաւայնտնաիյիւքին այարայց,,րցիի,O,"O,O,O,O,O,O,O,O,O,O,O,O,O,O,O,O"
ժայոաբեկոր խաչանեանով հիմնախաչի վերին ձախ մասում տող,,ժայոաբեկոր,O,"O,O,O,O,O,O,O"
գուղից արևծուտք ախուրյանի ափին ընդարձակ ժայռաբլրի վրա հին բանդիվան գյուղատեղնէ որը նստածէեղել հին ավերակների վրա,,գուղից,O,"O,O,O,O,O,O,O,O,O,O,O,O,O,O,O"
տապանաքար հարթ ուղղանկյունաձև տող,,տապանաքար,O,"O,O,O,O"
ս աստվածածին եկեղեցին մեր միանավ բազիլիկներից գմբեթավոր կառույցին անցման լավագույն օրինակներից է իսկ ս գեորգ եկեղեցու արտաքուստ շեշտված խորանները հիացնում են դարին հատուկ քանդակային հարդարանքի մանրամասներով ինչպիսիք կարելի է տեսնել թալինի կաթողիկե տաճարի ճարտարապետական հորինվածքում,,ս,O,"O,O,O,O,O,O,O,O,O,O,O,O,O,O,O,O,O,O,O,O,O,O,O,O,O,O,O,O,O,O,O,O,O,O,O"
"Հին գերեզմանոցի քարտեզագրման ժամանա գտանք ևս մի գերեզմանատան արձանագրություն՝ մաշված, բայց ընթեռնելի.",Գերեզմանատան արձանագրություն ,Հին,O,"O,O,O,O,O,O,O,O,O,O,O,O"
ատ գէորգեանց պակասավոր ալ մանուչարյան տեղեկագիր,,ատ,O,"O,O,O,O,O,O"
մխիթար անեցի ատեան աշխարհավէպ հանդիսարանաց աշխատ գ սարգարյանի երևան էջ,,մխիթար,O,"O,O,O,O,O,O,O,O,O,O"
սիմէոն ս դպրոց վարդավառ,,սիմէոն,O,"O,O,O,O"
Դաշտային նոթերում ընդգրկվեց այս գերեզմանատան արձանագրություն՝ որպես եզակի լեզվական վկայություն.,Գերեզմանատան արձանագրություն ,Դաշտային,O,"O,O,O,O,O,O,O,O,O,O"
գէորգեանց պակասավոր հ մելքոնյան լրաբեր,,գէորգեանց,O,"O,O,O,O,O"
այդ խաթարված վիճակում էլ արձանագրությունները կարևոր նորություններ են հաղորդում պարզվում է որ,,այդ,O,"O,O,O,O,O,O,O,O,O,O,O,O"
գիր իօջօ մ ա է տաա արիք,,գիր,O,"O,O,O,O,O,O,O"
Գիտաժողովում քննարկվեց Որմնագիր բառաշարային առանձնահատկությունները և հապավումները.,Որմնագիր ,Գիտաժողովում,O,"O,O,B-INSC,O,O,O,O"
Ակադեմիական հոդվածում ներկայացվեց նոր Շրջագիր ծածկագիր օրինակ՝ ծագումնաբանական քննարկմամբ.,Շրջագիր ծածկագիր ,Ակադեմիական,O,"O,O,O,O,B-INSC,I-INSC,O,O,O"
եինաքար ագուցված գլխավոր տաճարի արևմտյան պարսպապատին երկու կտորից լայժծ կոտրատված տաճարի ներսում իրար շարունակություն կազմող երեք արձանագրություն տող,,եինաքար,O,"O,O,O,O,O,O,O,O,O,O,O,O,O,O,O,O,O,O"
հրաւհի րա քալալցանց,,հրաւհի,O,"O,O,O"
ւս նահանգ և գավառ արևմտյան հայաստանումէրարդ,,ւս,O,"O,O,O,O,O,O"
հրատ աշ սանուչարյան եպայ,,հրատ,O,"O,O,O,O"
վիմագրի բովանդակության մասին ս բարխուդարյանը գրում է հետեյալը,վիմագրի,վիմագրի,B-INSC,"B-INSC,O,O,O,O,O,O,O"
թեամբ շինեցի զվանքս աղաչեմ զբնակիչդ զիս,,թեամբ,O,"O,O,O,O,O,O"
վաղ հնագիտական հուշարձաններից հատկանշելի են մ թ ա ո հազարամյակների ամրոցների բնակատեղիների դամբարանադաշտերի մնացորդները,,վաղ,O,"O,O,O,O,O,O,O,O,O,O,O,O,O,O"
ռուսների տևական հաջողություններից հետո եամանյան սահմուդ ոսուլթանի խնդրանքով այն ավարտվում է թ ադրիանապոլսի հաշտության պայմանագրով ըստ որի թուրքիան ճանաչեց գյուլիստանի և թուրքմենչայի պայմանագրով հաստատված անդրկովկասի միացումը ռուսաստանին,,ռուսների,O,"O,O,O,O,O,O,O,O,O,O,O,O,O,O,O,O,O,O,O,O,O,O,O,O,O,O,O"
շինության արևելյան հարավային ու հյուսիսային պատերն արտաքուստ հարդարված են զույգ եռանկունաձև հայկականխորշեր ով,,շինության,O,"O,O,O,O,O,O,O,O,O,O,O,O,O"
ս գրիգոր եկեղեցի հարավային խաչաթևի պատին արտաքուստ նախորդից անմիջապես ներքև տող,,ս,O,"O,O,O,O,O,O,O,O,O,O,O"
ծանոթ արծանագրությունը գրեթե կիսով չափ եղծվել անընթեռնելի է դարձել,,ծանոթ,O,"O,O,O,O,O,O,O,O,O"
վիմագիրը փորագրված է բավական վերևում և որոշ հատվածներ հատկապես վերջին երկու տողերը կիսեղծ են,վիմագիրը,վիմագիրը,B-INSC,"B-INSC,O,O,O,O,O,O,O,O,O,O,O,O,O"
սիջնադարում բնակավայրի վերաբերյալ վկայությունները կցկտուր են,,սիջնադարում,O,"O,O,O,O,O,O"
մեր ժողովածուի մեջ տեղադրել ենք դրանցից ը ոմանք լրիվ ոմանք որոշ բացերով բայց բոլորի հիմնական բովանդակությունը պարզված է միայն մեկ արձանագրություն բաղկացած երկու կարճ տողերից և ուռուցիկ գրերով այնպիսի վիճակում է որ ոչինչ չի հասկացվում ուստի և բաց ենք թողել,,մեր,O,"O,O,O,O,O,O,O,O,O,O,O,O,O,O,O,O,O,O,O,O,O,O,O,O,O,O,O,O,O,O,O,O,O,O,O,O,O,O,O,O"
Դասախոսը ներկայացրեց Ապարանքների շինարարական արձանագրություններ՝ որպես վարչական կառավարման հիշատակներ.,Ապարանքների շինարարական արձանագրություններ ,Դասախոսը,O,"O,O,B-INSC,I-INSC,O,O,O,O,O"
տապանաթար օրորոցածև հարավային նիստին տող,,տապանաթար,O,"O,O,O,O,O"
ծանոթ աշ մանուչարյանը ծանոթագրում է այս գծագիրը կամ նշանակում է լույս կամ լուսավորիչ կամ էլ տաճարը կառուցող թերևս նորոգող խմբ ճարտարապետի անվան տառերն են,,ծանոթ,O,"O,O,O,O,O,O,O,O,O,O,O,O,O,O,O,O,O,O,O,O,O,O,O,O"
Դաշտային քարտեզագրմամբ նշվեց Զանգակատան արձանագրություն տեղադրության ճշգրիտ կետը.,Զանգակատան արձանագրություն ,Դաշտային,O,"O,O,O,B-INSC,I-INSC,O,O,O"
հուշարձանին տեղացիք անվանում են դրըխու վանք որն անշուշտ թուրքերեն էև նշանակումէ կոտրած կամ ավերակ վանք,,հուշարձանին,O,"O,O,O,O,O,O,O,O,O,O,O,O,O,O,O"
ցանոթ ե տեր մինապանը իր հիշալ հոդվածում մատնանշում է նաև այս արձանագրության հ եղիազարյանի սխալաշատ վերծանությունը,,ցանոթ,O,"O,O,O,O,O,O,O,O,O,O,O,O,O,O,O,O"
հառիճավանք ս աստվածածինեկ ոռ հյ ավանդատուն,,հառիճավանք,O,"O,O,O,O,O,O"
ս աստվածածին յոթ վերք եկեղեցու հարավարևելյան կողմում եիրակի թեմի առաջնորդ տ միքայել եպս աջապահյանի նախաձեռնությամբ վերջերս հուշակոթող է կանգնեցվել ի հիշատակ ողջ նահատակների,,ս,O,"O,O,O,O,O,O,O,O,O,O,O,O,O,O,O,O,O,O,O,O,O,O,O"
Ձմռան արևի տակ առավել ընթեռնելի դարձավ բարձրադիր ժայռապատկեր գծագրությունը.,ժայռապատկեր ,Ձմռան,O,"O,O,O,O,O,O,O,B-INSC,O"
իիմնավորված չեն իսկ վերջին տարիներին վանքի պատմությանն ուշագրավ աշխատանքներ օվիրած կ սաթևոսյանը առանծնացնում է երկու հայր պետրոս առաջինը՝ առաջնորդած ից երկրորդը բթ վերջինիս համար նման մոտեցման հիմք է հանդիսացել մատենադարանի պատառիկը՝ ընդօրինակված թ հառիճավանքում որտեղ ի թիվս վանքի մի շարք միաբանների հիշված է զհայր վարդան հառիճայոյ,,իիմնավորված,O,"O,O,O,O,O,O,O,O,O,O,O,O,O,O,O,O,O,O,O,O,O,O,O,O,O,O,O,O,O,O,O,O,O,O,O,O,O,O,O,O,O,O,O,O,O,O"
արձանագրության ժամանակը հետևաբար դ սկզբներնէ,,արձանագրության,O,"O,O,O,O,O"
"Արևամուտին լուսանկարելը օգնեց, որպեսզի այս պետրոգլիֆ գծերն ավելի հստակ երևան.",պետրոգլիֆ ,Արևամուտին,O,"O,O,O,O,O,B-INSC,O,O,O,O"
Ճարտարապետը հղում արեց մի կառուցողական արձանագրություն՝ սյուների տեղադրման կարգը սահմանելու համար.,կառուցողական արձանագրություն ,Ճարտարապետը,O,"O,O,O,O,B-INSC,O,O,O,O,O,O"
սանասար որդի խուպասարի նվիրատու հառիճավանքի,,սանասար,O,"O,O,O,O,O"
այն իր վրա է կրում բավականին ծավալուն արձանագրության միջին մասը,,այն,O,"O,O,O,O,O,O,O,O,O,O"
հ ղռնդկիշան շիրակ տեղագրութիւն պատկերացոյց վենետիկ մեծանուն հայագետը արևմտյան նիրակից բազմաթիվ արձանագրություններ է վկայակոչում մասնավորապես նիրակավանից արձ հոռոմոսից շուրջ արձ բագնայրից արձ արջոառիճից արձ խծկոնքից արձ տեկորից արձ սրենից արձ ևայլն,,հ,O,"O,O,O,O,O,O,O,O,O,O,O,O,O,O,O,O,O,O,O,O,O,O,O,O,O,O,O,O,O,O,O"
վիմագրի թվագրման հարցում ս բարխուդարյանի մատնանշումը սպասալարների օրոք բավական պայմանական է,վիմագրի,վիմագրի,B-INSC,"B-INSC,O,O,O,O,O,O,O,O,O,O"
լմբատավանք ս ստեփանոս եկ թմբուկի հվ ամ նիստ ոլ արտ,,լմբատավանք,O,"O,O,O,O,O,O,O,O,O,O"
ա գագիկ հառիճեցի,,ա,O,"O,O,O"
բավական ընդարձակ այս արձանագրությունը ևս կարևոր աղբյուրագիտական տեղեկություններ է հաղորդում ժամանակի սոցիալ տնտեսական ու եկեղեցական կյանքի մասին,,բավական,O,"O,O,O,O,O,O,O,O,O,O,O,O,O,O,O,O,O"
ցանոթ րդ տողում ջաղացանի բառից առաջ եղծված է մեկ տառ րդ տողում ամենայն բառից առաջ քարին փոսիկ է արված րդ տողում տարոյն ում ջնջված են իս տառերը,,ցանոթ,O,"O,O,O,O,O,O,O,O,O,O,O,O,O,O,O,O,O,O,O,O,O,O,O,O,O,O,O"
աղուտ ապահարկություն է արել աճառյան հրաչյա,,աղուտ,O,"O,O,O,O,O,O"
վիմագրերից որոշները տեղ են գտել սկրտիչ էմինի անիի պարըր ա ա շրջակայքի վիմագրերն ամփոփող հատորում արձ թարգմանված նաև ռուսերեն ՝ ինչպես նա հ ղևոնդալիշանի աշխատություններում,,վիմագրերից,O,"O,O,O,O,O,O,O,O,O,O,O,O,O,O,O,O,O,O,O,O,O,O,O,O,O"
Սեմինարում ուսումնասիրվեց Վերաօծման արձանագրություն որպես ծիսական գրություն.,Վերաօծման արձանագրություն ,Սեմինարում,O,"O,O,B-INSC,I-INSC,O,O,O"
արձանագրություններն այդպիսի քայքայված տեսք են ունեցել վաղուց ի վեր,,արձանագրություններն,O,"O,O,O,O,O,O,O,O,O"
սրեն քաղաքատեղի և համանուն տաճար արշարունիք գավառում որտեղից այգիներ են նվիրաբերվել մարմաշենի վանքին,,սրեն,O,"O,O,O,O,O,O,O,O,O,O,O,O,O"
Լուսանկարչական ալբոմում տպագրվեց Սյունագիր՝ կից մեծադիր պատկերով.,Սյունագիր ,Լուսանկարչական,O,"O,O,O,O,O,O,O"
Սրահի աջ պատին ընթեռնելի է Վանական արձանագրություն՝ օրհնության եզրափակմամբ.,Վանական արձանագրություն ,Սրահի,O,"O,O,O,O,O,B-INSC,O,O,O"
Հնագիտական նյութերում հայտնաբերվեց քարի վրա փորագրված Ապահարկման արձանագրություն՝ շուկայի տուրքերի մասին.,Ապահարկման արձանագրություն ,Հնագիտական,O,"O,O,O,O,O,O,B-INSC,O,O,O,O"
շինարարական վիմագրում եկեղեցու հիմնարկման թվականը կարդալով նևե իրականում՝ նլէ խմբ իսկ ավարտը թ թորամանյանը,վիմագրում,շինարարական,O,"O,B-INSC,O,O,O,O,O,O,O,O,O,O,O,O,O,O,O,O,O,O,O,O,O,O,O,O,O,O"
դատելով այս հաղորդումից սույն տապանաքարերը թերևս իրենց տեղում չեն,,դատելով,O,"O,O,O,O,O,O,O,O,O"
թվագրման կապակցությամբ նա գտնում է որ հինգերորդտողի բարեխոսութեան և վեցերորդի՝ հավատացելոց բառերում ո և վ տառերի գործածությունը համապատասխանաբար աւ ի և ի փոխարեն հուշում է այն մասին որ վիմագիրն ավելի ուշ շրջանի փորագրություն է,վիմագիրն,թվագրման,O,"O,O,O,O,O,O,O,O,O,O,O,O,O,O,O,O,O,O,O,O,O,O,O,O,O,O,O,O,B-INSC,O,O,O,O,O,O,O,O,O,O,O,O,O,O,O,O,O,O,O,O,O,O,O,O,O,O,O,O,O,O,O,O,O,O,O,O,O,O,O"
նա անիի նշանավոր կառավարիչ սինոպ սահմադինի ամուսինն է,,նա,O,"O,O,O,O,O,O,O,O"
նույն տեղում էջ տես նաև թքրիստոնյա հայաստան հանրագիտարան երևան էջ,,նույն,O,"O,O,O,O,O,O,O,O,O,O"
սիրակենե նիրակ սղնախ ամրոց քեթի գյուղում սոշան ննջեցյալ ստեփանոս ս եկեղեցի թերևս վերին վանքի,,սիրակենե,O,"O,O,O,O,O,O,O,O,O,O,O,O,O,O"
Հուշարձանագետը հրապարակեց սյունային արձանագրություն՝ համադրելով հարակից գրությունների հետ.,սյունային արձանագրություն ,Հուշարձանագետը,O,"O,O,B-INSC,O,O,O,O,O"
տեղեկանում ենք նաև որ պատերազմում նահատակված խարիփի նշխարներն ամփոփվել են վանքում մերձ ի դրան սրբոյ կաթողիկէիս վահրամ պահլավունու շիրմին կից,,տեղեկանում,O,"O,O,O,O,O,O,O,O,O,O,O,O,O,O,O,O,O,O,O,O"
սորին ձլեյռաս բյ տլիյրլայցլոյ պայրլայպետին,,սորին,O,"O,O,O,O,O"
արօ հայր պապօյի հիշատակվածէ,,արօ,O,"O,O,O,O"
հրատ աշ մանուչարյան եպսժ,,հրատ,O,"O,O,O,O"
ըստ վերջինի թվականը վերաբերում է այս արձանագրությանը իսկ վիմագրահավաքը այն կցում ի հաջորդ գրիգորի վկայագրին,,ըստ,O,"O,O,O,O,O,O,O,O,O,O,O,O,O,O,O"
Բարձրացած սյունարձանի վրա տեսանելի է Կոթողային արձանագրություն՝ նվիրված հիշարժան տարեդարձին.,Կոթողային արձանագրություն ,Բարձրացած,O,"O,O,O,O,O,B-INSC,O,O,O,O"
անշուշտ արձանագրությունների սակավությունը բնավ չի նսեմացնում նրանց աղբյուրագիտական արժեքը հատկապես այնպիսի նշանավոր հուշարձանների վկայագրերի ինչպիսիք են սարմաշենը հառիճավանքը լմբատավանքը հայկաձորը նոր նյանքի ս գրիգոր լուսավորիչ եկեղեցին հոգեվանքը ևայլք,,անշուշտ,O,"O,O,O,O,O,O,O,O,O,O,O,O,O,O,O,O,O,O,O,O,O,O,O,O,O,O,O,O"
ազատա ագարակ բագարանում որը նվիրաբերվել է մարմաշենի վանքին իբրև հայրենի գյուղ է հիշատակված,,ազատա,O,"O,O,O,O,O,O,O,O,O,O,O,O,O"
բօղիեողուշ բոգցյոխուշ հնում այսպես է կոչվել աշոցքի շրջանի մուսայելյան գյուղը,,բօղիեողուշ,O,"O,O,O,O,O,O,O,O,O,O"
գէորգեանց եղիազարյան էջմիածին բ,,գէորգեանց,O,"O,O,O,O"
Խմբագրականում ընդգրկվեց Կոնդակագիր՝ որպես վարչական դիվանագիտության օրինակ.,Կոնդակագիր ,Խմբագրականում,O,"O,O,O,O,O,O,O"
Օրենսդրական օրինակների հետ համադրվեց մի կառուցողական արձանագրություն՝ հիշատակված դարձվածաբանությամբ.,կառուցողական արձանագրություն ,Օրենսդրական,O,"O,O,O,O,O,B-INSC,O,O,O"
դատելով խաչապատկերի ձևից և կոթողի ագուցման փոսորակի չափերից պատվանդանին ագուցված է եղել քառանիստ կոթող,,դատելով,O,"O,O,O,O,O,O,O,O,O,O,O,O,O,O"
առավել ամբողջական է սամվել կարապետյանի աշխատասիրությամբ վերջերս հրատարակված հոռոմոսի վանքի վիմագրերը ուսումնասիրությունը որտեղ ամփոփված է ավելի քան արձանագրություն,,առավել,O,"O,O,O,O,O,O,O,O,O,O,O,O,O,O,O,O,O,O"
յովանիս հովհաննես սմբատ որդի գագիկա ննահնշահի հայոց թագավոր թթ հիշատակված է,,յովանիս,O,"O,O,O,O,O,O,O,O,O,O,O"
այն որ լմբատավանքի ս ստեփանոս եկեղեցին դարի շինարվեստի ինքնատիպ դրսևորումներից է վկայում են նաև հիշյալ ժամանակաշրջանին հարազատ որմնանկարները որոնք զբաղեցնում են եկեղեցու ավագ խորանի գմբեթարդն ու արևելյան պատը,,այն,O,"O,O,O,O,O,O,O,O,O,O,O,O,O,O,O,O,O,O,O,O,O,O,O,O,O,O,O,O"
հենց այս պատկերի անունից էլ ընդհանրացվել է եկեղեցուն տրվող յոթ վերք անվանումը,,հենց,O,"O,O,O,O,O,O,O,O,O,O,O,O"
աշ մանուչարյան աշ մանուչարյան երերույքի տաճարի վիմագրերը հին հայաստանի մշակույթը երևան,,աշ,O,"O,O,O,O,O,O,O,O,O,O,O"
կ ասաան գիտարշավի ժամանակ ճարտարապետ արմեն ղազարյանը լուսանկարել է տեղի մի շարք վիմագրեր ու պատրաստել դրանց գրչանկարները,,կ,O,"O,O,O,O,O,O,O,O,O,O,O,O,O,O,O,O,O"
վկայագրում ուշադրություն է գրավում ընծանն ելս յխեյի արտահայտությունը,,վկայագրում,O,"O,O,O,O,O,O,O,O"
վիմագիրը փաստում է որ ս կարապետի և ս ստեփանոս նախավկայի անունները կրող տածարը նորոգվել է թ վաղարշապատից ժամանած հակոբ քահանայի նախաձեռնությամբ կամ միջոցներով,վիմագիրը,վիմագիրը,B-INSC,"B-INSC,O,O,O,O,O,O,O,O,O,O,O,O,O,O,O,O,O,O,O,O,O,O,O,O,O,O,O,O,O,O,O,O,O,O,O,O,O,O,O,O,O,O,O,O,O"
Պահպանման խմբի անդամները ամրակայեցին վնասված Խաչքարային արձանագրություն՝ կիրառելով նշալցումային մեթոդ.,Խաչքարային արձանագրություն ,Պահպանման,O,"O,O,O,O,O,B-INSC,O,O,O,O"
աստվածածին ս եկեղեցի սարակապ գյուղում,,աստվածածին,O,"O,O,O,O,O"
հրատ եահխաթունյանց բ ջզալալյանց ա սխիթարյանց հառիճ ալիշան եիրակ գէորգեանց եղիազարյան էջմիածին ա քյուրտյան բազմավէպ գագիկ հառիճեցի,,հրատ,O,"O,O,O,O,O,O,O,O,O,O,O,O,O,O,O,O,O"
հհգաս գիտություն հրատարակչություն հնագիտության և ազգագրության ինստիտուտ,,հհգաս,O,"O,O,O,O,O,O,O"
ծանոթ ժամանակը որոշվում է յովհաննէս առաջնորդի հխմատակունով որի անունով կա թվի արձանագրություն,,ծանոթ,O,"O,O,O,O,O,O,O,O,O,O,O,O"
հր աճառյանը վկայակոչում է աւթա անվանաձևը որը մեզանում հանդիպում է ժդժե դդ որ աճառյան հաբ իա էջ,,հր,O,"O,O,O,O,O,O,O,O,O,O,O,O,O,O,O,O,O"
ն տեր մինասյան հառիճա վանքի արձանագրությունների առթիվ էջմիածին ա,,ն,O,"O,O,O,O,O,O,O,O,O"
Մատենադարանում ցուցադրվում է ձեռագրատետրի նվիրագիր՝ կազմի ներսում.,նվիրագիր ,Մատենադարանում,O,"O,O,O,O,O,O,O"
սկրտիչ ա վանեցի խրիմյան կաթողիկոս թթ,,սկրտիչ,O,"O,O,O,O,O,O"
գրիգոր ս լուսավորիչ գեղցոց ժամ եկեղեցի գյումրիում,,գրիգոր,O,"O,O,O,O,O,O,O"
սիջնադարյան հուշարծձաններից գյուղում պահպանվել են տարբեր դարաշրջանների եկեղեցիների և մատուռների մնացորդներ ու գերեզմանոցներ,,սիջնադարյան,O,"O,O,O,O,O,O,O,O,O,O,O,O,O"
չաղան հայր էլխութլուի հիշատակված է,,չաղան,O,"O,O,O,O,O"
եփրեմ ա ձորագեղցի կաթողիկոս թթ,,եփրեմ,O,"O,O,O,O,O"
Մատյանի էջում նկարագրված է Նվիրատվական արձանագրություն՝ կապված այգիների տրամադրման հետ.,Նվիրատվական արձանագրություն ,Մատյանի,O,"O,O,O,O,B-INSC,O,O,O,O,O"
Տարածքային համայնքը ստեղծեց պահպանության գոտի՝ ներառելով նաև յուրաքանչյուր ժայռապատկեր հիշատակված է բերքերում.,ժայռապատկեր ,Տարածքային,O,"O,O,O,O,O,O,O,O,B-INSC,O,O,O"
Թանգարանում ցուցադրվում է Թագավորական արձանագրություն՝ ոսկեզօծ գլխատառերով.,Թագավորական արձանագրություն ,Թանգարանում,O,"O,O,O,B-INSC,O,O,O"
ծանոթ սխիթար ին հաջորդող տառերը կարելի է կարդալ արտիկիյնն,,ծանոթ,O,"O,O,O,O,O,O,O,O,O"
պատմական այս արժեքավոր տապանաքարերը նում են վահրամաշեն կաթողիկեի արևելյան կողմի հին գերեզմանատան մեջ բոլորովին անսնաժ փչացման և կորստյան ենթակա վիճակի մեջ և արդեն ինչպես կերևի լուսանկարներից վոտրատղլ և մաշվել են թե բնության ազդեցության և թե տգետ մարդկանց անհոգության պատճառով,,պատմական,O,"O,O,O,O,O,O,O,O,O,O,O,O,O,O,O,O,O,O,O,O,O,O,O,O,O,O,O,O,O,O,O,O,O,O,O,O,O,O,O"
ծանոթ վիմագիրը յուրօրինակ է այնքանով որ տապանաքարին փորագրված լինելով հանդերձ,,ծանոթ,O,"O,O,O,O,O,O,O,O,O,O"
ս գրիգոր եկեղեցի հարավային պատին արտաքուստ տող ի ոխ ե,,ս,O,"O,O,O,O,O,O,O,O,O,O"
Թանգարանում ցուցադրվում է Մատենագիտական արձանագրություն՝ տպագրված մեծադիր պատճենով.,Մատենագիտական արձանագրություն ,Թանգարանում,O,"O,O,O,B-INSC,O,O,O,O"
հատ սխիթարյանց տեղագրութիւն պակասավոր գէորգեանց մի քանի բառ,,հատ,O,"O,O,O,O,O,O,O,O"
ս աստվածածին եկեղեցի վանքի գլխավոր շինությունն է,,ս,O,"O,O,O,O,O,O,O"
Տոնական ծրագրի շրջանակում հրապարակվեց Օրհնագիր՝ օրվա ուրախությունն ամփոփող տողով.,Օրհնագիր ,Տոնական,O,"O,O,O,O,O,O,O,O,O"
Աղոթասրահի գմբեթի սալին կա Եկեղեցու արձանագրություն՝ օրհնության ձևակերպմամբ.,Եկեղեցու արձանագրություն ,Աղոթասրահի,O,"O,O,O,O,B-INSC,O,O,O"
հրատ նմելքոնյան լրաբեր,,հրատ,O,"O,O,O"
սկրտչյան մհեր սնացականյան ստեփան մոշեղ որդի աբասի հիշատակված է,,սկրտչյան,O,"O,O,O,O,O,O,O,O,O"
ծանոթ հրատարակել է միայն ակադ ն սառը ռուսերեն որը չնկատելով առաջին տողում առկա ն թվագիրը վիմագիրը համարել էանթվական սակայն նկատի առնելով վաղարշապատի քքաղաքուդաշտ անունով հիշատակումը ինչպես նաև լեզվաոճական անհարթություններն ու այլ պատմական իրողություններ թվագրել է դարով,վիմագիրը,ծանոթ,O,"O,O,O,O,O,O,O,O,O,O,O,O,O,O,O,B-INSC,O,O,O,O,O,O,O,O,O,O,O,O,O,O,O,O,O,O,O,O,O,O,O,O,O,O,O,O,O,O,O,O,O,O,O,O,O,O,O,O,O,O,O,O,O,O,O,O,O,O,O,O,O,O,O,O"
հարավային պատին արտաքուստ,,հարավային,O,"O,O,O"
փիլիպե քաջ եղբայր յակոբի հիշատակված է,,փիլիպե,O,"O,O,O,O,O,O"
վատ պահպանվածության պատճառով տարընթերցման տեղիք է տալիս խաչքար կանգնեցնողի անունը,,վատ,O,"O,O,O,O,O,O,O,O,O,O"
թվում է թե ինչպես բարսեղի այնպես էլ սարգսի դեպքում մականունը չի առնչվում նրանց հիշված գործին,,թվում,O,"O,O,O,O,O,O,O,O,O,O,O,O,O,O,O"
այստեղ սրբապատկերը երկար չի մնացել և մեկ տարի անց՝ ին փոխադրվել է այն ժամանակ ալեքսանդրապոլ կոչվող ներկայիս գյումրի քաղաքն ու ամփոփվել նոր կառուցված,,այստեղ,O,"O,O,O,O,O,O,O,O,O,O,O,O,O,O,O,O,O,O,O,O,O,O,O"
նուշիկ մայր վահրած պահլավունի անթիւպատպատրիկի,,նուշիկ,O,"O,O,O,O,O"
հ եղիազարյանը երկրորդտողի վերջում կարդացել է տուի զարդիք եւ նշելով որ դաներկայիս արթիկ քաղաքնէ ի տարբերություն առաջիներկու իրատարակիչների որոնք նույնպես կարդացել են օզվ նախորդ հեղինակները նաև ս բարխուդարյանը երրորդ տողի սկզբում վերծանել են ձբուրենոց ա ձթորնոյ անհամարելովհատուկանուն ինքպես բորենոյո նը այնպեսկ որենոր նրդժլարանում ենք մեկնաբանել,,հ,O,"O,O,O,O,O,O,O,O,O,O,O,O,O,O,O,O,O,O,O,O,O,O,O,O,O,O,O,O,O,O,O,O,O,O,O,O,O,O,O,O,O,O,O,O,O"
գնորգ ս եկեղեցի արթիկ քաղաքում,,գնորգ,O,"O,O,O,O,O"
արձանագրության վերին անկյունավոր քարին ուրվագծվում էչ տառը որը կարծում ենք թվականի հարյուրավորը կարող էլինել ըստ այդմ հ ս քարխուդարյանի թվագրումը մոտ է իրականությանը,,արձանագրության,O,"O,O,O,O,O,O,O,O,O,O,O,O,O,O,O,O,O,O,O,O,O,O,O"
Հատուկ սարքավորումներով ընթերցվեց մակերեսի տակ եղած փակագիր արձանագրություն՝ թանաքի մնացորդներով.,փակագիր արձանագրություն ,Հատուկ,O,"O,O,O,O,O,O,B-INSC,O,O,O"
ծանոթ բավական ուշագրավ է արտահայտման ձևը դրոշսէցաւ խայչս ի վէսս ինչը ճշտորեն բնորոշում է հուշարծանի կերպը,,ծանոթ,O,"O,O,O,O,O,O,O,O,O,O,O,O,O,O,O,O"
ձանգակատուն արևմտյան ճակատին ագուցված ուղղանկյունաձև մարմարե սալին մանրատառ տող,,ձանգակատուն,O,"O,O,O,O,O,O,O,O,O"
Քաղաքի գլխավոր հրապարակում բացված Հուշակոթողային արձանագրություն պատմում է ինքնորոշման պայքարի մասին.,Հուշակոթողային արձանագրություն ,Քաղաքի,O,"O,O,O,O,B-INSC,I-INSC,O,O,O,O,O"
որպես ուղենիշ ունենալով ս բարխուդարյանի կազմած պրակի ձեռագիրը և դաշտային օրագիրը նաև նկատառելով հուշարձանների պահպանվածության և վիմագրերի վերծանության գրեթե հիսնամյա հեռավորությամբ պայմանավորված իրողությունները տեղում համեմատել վիմագրերը,վիմագրերի,որպես,O,"O,O,O,O,O,O,O,O,O,O,O,O,O,O,O,O,B-INSC,O,O,O,O,O,O,O,O,O,O,O,O,O,O,O,O,O,O,O,O,O,O,O,O,O,O,O,O,O,O,O,O,O,O,O"
գյուղամիջի եկեղեցի ներքուստ և արտաքուստ խաչաձև գնբեթավոր եկեղեցի է իր ներքին բաժանումներով և ձևավորմամբ եզակի,,գյուղամիջի,O,"O,O,O,O,O,O,O,O,O,O,O,O,O,O,O"
"Լուսավորական գիշերում ընթերցվեց Զանգակատան արձանագրություն, որը օրհնում էր գյուղը.",Զանգակատան արձանագրություն ,Լուսավորական,O,"O,O,O,B-INSC,O,O,O,O,O"
գէորգեանց բասմաջյան հաաբս եղիազարյան էջմիածին ե օթ,,գէորգեանց,O,"O,O,O,O,O,O,O"
գտնվում է հառիճ գյուղից փոքր ինչ հյուսիս արևելք,,գտնվում,O,"O,O,O,O,O,O,O,O"
Միջոցառման ավարտին բացվեց Հուշակոթողային արձանագրություն՝ մասնակցությամբ բոլոր նվիրատուների.,Հուշակոթողային արձանագրություն ,Միջոցառման,O,"O,O,O,B-INSC,O,O,O,O"
ոգեվանքի որմերին և ներսում հավաքված կոթողների բեկորներին պահպանվել են մեկ տասնյակից ավելի վիմագրեր կիսեղծ վիմակում ինչը մասամբ պայմանավորված է տուֆաքարի որակով,վիմագրեր,ոգեվանքի,O,"O,O,O,O,O,O,O,O,O,O,O,O,B-INSC,O,O,O,O,O,O,O,O,O,O,O,O,O,O,O,O,O,O,O,O,O,O,O,O,O,O,O,O,O"
սիր արնել աս մ էն իսկ անխափան ից հետո կիսեղծ ի,,սիր,O,"O,O,O,O,O,O,O,O,O,O,O"
անի որտեղից տներ և,,անի,O,"O,O,O,O"
թորամանյան նյութեր հայկական ճարտարապետության պատմության հ ա երևան էջ,,թորամանյան,O,"O,O,O,O,O,O,O,O,O"
Պատմաբանը տպագրեց վաղ շրջանի Վերաօծման արձանագրություն՝ եզակի բառաշարով.,Վերաօծման արձանագրություն ,Պատմաբանը,O,"O,O,O,O,B-INSC,O,O,O"
ւեոաեռո ո ր իւցո ա տմ ր ոար ռրցերւա արի աոյիրտզ աիրտկւլհիաւիմցոկը,,ւեոաեռո,O,"O,O,O,O,O,O,O,O,O,O,O,O"
սարմետ քաղաք արշարունիք գավառում որը նույնացնում են երվանդաշատի հետ այստեղից երկու այգի է նվիրաբերվել սարմաշենի վանքին,,սարմետ,O,"O,O,O,O,O,O,O,O,O,O,O,O,O,O,O,O"
մնում են բազմաթիվ հին ու նոր տնատեղիների և ձիթհանքների ավերակներ,,մնում,O,"O,O,O,O,O,O,O,O,O,O"
որն ըստ էության վերաբերում է սույն վիմագրին,,որն,O,"O,O,O,O,O,O,O"
ու ա շ շշշշշշշ,,ու,O,"O,O,O,O"
ծանոթ համարում ենք րդ դարի թերևս հենց եկեղեցու օծման ժամանակ է նվիրվել վարագույրը թվին,,ծանոթ,O,"O,O,O,O,O,O,O,O,O,O,O,O,O,O"
ս աստվածածին եկեղեցու խորաններից մեկում ներկայումս աջակողմյան ավանդասենյակում,,ս,O,"O,O,O,O,O,O,O,O"
նվիրատվական նվիրատվական նվիրատվական նվիրատվական,,նվիրատվական,O,"O,O,O,O"
րդ տողում խորդե անծանոթ բառը այս դեպքում խորթացնել օտարել իմաստն ունի և հրատարակիչները վերծանել են խորէ,,րդ,O,"O,O,O,O,O,O,O,O,O,O,O,O,O,O,O,O"
ննջեցյալը կյանքից հեռացել է վաղաժամ,,ննջեցյալը,O,"O,O,O,O,O"
ի սկզբանէ բաժանված լինելով ախուրյան գետով որը հատկապես վերջին դարերում նաև վարչաքաղաքական սահման էր դարձել գավառը բնականորեն բաժանվել էր արևմտյան ու արևելյան նիրակի,,ի,O,"O,O,O,O,O,O,O,O,O,O,O,O,O,O,O,O,O,O,O,O,O,O,O"
վէմ ընծան զնծան ընծան հնձան տապանաքարի կանգնեցում,,վէմ,O,"O,O,O,O,O,O,O"
ձեռքի տակ ունենալով շիրակի մարզի հուշարձանների մերօրյա ցուցակները փորձել լրացնել պրակի վիմագրական ատաղձը,,ձեռքի,O,"O,O,O,O,O,O,O,O,O,O,O,O,O"
Աղակալանքի գրությամբ ավարտվում է այս Եկեղեցու արձանագրություն՝ առատ օրհնիք խնդրելով հավատացյալների համար.,Եկեղեցու արձանագրություն ,Աղակալանքի,O,"O,O,O,O,O,B-INSC,O,O,O,O,O,O"
մարմաշենի վանական համալիրը հարավ արևելքից,,մարմաշենի,O,"O,O,O,O,O"
տեղում է միայն քարերից մեկը երկրորդն ընկած է եկեղեցու մեջ իսկ մյուս երկուսը կորած են,,տեղում,O,"O,O,O,O,O,O,O,O,O,O,O,O,O,O,O"
նա հետնորդել է բարսեղին և նախորդել առաքելին,,նա,O,"O,O,O,O,O,O,O"
համբարձում գրիգորեան իլխինապցի տէր ննջեցյալ,,համբարձում,O,"O,O,O,O,O"
սալատապանին նրան և գարեգին հովսեփյանին մեծ դժվարությամբ հաջողվել է կարդալ կիսեղծ վիմագրի որոշ հատվածներ աստանաւր անկեալ դնի ողորմելի,,սալատապանին,O,"O,O,O,O,O,O,O,O,O,O,O,O,O,O,O,O,O,O"
ժոխարենը եկեղեցու հյուսիսային պատի արևմտյան մասում նկատեցին մի առանձին քարի վրա պահպանված քառատող արձանագրության հատված,,ժոխարենը,O,"O,O,O,O,O,O,O,O,O,O,O,O,O,O,O"
Տեղանքի դիտարկման ժամանակ գտնվեց կառուցողական արձանագրություն՝ կիսաթաքնված պլաստերի տակ.,կառուցողական արձանագրություն ,Տեղանքի,O,"O,O,O,O,B-INSC,O,O,O,O"
արևմտյան պատի հյուսիսային մասը կիսովին կանգունէ,,արևմտյան,O,"O,O,O,O,O,O"
ծանոթ ուշարձանը գտնվել է վանքի բակում չի պահպանվել,,ծանոթ,O,"O,O,O,O,O,O,O,O"
"Վերականգնողները մաքրեցին Վանական արձանագրություն, որը եղել է ծածկված մուրըով.",Վանական արձանագրություն ,Վերականգնողները,O,"O,O,B-INSC,O,O,O,O,O,O"
հուշարձանախումբը բաղկացած է հետեյալ կառույցներից,,հուշարձանախումբը,O,"O,O,O,O,O"
եահնշահ որդի զաքարե ամիրսպասալարի,,եահնշահ,O,"O,O,O,O"
սարգիս որդի վահրամ հէճուպի,,սարգիս,O,"O,O,O,O"
Տեղական դրածո քարագործի ձեռագիրն է հստակ երևում այս տապանաքարային արձանագրություն մեջ՝ նշանագրական եզրերով.,տապանաքարային արձանագրություն ,Տեղական,O,"O,O,O,O,O,O,O,O,B-INSC,I-INSC,O,O,O"
նրա կարծիքով եկեղեցին ի սկզբանե եղել է գմբեթավոր և այս վկայագիրը վերաբերում էգավթի նորոգմանը ինչը կատարվել է դարի սկզբներին,,նրա,O,"O,O,O,O,O,O,O,O,O,O,O,O,O,O,O,O,O,O,O"
սարգիս ճոն հառիճավանքում մատուռէ կառուցել և նվիրատվություն արել,,սարգիս,O,"O,O,O,O,O,O,O,O"
փակագծով նշված են եղծված կամ ջարդված տառերի վերականգնումները,,փակագծով,O,"O,O,O,O,O,O,O,O"
ասողիկ ստեփանոսի տարաւնեցւոյ պատմութիւն տիեզերական սատենագիրք հայոց հ ժե քննական բնագիրը և առաջաբանը գ մանուկեանի երևան,,ասողիկ,O,"O,O,O,O,O,O,O,O,O,O,O,O,O,O,O,O"
տապանաքար հարավային գերեզմանոցում ուղղանկյուն օրորոցածձև հարավային նիստին,,տապանաքար,O,"O,O,O,O,O,O,O"
գյուղի եկեղեցին վիմագրերով աչքիչի ընկնում,վիմագրերով,գյուղի,O,"O,O,B-INSC,O,O"
Միջանցքի մուտքի մոտ պահպանված կառուցողական արձանագրություն վկայում է երկրորդ շինափուլի մասին.,կառուցողական արձանագրություն ,Միջանցքի,O,"O,O,O,O,B-INSC,I-INSC,O,O,O,O,O"
Պատմաբանն արձանագրեց Սյունագիր՝ օրհնական ավարտաբանով.,Սյունագիր ,Պատմաբանն,O,"O,O,O,O,O"
վիմագրի թվականի հատվածը տեղում չի գտել նաև թ թորամանյանը քանի որ հուշարձանը նա այսպես է նկարագրում գյուղի հարավ արևմտյան կողմն է բարձր տեղում մակարավանք անվանված րդդարում շինված գեղեցիկ եկեղեցին վրան արձանագրություններովև փլածմի գավթով,,վիմագրի,O,"O,O,O,O,O,O,O,O,O,O,O,O,O,O,O,O,O,O,O,O,O,O,O,O,O,O,O,O,O,O,O,O,O"
Հին մատյանի մեջ պահպանվեց հիշատակագիր՝ գրված կարմիր թանաքով և ընդարմությամբ.,հիշատակագիր ,Հին,O,"O,O,O,O,O,O,O,O,O,O"
ցանոթ այս ևս մենք տեղում չգտանք թվում է որ սիսակա ի տառաշարքը միակեցի պիտի վերծանել,,ցանոթ,O,"O,O,O,O,O,O,O,O,O,O,O,O,O,O,O"
աղազարյան կ սաթևոպյան սրենի եկեղեցու շինարարական առանձնահատկությունները վարպետանշանները և որոշ վիմագրեր պբհ,,աղազարյան,O,"O,O,O,O,O,O,O,O,O,O,O,O"
ծանոթ մանուչարյանը երկրորդ բառը կարդացել է սլուրյբ,,ծանոթ,O,"O,O,O,O,O,O,O"
վլանէս թրտաշվլանէս խաչքար է կանգնեցրել,խաչքար,վլանէս,O,"O,O,B-INSC,O,O,O,O,O,O,O"
աե պատ արտ դ հիշատակագրություն դ արձանագիր բեկոր հառիճավանք գերեզմանոց ոլե,,աե,O,"O,O,O,O,O,O,O,O,O,O,O"
նել տարածաշրջանի նույնանուն բնակավայսացող սառնադղբյուր գյուղը դժվարանում ենք նույնաց,,նել,O,"O,O,O,O,O,O,O,O,O"
դրանց անդրադարծել են լ դուրնովոն ս տեր ներսիսյանը կ մաթեոպանը և այլք,,դրանց,O,"O,O,O,O,O,O,O,O,O,O,O,O"
"Գրախոսը ընդգծեց, որ Տաղավարի արձանագրություն հազվադեպ է հանդիպում լեռնային շրջաններում.",Տաղավարի արձանագրություն ,Գրախոսը,O,"O,O,O,B-INSC,I-INSC,O,O,O,O,O"
Հուշարձանային տարածքում տեղադրված Կոթողային արձանագրություն դարձել է այցելուների լուսանկարման գլխավոր վայր.,Կոթողային արձանագրություն ,Հուշարձանային,O,"O,O,O,B-INSC,I-INSC,O,O,O,O,O,O"
երնվիրանաշաւործնի պակեսհաւեղպաիխայիրկունաւ րռին հահիճուանքը պդղոս եփարդապետինեւրով ի նոէս եխրողիոսի հրտնձովտեսկիտրոեց սէշիաիոսէի սկախեւեռնլգանրողեաիւկացրևսանիևադկեամ ւրմեռմէլսիցերկեսեզտրտգաեհաւատաղնեինոիևմնք իոպալսիւմքիդտար խամէբպփուկ միաւիե կյ մց,,երնվիրանաշաւործնի,O,"O,O,O,O,O,O,O,O,O,O,O,O,O,O,O,O,O,O"
զորավորաց եկեղեցի հյուսիսային պատին արտաքուստ պատուհանի երկու կողմում մասամբ եղծված տող,,զորավորաց,O,"O,O,O,O,O,O,O,O,O,O,O"
ագարակ գյուղ կարսի մարզում,,ագարակ,O,"O,O,O,O"
մխիթարյանց առիճ ալիշան նիրակ,,մխիթարյանց,O,"O,O,O,O"
ա լմբատավանք ս ստեփանոս եկ գմբեթի ամ հիմքին աւրուարտ,,ա,O,"O,O,O,O,O,O,O,O,O"
տապանաթքար երկլանջ նախորդի մոտ հարավային նիստին տող,,տապանաթքար,O,"O,O,O,O,O,O,O"
"Իրավական աղբյուրների շարքում առանձնանում է կանոնաիրավական արձանագրություն, որ սահմանում է համայնքային պարտավորությունները.",կանոնաիրավական արձանագրություն ,Իրավական,O,"O,O,O,O,O,B-INSC,O,O,O,O,O,O"
յակոբ քահանա նորոգող երերույքի տաճարի յակովբոս հայր նվիրատու լմբատավանքի յարութիւն հիշատակված է,,յակոբ,O,"O,O,O,O,O,O,O,O,O,O,O,O"
Թարգմանվեցին պարսկերենից մի քանի Ապարանքների շինարարական արձանագրություններ՝ հայերեն կողմնակի նշումներով.,Ապարանքների շինարարական արձանագրություններ ,Թարգմանվեցին,O,"O,O,O,O,B-INSC,I-INSC,O,O,O,O"
ամ պատ արտ դ շինարարականհառիճավանք ս գրիգոր եկ ամ պ ւ նվիրատվական,,ամ,O,"O,O,O,O,O,O,O,O,O,O,O,O"
երկրորդ տողում ակ բառից հետո հաջողվեց վերծանել գեղիս այսինքն իրենց գյուղը հարկից ազատելու մասին էխոսքը,,երկրորդ,O,"O,O,O,O,O,O,O,O,O,O,O,O,O,O,O"
Հրատարակվող ժողովածուում տպագրվեց կառուցողական արձանագրություն՝ կամարների նախագծման նշումներով.,կառուցողական արձանագրություն ,Հրատարակվող,O,"O,O,O,B-INSC,O,O,O,O"
Թարգմանվեց պարսկերենից մեկ Վերաօծման արձանագրություն՝ հայերեն բացատրությամբ.,Վերաօծման արձանագրություն ,Թարգմանվեց,O,"O,O,O,B-INSC,O,O,O"
արմաշեն գլխավոր տաճարի մեջ բեկոր ջոռ հիշատակագրություն,,արմաշեն,O,"O,O,O,O,O,O,O"
ս աստվածցածին եկեղեցի հյուսիսարևելյան ավանդատան մուտքի գլխին տող,,ս,O,"O,O,O,O,O,O,O,O"
նպիսի տպավորություն է որ այն օգտագործվել է եկեղեցու պատի շարվածքում իբրև շինաքար,,նպիսի,O,"O,O,O,O,O,O,O,O,O,O,O,O"
յովանէս որդի համզէի նվիրատու զորավորաց եկեղեցու,,յովանէս,O,"O,O,O,O,O,O"
ը հրատ ձալականց ա ալիշան շիրակ,,ը,O,"O,O,O,O,O,O"
Թարգմանվեց հունարենից Կոնդակագիր՝ դատական գործի լուծման մասին.,Կոնդակագիր ,Թարգմանվեց,O,"O,O,O,O,O,O,O"
տապանաքար ուղղանկյուն սալ գավթում տող,,տապանաքար,O,"O,O,O,O,O"
լմբատավանք ս ստեփանոս եկ ջոռ նվիրատվական,,լմբատավանք,O,"O,O,O,O,O,O"
Բերդաքաղաքի պարիսպների վրա պահպանված կառուցողական արձանագրություն պատմում է աշտարակների բարձրության մասին.,կառուցողական արձանագրություն ,Բերդաքաղաքի,O,"O,O,O,O,B-INSC,I-INSC,O,O,O,O,O"
եահ եահի պատարագ է ստացել,,եահ,O,"O,O,O,O,O"
նոր կյանք ս գրիգոր լուսավորիչ եկ կանոնաիրավական հյ պատ արտ,,նոր,O,"O,O,O,O,O,O,O,O,O,O"
"Վերականգնողները ամրացրին փխրուն եզրերը, որպեսզի չկորչի այս Սյունագիր տակտը.",Սյունագիր ,Վերականգնողները,O,"O,O,O,O,O,O,O,B-INSC,O"
համիթ սուլթան հիշատակված է հայրապետ հիշատակված է հասան մագիստրոս որդի գրիգորի,,համիթ,O,"O,O,O,O,O,O,O,O,O,O,O"
բառեզրիս ուղիղ ծևը սարուածք է որ բառարաններում մեկնվում է կազմվածք կառուցվածք նշանակությամբ հ էջ ամատունի էջ որը տվյալ համատեքստում թերևս պետք է նկատի առնել գութանի ամբողջական համակարգը,,բառեզրիս,O,"O,O,O,O,O,O,O,O,O,O,O,O,O,O,O,O,O,O,O,O,O,O,O,O,O,O,O"
իդեպ հատակագծումխաչաթները և ներքուստ և արտաքուստ ունեն ուղղանկյուն հորինվածք բացառությամբ արևելյան խորանի ներքին կիսաբոլորակի,,իդեպ,O,"O,O,O,O,O,O,O,O,O,O,O,O,O,O"
հռիփսիմե ս եկեղեցի հոռոմ գյուղ,,հռիփսիմե,O,"O,O,O,O,O"
"Վերականգնողը ընդգծեց, որ Վերանորոգման, նորոգման արձանագրություն հաճախ ուղեկցվում է շինարարների հիշատակմամբ.","Վերանորոգման, նորոգման արձանագրություն ",Վերականգնողը,O,"O,O,O,B-INSC,I-INSC,I-INSC,O,O,O,O,O"
մենք չենք անդրադառնում տեր մինասյանի մեկնաբանություններին քանի որ թվականի ճշգրտմամբ բոլոր հարցերը լուծվում են,,մենք,O,"O,O,O,O,O,O,O,O,O,O,O,O,O,O"
Խոնարհ սրահում կախված պատկերին կից կարդացվեց նվիրագիր՝ գրված մանր տառերով.,նվիրագիր ,Խոնարհ,O,"O,O,O,O,O,O,O,O,O,O"
ագրիգոր մւսավորիչ եկեղեյի արևելյան պատին արտաքուստ տող եսաւ եսաի,,ագրիգոր,O,"O,O,O,O,O,O,O,O,O"
նշան աստվածածին ս եկեղեցի գյումրիում,,նշան,O,"O,O,O,O,O"
պարսկաստան պարտավ պեմզաջեն գյուղ նիրակում,,պարսկաստան,O,"O,O,O,O,O"
Գիտաժողովում ներկայացվեց Շինարարական արձանագրություն՝ ուղեկցված ճարտարապետական գծագրերով.,Շինարարական արձանագրություն ,Գիտաժողովում,O,"O,O,B-INSC,O,O,O,O"
յամի տեառն կանգնեցաւ զանկակատունս ընդ ձեռն ընկերութեան հառիճոյ վանից ի յաւերժական յիշատակ յովսէփ աւագ քահանայի կոստանեանց հիմնադրի եւ նախագահի ընկերովթեան եւ նախապատճառի վերջին նորոգութեան սրբոյ մենաստանիս եւ բացման ժառանգաւորաց դարոցիս սորին,,յամի,O,"O,O,O,O,O,O,O,O,O,O,O,O,O,O,O,O,O,O,O,O,O,O,O,O,O,O,O,O,O,O,O"
վերջին բառը չենք հասկանում,,վերջին,O,"O,O,O,O"
հրատ ալիշան նիրակ գէորգեանց մասնակի թվականը ուդ եղիազարյան էջմիածին ա գագիկ հառիճեցի,,հրատ,O,"O,O,O,O,O,O,O,O,O,O,O,O"
"Թանգարանի բակում կանգնեցված հուշասյան վրա վերցվեց Հուշագիր՝ կարճ, բայց հուզիչ տեքստով.",Հուշագիր ,Թանգարանի,O,"O,O,O,O,O,O,O,O,O,O,O"
քարի եռատված լինելու պատճառով անհարթություններ կան նաև մնացած տողերում,,քարի,O,"O,O,O,O,O,O,O,O,O"
"Հուշարձանագետը նշեց, որ այս փակագիր արձանագրություն հազվադեպ է հանդիպում գյուղական ձեռագրերում.",փակագիր արձանագրություն ,Հուշարձանագետը,O,"O,O,O,O,B-INSC,I-INSC,O,O,O,O,O"
"Ուսանողները մագլցեցին խույզի վերևը, որպեսզի լուսանկարեն բարդ տեղում գտնվող Պատկերագիր.",Պատկերագիր ,Ուսանողները,O,"O,O,O,O,O,O,O,O,O,O"
էջադրումը և ձևավորումը արթուր հարությունյանի,,էջադրումը,O,"O,O,O,O,O"
Գրական մեկնաբանությունը ներկայացրեց Սյունագիր բառաշարային նրբությունները.,Սյունագիր ,Գրական,O,"O,O,O,B-INSC,O,O"
Հնագիտական արշավախումբը լուսանկարեց երկու գերեզմանատան արձանագրություն՝ տարբեր տառաձևերով.,Գերեզմանատան արձանագրություն ,Հնագիտական,O,"O,O,O,O,O,O,O,O"
հայերեն ձեռագրերի հիշատակարաններ ժգ դար կազմեց աս մաթևոպան երևան էջ,,հայերեն,O,"O,O,O,O,O,O,O,O,O,O"
Լեռան լանջին տեղադրված խաչքարի հիմքում կա Հուշագիր՝ բարեհաջող ավարտի շնորհակալական խոսքերով.,Հուշագիր ,Լեռան,O,"O,O,O,O,O,O,O,O,O,O,O"
տապանաքար օրորոցաձև հարավային նիստին տող,,տապանաքար,O,"O,O,O,O,O"
ծանոթ սեզ առաջին անգամ է հանդիպում լուսավորչի անվան այսօրինակ արտահայտչածևը,,ծանոթ,O,"O,O,O,O,O,O,O,O,O,O"
"Գյուղամիջի խաչքարի մոտ տեղադրվեց Կոթողային արձանագրություն, որը ներկայացնում է վերաշինության պատմությունը.",Կոթողային արձանագրություն ,Գյուղամիջի,O,"O,O,O,O,B-INSC,O,O,O,O,O,O"
ալեքսանդրիա նիկոլայ կայսեր կինը ալէքսան հայր յակոբի ննջեցյալ,,ալեքսանդրիա,O,"O,O,O,O,O,O,O,O"
պահպանվել են կլոր գետնախարիսխը և պատերի ստորին երկու երեք շարերը,,պահպանվել,O,"O,O,O,O,O,O,O,O,O,O"
մարմաշենից մոտ մ հարավ խաչիձոր տեղավայրում հսկայական ժայռաբեկորների վրա քանդակվել են խաչեր որոնցից ն արձանագրվածեն,,մարմաշենից,O,"O,O,O,O,O,O,O,O,O,O,O,O,O,O,O"
նիրակի մարզն արևմուտքից սահմանակից է թուրքիային հյուսիսից՝ վրաստանին արևելքից ու հարավից՝ հհլոռու և արագածոտնի մարզերին,,նիրակի,O,"O,O,O,O,O,O,O,O,O,O,O,O,O,O,O"
ս ստեփանոս եկեղեցի արևմտյան խաչաթևի վերին ճակատային մասում արտաքուստ տող մասամբ հողմահարված,,ս,O,"O,O,O,O,O,O,O,O,O,O,O,O"
Արխիվային ալբոմում պատկերված է հազվագյուտ Պատուհանագիր՝ լուսարձակների տակ նկարահանված.,Պատուհանագիր ,Արխիվային,O,"O,O,O,O,O,O,O,O,O"
բնակիչներից մեկի բակում կառուցված մատուռի մուտքի մոտ է գտնվում ռուսաց նիկոլայ կայսեր անվանակիր մի քար,,բնակիչներից,O,"O,O,O,O,O,O,O,O,O,O,O,O,O,O,O"
բարձրաշեն ս աստվածածին եկ ռ կանոնաիրավական հյ պատ արտ,,բարձրաշեն,O,"O,O,O,O,O,O,O,O,O"
տիկնաց տիկին զեորգ ս տիրացու երրորդութիւն ս ուսուցիչ զատիկ փեղամբար պատգամավոր մարգարե թէոդոս թագաւորի տաւն քահանա նաև աւաց խաչ ս խաչգոյտ ղ շառգարդար քարգործ կարապետ ս քարտաշ համբարծուծ հարկեր տուրքեր հոգեգալուստ,,տիկնաց,O,"O,O,O,O,O,O,O,O,O,O,O,O,O,O,O,O,O,O,O,O,O,O,O,O,O,O,O,O,O,O,O"
Գավթի սյունին փորագրված հիշատակագրային վիմագիր ավարտվում է օրհնության խնդրանքով.,հիշատակագրային վիմագիր ,Գավթի,O,"O,O,O,B-INSC,I-INSC,O,O,O,O"
գրիգոր առաջին առաջնորդ և վանահայր հառիճավանքի,,գրիգոր,O,"O,O,O,O,O,O"
նախորդ հրատարակիչը վիմագրի ծանոթագրության մեջ առաջադրում է մեր կարծիքով հնարավոր վարկած հայտնի է որ աշոտ գողորմածի որդիներից գուրգեն ա բագրատունին ստանալով տաշիրը և չձորագետը թ հիմք դրեց լոռվա կյուրիկյան թագավորությանը,Վիմագիր,նախորդ,O,"O,O,O,O,O,O,O,O,O,O,O,O,O,O,O,O,O,O,O,O,O,O,O,O,O,O,O,O,O,O"
Գրականագետի հոդվածում վերլուծվում է տապանաքարային վիմագիր՝ սյուժետային պատկերներով ուղեկցված.,տապանաքարային վիմագիր ,Գրականագետի,O,"O,O,O,O,B-INSC,O,O,O,O"
ծաստելի է որ կումայրի գյումրիի տնտեսական ու մշակութային կյանքը զարգացում է ապրել սկսած դարից,,ծաստելի,O,"O,O,O,O,O,O,O,O,O,O,O,O,O,O"
ինչպես գրերի մեծությունները այնպես էլ բովանդակությունը մատնացույց էանում որ դրանք երկու տարբեր արձանագրությունների մասեր են առաջին քարի գիրը պակասավորէբոլոր չորս կողմերից իսկ երկրորդի վրա առկա է առաջին տողի մի մասը,,ինչպես,O,"O,O,O,O,O,O,O,O,O,O,O,O,O,O,O,O,O,O,O,O,O,O,O,O,O,O,O,O,O,O"
յոհաննու եւ յակոբա տաւն,,յոհաննու,O,"O,O,O,O"
հասրաթյան մարձաշենի վանք քրիստոնյա հայաստան հանրագիտարան էջ,,հասրաթյան,O,"O,O,O,O,O,O,O"
հրատ զալալյանց ա պլի ա ալիշան նիրակ գէորգեանց եղիազարյան էջմիածին բ,,հրատ,O,"O,O,O,O,O,O,O,O,O,O,O"
խաչկանց այգի արուճում որը տրվել է հառիճավանքին,,խաչկանց,O,"O,O,O,O,O,O,O"
այս անունով գյուղ հիշատակված է երկու անգամ հոռոմոսի արձանագրությունների մեջ դարի սկզբում մեկ անգամ նաւթա գրությամբ որը վանքին է նվիրել խութլուխաթունը և մյուս անգամ նավթա սեռ շավթաի որը նույն վանքին է նվիրել անիի արքեպիսկոպոս տէր գրիգորը ալիշան նիրակ էջ,,այս,O,"O,O,O,O,O,O,O,O,O,O,O,O,O,O,O,O,O,O,O,O,O,O,O,O,O,O,O,O,O,O,O,O,O,O,O,O,O,O,O"
սացդուխտ սահակադուխտ ամուսին սարգսի մայր զաքարե ամիրսպասալարի պատարագ էստացել,,սացդուխտ,O,"O,O,O,O,O,O,O,O,O"
արձանագրված եինաքար գտնվել է վանքի թանգարանում տող,,արձանագրված,O,"O,O,O,O,O,O,O"
Թանգարանի սևագրերի բաժնում պահպանվում է Զանգակատան արձանագրություն լուսանկարների շարք.,Զանգակատան արձանագրություն ,Թանգարանի,O,"O,O,O,O,O,B-INSC,I-INSC,O,O"
սովսիս հայր առաջնորդ լմբատավանքի ննջեցյաց,,սովսիս,O,"O,O,O,O,O"
տէրք քահանայք որին հետևել է նաև գ հառիճեցին,,տէրք,O,"O,O,O,O,O,O,O,O"
յայր ատը պէւույրլ ը պետիս ու տիրատրուաց ոռարող ոորսիւ,,յայր,O,"O,O,O,O,O,O,O,O,O"
քյուրտյան բազմավէպ քիւրտեան հառիճոյ վանքին արձանագրութիւնները բազմավէա,,քյուրտյան,O,"O,O,O,O,O,O,O"
ս աստվածածին եկեղեցի հյուսիսային պատի կենտրոնական մասում արտաքուստ,,ս,O,"O,O,O,O,O,O,O,O"
վ յարությունյան նշվ աշխ էջ,,վ,O,"O,O,O,O,O"
եւ քրիստափորի եւ սոսթենիսին իշեսջիք եւ զվերայգրեալսս՝ զհայր պետրոս եւ գթրիստափորեւ սոսթենէս,,եւ,O,"O,O,O,O,O,O,O,O,O,O,O,O"
աւշական շական գյուղ արագածոտնում որտեղից այգիներ և ջաղաց են նվիրաբերել սարմաշենի վանքին,,աւշական,O,"O,O,O,O,O,O,O,O,O,O,O,O"
ծուպուլ հայր սիմէոնի հիշատակված է,,ծուպուլ,O,"O,O,O,O,O"
Արխիվում գտնված Ապահարկման արձանագրություն ստորագրված է մի քանի աշխարհականների կողմից.,Ապահարկման արձանագրություն ,Արխիվում,O,"O,O,B-INSC,I-INSC,O,O,O,O,O,O"
աաշշ ա վոնանան կ ե ոն է ս ս ա թաաաւա ի,,աաշշ,O,"O,O,O,O,O,O,O,O,O,O,O,O"
ալաշկերտ քաղաք արևմտյան հայաստանում,,ալաշկերտ,O,"O,O,O,O"
այդուհանդերձ հարկ համարեցինք երկու արձանագրություն պրակում ներառել,,այդուհանդերձ,O,"O,O,O,O,O,O,O"
ամբողջ բլուրը մի քանի հեկտար հարթ գագաթով նագուն բերդատեղի և ավան է եղել,,ամբողջ,O,"O,O,O,O,O,O,O,O,O,O,O,O,O"
տիրիկ անծնանունը որն ըստ աճառյանի ծագել է տէր բառից որից նան տիրակ տիրուկ հայոց մեջ հանդիպում է չորրորդ դարից հայտնի են այդանուն բասենի եպիսկոպոսը բագրևանդի եպիսկոպոսը թ պարտավի եկեղեցական ժողովի մասնակից աղվանից իշխան բարոնի որդին,,տիրիկ,O,"O,O,O,O,O,O,O,O,O,O,O,O,O,O,O,O,O,O,O,O,O,O,O,O,O,O,O,O,O,O,O,O,O,O,O"
ի տարբերություն պատմամշակութային ու ճարտարապետական հուշարձաններով ըստ այդմ նաև վիմագրությամբ անհամեմատ հարուստ արևմտյան շիրակի այդ գավառի արևելյան հատվածը չնայած մի քանի հռչակավոր վանական ու եկեղեցական համակառույցների՝ մարմաշեն լմբատավանք հառիճավանք երերույք խնդրո առարկա բնագավառներում բավական համեստ ներկայանալի է,,ի,O,"O,O,O,O,O,O,O,O,O,O,O,O,O,O,O,O,O,O,O,O,O,O,O,O,O,O,O,O,O,O,O,O,O,O,O,O,O"
գրականության մեջ համարվել է դդ շենք որը թ արդեն կանգուն էր,,գրականության,O,"O,O,O,O,O,O,O,O,O,O,O"
եղած արձանագրությունները սաստիկ հողմահարված քայքայված են,,եղած,O,"O,O,O,O,O,O"
արձանագրության շատ հատվածներ միտումնավոր եղծված են,,արձանագրության,O,"O,O,O,O,O,O"
հատ մխիթարյանց տեղագրութիւն ալիշան եիրակ գէորգեանց,,հատ,O,"O,O,O,O,O,O"
ս կարապետ եկեղեցի հարավային ավանդատան ներսում լուսամուտից ձախ տող,,ս,O,"O,O,O,O,O,O,O,O,O"
գ ձարմանալիէ որ դարի առաջին երկու տասնամյակների այդծաղկուն վիճակից հետոգյուղը ևեկեղեցին կորցրել են իրենց նշանակությունը ոչ միայն ավելի ուշ արձանագրություններ չկան այլև գյուղի անունն էլ մոռացվել է,,գ,O,"O,O,O,O,O,O,O,O,O,O,O,O,O,O,O,O,O,O,O,O,O,O,O,O,O,O,O"
ս գևորգ եկեղեցու մարտարապետական ու քանդակային լուծումների վերաբերյալ դիտարկումներ է արել նաև ակադ վ հարությունյանը որի կարծիքով կիսավեր առանց գմբեթի մեծ մասամբ մինչև ճակատների քիվերը պահպանված տաճարը բացարձակ ամենամեծն էիրխմբիմեջ,,ս,O,"O,O,O,O,O,O,O,O,O,O,O,O,O,O,O,O,O,O,O,O,O,O,O,O,O,O,O,O,O,O"
ծանոթ ներկայումս կենտրոնում ունի ջարդված մաս,,ծանոթ,O,"O,O,O,O,O,O"
սկզբնամասը լրացնում ենք ըստս բարխուդարյանի ընդօրինակման,,սկզբնամասը,O,"O,O,O,O,O,O"
ճալալյան ալեքսանդր ջալալյանց սարգիս,,ճալալյան,O,"O,O,O,O"
եկեղեցին ուղղակյուն հատակագծով արևելյան խորանին երկու կողմից կից քառակուսի ավանդատներով կառույց է որի արևմտյան կողմում ուշ միջնադարում զույգ բոլորածև աշտարակներ են ավելացրել ու ողջ կառույցը վերածել ամրոցի,,եկեղեցին,O,"O,O,O,O,O,O,O,O,O,O,O,O,O,O,O,O,O,O,O,O,O,O,O,O,O,O,O"
ալեքսանդրա ս եկեղեցի ալեքսանդրապոլ բերդամրոցում,,ալեքսանդրա,O,"O,O,O,O,O"
սարգիս քահանա ննջեցյալ սարգիսյան ներսես,,սարգիս,O,"O,O,O,O,O"
ալ մանուչարյան լրաբեր թ,,ալ,O,"O,O,O,O"
ուցված ընդարծձակ պարսպով որի մնացած մասերը միանգամայն անհայտացել են զանազան նոր,,ուցված,O,"O,O,O,O,O,O,O,O,O,O,O"
հառիճավանքից մեզհայտնիթվով արձանագրություն ըչպահպանված տեղէգտելսս ձեռագրում՝ ընդօրինակված թ,,հառիճավանքից,O,"O,O,O,O,O,O,O,O"
եվս մեկ արձանագիր քար ագուցված է գյուղամիջյան հին կամրջի որմին,,եվս,O,"O,O,O,O,O,O,O,O,O,O"
աբաս հայր սոշեղի հիշատակված է աբդուլ համիդ,,աբաս,O,"O,O,O,O,O,O,O"
ար ա ևարավջայլս խաջթեի պաքին արգաուօտ նայխորդեց ան միջ ապիս կէրև ատոջ,,ար,O,"O,O,O,O,O,O,O,O,O,O,O,O"
խաչի ձոր խաչադրոշմ ժայռաբեկոր չէ,,խաչի,O,"O,O,O,O,O"
նիրակի արձանագրությունների նկատի ունենք արևելյան նկատմամբ հետաքրքրությունը ինչպես այլ տարածաշրջաններում սկզբնավորվել է դարի ական թթ հայ մեծանուն ու բազմաշխատ տեղագիրներ սարգիս ջալալյանցի հովհաննես նահխաթունյանցի մի փոքր ուշ՝ աբել մխիթարյանցի մելքիսեդեկ գևորգյանցի ականներին ղեոնդ ալիշանի շնորհիվ,,նիրակի,O,"O,O,O,O,O,O,O,O,O,O,O,O,O,O,O,O,O,O,O,O,O,O,O,O,O,O,O,O,O,O,O,O,O,O,O"
հարայպետ քահանա աշխատաւոր լմբատավանքի հիշատակվածէ,,հարայպետ,O,"O,O,O,O,O"
ծանոթ մ գեորգյանցը թվականը կարդացել է ոձգ,,ծանոթ,O,"O,O,O,O,O,O,O"
գ եղիազարյանը հիմնվելով հնագիտական հետազոտությունների վրա ցիցք գյուղը տեղադրում է վանքից կես կիլոմետրաչափ դեպի հարավ արևմուտք սարահարթի վրա այժմյան պեմզաշեն գյուղը տանող կարմ ճանապարհի եզրին,,գ,O,"O,O,O,O,O,O,O,O,O,O,O,O,O,O,O,O,O,O,O,O,O,O,O,O,O"
չախ կողմի մի քարի երեսը ևս հողմահարված է բայց յուրաքանչյուր տողից մի քանի տառ պակասողները հեշտությամբ լրացվում են,,չախ,O,"O,O,O,O,O,O,O,O,O,O,O,O,O,O,O,O,O,O"
սակայն դրանցից ոչ մեկում չի վկայված հուշարծանի կառուցման առավել հավանական ժամանակը՝ րդ դարը,,սակայն,O,"O,O,O,O,O,O,O,O,O,O,O,O,O"
Հրատարակության վերջում հրապարակվեց ևս մեկ Մատենագիտական արձանագրություն՝ նոր բացահայտումներով.,Մատենագիտական արձանագրություն ,Հրատարակության,O,"O,O,O,O,O,B-INSC,O,O,O"
բացակայում է որևէ կցագրություն կամ փակագրություն,,բացակայում,O,"O,O,O,O,O,O"
ծանոթ գրված է թվից առաջ վանքի առաջնորդ գրիգորը մահացել է այդ թվին,,ծանոթ,O,"O,O,O,O,O,O,O,O,O,O,O,O"
նկատառելով տապանաքարի և տառածձևերի հորինվածքը՝ թվականը ենթադրաբար կարելի է վերականգնել ոխ ո,,նկատառելով,O,"O,O,O,O,O,O,O,O,O,O,O,O"
աղա սահմեդ խանի՝ թ հայաստան կատարած ներխուժումից վանքն ավերածությունների է ենթարկվել և միայն թ ռուս թուրքական պատերազմի ավարտից հետո զարթոնքապրել վանահայր կարսիերբեմնիառաջնորդտեփանոսարք խաժակյանիհոգածությամբ,,աղա,O,"O,O,O,O,O,O,O,O,O,O,O,O,O,O,O,O,O,O,O,O,O,O,O"
եկեղեցին կոչվում է ս մինաս,,եկեղեցին,O,"O,O,O,O,O"
կարայպետ լմբատավանքը ապահովել է ջրով,,կարայպետ,O,"O,O,O,O,O"
Տեղաբնակները ավանդույթով կրկնում են Օրհնագիր՝ սերունդների հիշողության մեջ պահելով տեքստը.,Օրհնագիր ,Տեղաբնակները,O,"O,O,O,O,O,O,O,O,O,O"
"Հին գերեզմանատանը պահպանվել է տապանաքարային արձանագրություն, որտեղ թվարկված են երեք եղբայրների անունները.",տապանաքարային արձանագրություն ,Հին,O,"O,O,O,O,B-INSC,O,O,O,O,O,O,O"
ի այճագալ նբ ի յ ա աաձաւգն ա,,ի,O,"O,O,O,O,O,O,O,O"
ճարտարապետական զարդաքանդակներու ոճերը որոնք իբրև նախատիպ ծառայել են րդ և րդդարերուն կանգնված քանի մը շենքերու,,ճարտարապետական,O,"O,O,O,O,O,O,O,O,O,O,O,O,O,O,O"
հինգերորդտողի սկզբում հ մելքոնյանը կարդացել էորն իսմի յաթոռ,,հինգերորդտողի,O,"O,O,O,O,O,O,O,O"
խաթուն դուստր վարհամ հէճուպի պատարագէ խնդրել,,խաթուն,O,"O,O,O,O,O,O"
հին հրատարակությունները շատ թերի են խոսքը թերևս վերաբերում է առաջին երկուսին,,հին,O,"O,O,O,O,O,O,O,O,O,O,O"
տապանաքար երկլանջ հարավային նիստին տող,,տապանաքար,O,"O,O,O,O,O,O,O,O,O,O,O,O,O,O,O"
աետ լմբատավանքի նվիրատուի անունը եղծված հայրը հիշատակված է,,աետ,O,"O,O,O,O,O,O,O,O"
ս կարապետ եկեղեցի արևելյան որմին արտաքուստ լուսամուտից աջ տող,,ս,O,"O,O,O,O,O,O,O,O,O"
հոռոմոս վանք նիրակ գավառում,,հոռոմոս,O,"O,O,O,O"
աշխարհբեկ քալանթար երջան տեկորի արշավախմբի արջո առիճ ալաման խծկոնք տեկոր ծանի ագարակ բագարան նախճավան մրեն հայաստան քարե դարից միջնադար երկերի ժողովածու երևան էջ գրչանկարներով և վերծանությամբ տրված վիմագրերի քանակական պատկերը հետեյալն է արջո առիճ արձ տեկոր՝ արձ ագարակ արձ ծանի՝ արձ նախճավան արձ բագարան արձ սրեն արձ,,աշխարհբեկ,O,"O,O,O,O,O,O,O,O,O,O,O,O,O,O,O,O,O,O,O,O,O,O,O,O,O,O,O,O,O,O,O,O,O,O,O,O,O,O,O,O,O,O,O,O,O,O,O"
Մատենադարանի ցուցասրահում ներկայացված հիշատակագիր պատմում է ձեռագրի ճանապարհի մասին.,հիշատակագիր ,Մատենադարանի,O,"O,O,O,B-INSC,O,O,O,O,O"
Արձանագրագետը թվագրեց Գավիթային արձանագրություն՝ հիմնվելով տառաձևի վրա.,Գավիթային արձանագրություն ,Արձանագրագետը,O,"O,O,B-INSC,O,O,O,O"
ծանոթ գրված է գեղեցիկ գրչությամբ բայց հետագայում դիտավորյալ ջարդոտվել է կացնի հարվածներից և խիստ դժվարությամբ են որոշվում տառերը,,ծանոթ,O,"O,O,O,O,O,O,O,O,O,O,O,O,O,O,O,O,O,O"
գյուղի մեջ է մ դ տիրանավոր խաչածև հատակագծով գմբեթավոր եկեղեցին որը վերջերս է նորոգվել,,գյուղի,O,"O,O,O,O,O,O,O,O,O,O,O,O,O,O"
"Քանդակագործական արհեստանոցում ցույց տրվեց, թե ինչպես է արվում Սյունագիր՝ պահպանելով հղկման կարգը.",Սյունագիր ,Քանդակագործական,O,"O,O,O,O,O,O,O,O,O,O,O,O"
ժամանակին նա այլ եկեղեցիների նման ամրացվել և վեր է ածվել բերդի,,ժամանակին,O,"O,O,O,O,O,O,O,O,O,O,O"
վերջին տիկո բառի կ տառի առաջին ուղղահայացի վերին մասում առկա է ն տառի վերին փոքր ստեղնը որը հնար է տալիս կարդալու նան տիկնո կամ տինկո իսկ միգուցե տիրիկի հոլովված տիրկո ձևը,,վերջին,O,"O,O,O,O,O,O,O,O,O,O,O,O,O,O,O,O,O,O,O,O,O,O,O,O,O,O,O,O,O,O,O"
ասյեփանոս եկեղեյի ավագ խորանի որմնանկարի ձախ կողմում սևաներկ բավականաչափ թափված և տեղ տեղ անընթեռնելի մոտ տող,,ասյեփանոս,O,"O,O,O,O,O,O,O,O,O,O,O,O,O,O,O,O"
նրան հաջորդած դավիթ անհողինը մոտ իր եղբայր սմբատի հետ ոչ միայն ընդարձակեց թագավորության սահմանները այլև փործեց ազատվել գագիկ բագրատունու գերիշխանությունից,,նրան,O,"O,O,O,O,O,O,O,O,O,O,O,O,O,O,O,O,O,O,O,O"
հառիճավանք ս աստվածածին եկ ամ պատ գավթի մեջ ոռ,,հառիճավանք,O,"O,O,O,O,O,O,O,O,O"
մխիթարյանց տեղագրութիւն աբել արքեպիսկոպոս սխիթարյանց տեղագրութիւն սարմաշինոյ եւ այլ վանացն ի նիրակ երկերի ժողովածու ս էջմիածին,,մխիթարյանց,O,"O,O,O,O,O,O,O,O,O,O,O,O,O,O,O,O"
ենթադրվում է թե այն ևս ժամանակակից է գլխավոր եկեղեցուն ու գավթին և թեպետ ներսում գերեզմանաքարեր չեն պահպանվել սակայն պետք է որ պահլավունյաց տոհմին պատկանած դամբարան եղածլինի,,ենթադրվում,O,"O,O,O,O,O,O,O,O,O,O,O,O,O,O,O,O,O,O,O,O,O,O,O,O,O,O"
կիմայթ պատարագ է ստացել կյուրիկյան թագավորություն կոստանյան հովսեփ կուրդղինյան նուշանիկ,,կիմայթ,O,"O,O,O,O,O,O,O,O,O,O"
ծանոթ առաջին տողը կրկնված է մեծ մասամբ հինգերորդ տողի սկզբի մի քանի տառերը քերված են ա տառը գրված է երկու գրչությամբ խառն կարգով,,ծանոթ,O,"O,O,O,O,O,O,O,O,O,O,O,O,O,O,O,O,O,O,O,O,O,O,O"
այստեղ է գտնվում նաև մ թ ա դդ զորանոց ամրոցը,,այստեղ,O,"O,O,O,O,O,O,O,O,O,O"
եահխաթունյանց յովհաննէս եպիսկոպոս նահխաթունեանց ստորագրութիւն կաթուղիկէ էջմիածնի և հինգ գաւառացն արարատայ աշխատասիրությամբ՝ ա տեր ստեփանյանի ս էջմիածին վերահրատարակություն,,եահխաթունյանց,O,"O,O,O,O,O,O,O,O,O,O,O,O,O,O,O,O,O,O"
Հուշարձանների նոր ցուցակում ներառվեց նաև մեկ միջին չափի տապանաքարային արձանագրություն՝ 1673 թվականի թվագրությամբ.,տապանաքարային արձանագրություն ,Հուշարձանների,O,"O,O,O,O,O,O,O,O,B-INSC,O,O,O,O"
փակագծով նշված են ակներև ավելորդ տառերը,,փակագծով,O,"O,O,O,O,O,O"
տապանաքար ուղղանկյուն օրորոցաձև գյուղի հարավային գերեզմանոցում հարավային նիստին տող,,տապանաքար,O,"O,O,O,O,O,O,O,O,O"
"Ճարտարապետները գտան սյունային արձանագրություն, որը վկայում է երկրորդ շինափուլի մասին.",սյունային արձանագրություն ,Ճարտարապետները,O,"O,O,B-INSC,O,O,O,O,O,O,O"
Թարգմանվեց արաբերենից հին Թագավորական արձանագրություն՝ սահմանային պայմանագրի վերաբերյալ.,Թագավորական արձանագրություն ,Թարգմանվեց,O,"O,O,O,B-INSC,O,O,O,O"
ն մառը ներկայացրել էմիայն ռուսերեն թարգմանությունը,,ն,O,"O,O,O,O,O,O"
ս գրիգոր լոսավորիչ եկեղեցի հյուսիսային պատի կենտրոնում և մուտքի բարավորի վրա արտաքուստ տող,,ս,O,"O,O,O,O,O,O,O,O,O,O,O,O,O"
ցանոթ գ հառիճեցին թվականը կարդացել է ռսխձ,,ցանոթ,O,"O,O,O,O,O,O,O"
խորանին հարող պատերին պատկերված են,,խորանին,O,"O,O,O,O,O"
Հուշակոթողին հավերժացվել է Հուշագիր՝ քաղաքացիների անուններով և ծննդյան թվականներով.,Հուշագիր ,Հուշակոթողին,O,"O,O,O,O,O,O,O,O,O"
Նորացված ցուցանակը մատնանշում է այստեղ պահպանված Խաչքարային արձանագրություն և նրա ընթերցումը.,Խաչքարային արձանագրություն ,Նորացված,O,"O,O,O,O,O,O,B-INSC,I-INSC,O,O,O"
ախուրյան շրջան հայկ խսգում,,ախուրյան,O,"O,O,O,O"
ուշագրավ է նաև վիմագրում բառանջատումը փոքր խաչանշաններով արտահայտելու ձևը,վիմագրում,ուշագրավ,O,"O,O,O,B-INSC,O,O,O,O,O,O,O,O,O,O,O,O,O,O"
առկա են դ բազմաթիվ ու տարածձև տապանաքարեր երբեմն կենցաղային բնույթի պատկերաքանդակներով,,առկա,O,"O,O,O,O,O,O,O,O,O,O,O"
Լուսանկարիչը նկարեց Հուշակոթողային արձանագրություն գիշերային լուսավորմամբ՝ ընթեռնելի դարձնելով տառերը.,Հուշակոթողային արձանագրություն ,Լուսանկարիչը,O,"O,O,B-INSC,I-INSC,O,O,O,O,O"
հրատ գագիկ հառիճեցի,,հրատ,O,"O,O,O"
Պատուհանային եզրի վրա փորագրված Պատուհանագիր ավարտվում է օրհնությամբ.,Պատուհանագիր ,Պատուհանային,O,"O,O,O,O,B-INSC,O,O,O"
Արվեստաբանը նկարագրեց Պատկերագիր ոճագիտական հատկանիշները՝ համադրելով հարևան վանքերի օրինակների հետ.,Պատկերագիր ,Արվեստաբանը,O,"O,O,B-INSC,O,O,O,O,O,O,O"
Արձանագրագետը հրապարակեց Գմբեթային արձանագրություն՝ հետագա մեկնաբանություններով.,Գմբեթային արձանագրություն ,Արձանագրագետը,O,"O,O,B-INSC,O,O,O"
տապանագրերը հիմնականում դարերից են բացառությամբ մեկի որը վկայակոչում ենք ստորև,,տապանագրերը,O,"O,O,O,O,O,O,O,O,O,O"
Թանգարանի ցուցահանդեսում ներկայացվեց Գավիթային արձանագրություն՝ կողքին ճարտարապետական գծագիր.,Գավիթային արձանագրություն ,Թանգարանի,O,"O,O,O,B-INSC,O,O,O,O"
եկեղեցու հարավային մուտքի վերնամասում ևս օնիքսե սալ է ագուցված որին տիրամայրը մանուկ հսուսը գրկին և վերջինիս չարչարանքները խորհրդանչող գործիքներով պատկերաքանդակն է,,եկեղեցու,O,"O,O,O,O,O,O,O,O,O,O,O,O,O,O,O,O,O,O,O,O,O"
հրատ զալալյանց ա մխիթարյանց առիմ ալիշան նիրակ,,հրատ,O,"O,O,O,O,O,O,O"
ույն տեղում էջ,,ույն,O,"O,O,O,O,O,O"
եկեղեցու մոտ եղել է նաև մի բարձր աշտարակ ներքին աստիճաններով իսկ մ դեպի արևմուտք մնում է մի մեծ որմնափակ խաչքարի պատվանդանն ու խաչի բեկորը,,եկեղեցու,O,"O,O,O,O,O,O,O,O,O,O,O,O,O,O,O,O,O,O,O,O,O,O,O,O"
թ ռուսաստանի կայսր նիկոլայ ի գյումրի կատարած այցից հետո նրա կնոջ ալեքսանդրիայի անունով բնակավայրը անվանափոխվել է ալեքսանդրապոլ և թվականից ձեռք բերել քաղաքի կարգավիմակ,,թ,O,"O,O,O,O,O,O,O,O,O,O,O,O,O,O,O,O,O,O,O,O,O,O,O"
բագրատունյաց թագավորության անկումից հետո օտար նվաճողների ավերում ավարառումները շարունակվեցին մինչև դարավերջ երբ հայ վրացական զորքերը զաքարյան իշխանների հրամանատարությամբ սկսեցին ազատագրել հայաստանը այդ թվում նաև եիրակը,,բագրատունյաց,O,"O,O,O,O,O,O,O,O,O,O,O,O,O,O,O,O,O,O,O,O,O,O,O,O,O"
ղուկասյան շրջան հայկ խսգում,,ղուկասյան,O,"O,O,O,O"
այժմ շրջապատի այդ հավելումները վերացված են,,այժմ,O,"O,O,O,O,O,O"
Հրատարակության մեջ ընդգրկվեց Մատենագիտական արձանագրություն՝ ծանոթագրական մեկնություններով.,Մատենագիտական արձանագրություն ,Հրատարակության,O,"O,O,O,B-INSC,O,O,O"
ամալիրի բարգաված ու աշխույժ վանական կյանքի մասին են վկայում վիմագրում պահպանված գանծագին այգիների օշականից դողսից աշտարակից կարբիից վժանից ներկայիս ուջան սերկպլիից մրենից ագարակների ջաղացների տներ կուղպակների ավանդման փաստի առնչությամբ հիշատակությունները,վիմագրում,ամալիրի,O,"O,O,O,O,O,O,O,O,O,B-INSC,O,O,O,O,O,O,O,O,O,O,O,O,O,O,O,O,O,O,O,O,O,O,O,O,O,O,O,O,O,O,O,O,O,O,O,O,O,O,O,O,O,O,O,O,O,O,O,O,O,O"
ծուպուլի որդի սիմեոնը հիշատակվում էր նաև լմբատավանքի վիմագրերից մեկում արձ խմբ,վիմագրերից,ծուպուլի,O,"O,O,O,O,O,O,O,B-INSC,O,O,O,O,O,O,O,O,O,O,O,O,O,O"
ծանոթ գրված է ուռուցիկ գրերով և անարվեստ հայտնի է որ ուռուցիկ գրերը ավելի ենթակա են քայքայման,,ծանոթ,O,"O,O,O,O,O,O,O,O,O,O,O,O,O,O,O,O"
աս մականունով առավել հայտնի է մատենագիր բարսեղ ճոնը,,աս,O,"O,O,O,O,O,O,O,O"
Հնագիտական ցուցադրությունում ներկայացվեց Կոնդակագիր՝ կաշվե գոտկատեղի վրա կապված.,Կոնդակագիր ,Հնագիտական,O,"O,O,O,O,O,O,O,O"
"Պատմաբանները հրապարակեցին Պատուհանագիր, որը թվագրվում է 12-րդ դարին.",Պատուհանագիր ,Պատմաբանները,O,"O,O,O,O,O,O,O,O"
Ցուցասրահում ենթաբաժին է հատկացված նվիրագիր ուսումնասիրություններին և օրինակներին.,նվիրագիր ,Ցուցասրահում,O,"O,O,O,O,B-INSC,O,O,O"
իններորդ տողում սիրհնեցի բառում տառից հետո փորագրված է ը կամ իը ստորին մասը եղծված,,իններորդ,O,"O,O,O,O,O,O,O,O,O,O,O,O,O,O"
Հին եկեղեցու բակում գտնվեց հիշատակագրային վիմագիր՝ ընթերցված լուսանկարի հիման վրա.,հիշատակագրային վիմագիր ,Հին,O,"O,O,O,O,B-INSC,O,O,O,O,O"
դեղուն ամուսին սկրտիչ քահանայի նվիրատու արթիկի ս աստվածածին եկեղեցու,,դեղուն,O,"O,O,O,O,O,O,O,O,O"
թերևս ժամանակակից է նախորդին,,թերևս,O,"O,O,O,O"
տապանաքար օրորոցածև հարավային նիստին տող,,տապանաքար,O,"O,O,O,O,O,O,O,O,O,O"
Դասախոսը ներկայացրեց Կանոնագիր՝ որպես նորմատիվ ակտի նախատիպ.,Կանոնագիր ,Դասախոսը,O,"O,O,O,O,O,O,O"
ս աստվածածին եկեղեցի արևմտյան մուտքի գավթի միջից կամար շրջանակի վրա տող,,ս,O,"O,O,O,O,O,O,O,O,O,O,O"
"Լեռնազանգվածի հարավային լանջին հանդիպեցինք ժայռապատկեր, որը պատկերում է որսի տեսարաններ.",ժայռապատկեր ,Լեռնազանգվածի,O,"O,O,O,O,O,O,O,O,O,O"
նոր բանդիվան հնում նաև այսպես է կոչվել եիրակի բանդիվան գյուղը,,նոր,O,"O,O,O,O,O,O,O,O,O,O"
արթիկի ս գեորգ եկեղեցին դ,,արթիկի,O,"O,O,O,O,O"
մեկ այլ առիթով էլ նա նկատում է որ շենքի ներքին ձևը հունական սելլայի կամ բազիլիկի տիան ունի որ եթե ոչ նախաքրիստոնեական գեթ հայաստանի քրիստոնեության սկզբին հիմնվածէ այսինքն մի պարզ սրահ կրոնական արարողությանց հատուկ,,մեկ,O,"O,O,O,O,O,O,O,O,O,O,O,O,O,O,O,O,O,O,O,O,O,O,O,O,O,O,O,O,O,O,O,O,O"
հրատ մխիթարյանց տեղագրութիւն ալիշան նիրակ,,հրատ,O,"O,O,O,O,O"
"Վերանորոգման, նորոգման արձանագրություն պահպանվել է գավթի սալին՝ նշելով սալահարթակի փոխարինումը.","Վերանորոգման, նորոգման արձանագրություն ","Վերանորոգման,",B-INSC,"B-INSC,I-INSC,I-INSC,O,O,O,O,O,O,O"
խոսելով արթիկի պատմաճարտարապետական հուշարձանների նկարագրի ու թվագրման շուրջ թ թորամանյանը գրում է այս գյուղին մեջ կան երկու նշանավոր շենքեր մեկը րդ դարու առաջին քառորդին շինված իսկ մյուսը որ մեծ է րդ դարու հոյակապ շենքերից մեկն է ունի իր վրա թալինի մեծ կաթուղիկեի հատկանիշները,,խոսելով,O,"O,O,O,O,O,O,O,O,O,O,O,O,O,O,O,O,O,O,O,O,O,O,O,O,O,O,O,O,O,O,O,O,O,O,O,O,O,O,O,O,O,O,O"
ավելորդ չէ նշել որ գյումրիից են սերում մշակույթի ու գիտության բազմաթիվ երախտավորներ գուսան շերամ գրիգոր տալյան երվանդ լալայան ավետիք իսահակյան շուշանիկ կուրդինյան հովհաննես շիրազ արմեն տիգրանյան մկրտիչ արմեն մհեր սկրտցանև այլք,,ավելորդ,O,"O,O,O,O,O,O,O,O,O,O,O,O,O,O,O,O,O,O,O,O,O,O,O,O,O,O,O,O,O,O,O"
"Թանգարանում բացվեց ցուցադրություն, որտեղ ցուցադրված է Շրջագիր ծածկագիր՝ կողքին բացատրությամբ.",Շրջագիր ծածկագիր ,Թանգարանում,O,"O,O,O,O,O,O,B-INSC,O,O,O"
լմբատավանք ս ստեփանոս եկ ոռ շինարարականամ պատ արտ նվիրատվական լմբատավանք ս ստեփանոս եկ աե պատ արտ դդ նվիրատվական լմբատավանք ս ստեփանոս եկ հյ պատ ներ նվիրատվական լմբատավանք ս ստեփանոս եկ թմբուկի հվ ամ նիստ նվիրատվական,,լմբատավանք,O,"O,O,O,O,O,O,O,O,O,O,O,O,O,O,O,O,O,O,O,O,O,O,O,O,O,O,O,O,O,O,O,O,O,O,O"
Գրքի հավելվածում հրապարակվեց մի Հուշագիր՝ պահպանված հին սալաքարի բեկորի վրա.,Հուշագիր ,Գրքի,O,"O,O,O,O,O,O,O,O,O,O"
"Քարացանկի աջ եզրին ընթեռնելի դարձավ Եկեղեցու արձանագրություն, որը հիշատակում է սրբատաշ քարերի մատակարարին.",Եկեղեցու արձանագրություն ,Քարացանկի,O,"O,O,O,O,O,B-INSC,O,O,O,O,O,O,O"
հրատ աշ սանուչարյան ե՛պսժ,,հրատ,O,"O,O,O,O"
արագէճ ագարակ բագարանում որը նվիրաբերվել է մարմաշենի վանքին,,արագէճ,O,"O,O,O,O,O,O,O,O"
Ուսանողները դաշտային աշխատանքում գտան նոր Սյունագիր՝ բակի սյան վրա.,Սյունագիր ,Ուսանողները,O,"O,O,O,O,O,O,O,O,O"
բնակավայրը հուշարձանը արձանագրության տեղը բնույթը,,բնակավայրը,O,"O,O,O,O,O"
մխարգրծել որդի նահնշահի թոռ զաքարե ամիրսպասալարի,,մխարգրծել,O,"O,O,O,O,O,O"
ղարփ եղբայր գրիգոր արքեպիսկոպոսի հիշատակված է,,ղարփ,O,"O,O,O,O,O,O"
վերջին տողում յավիտեան բառում երկրորդ ա ի փոխարեն գրիչը փորագրել է ս,,վերջին,O,"O,O,O,O,O,O,O,O,O,O,O,O"
ելնելով շինության ճարտարապետական ու կառուցողական ձևերից հնագետ եղիազարյանն այն թվագրում է դարով ու կարծում որ հիշյալ ժամանաշրջանում գյուղն արդեն գտնվում էր իր տեղում,,ելնելով,O,"O,O,O,O,O,O,O,O,O,O,O,O,O,O,O,O,O,O,O,O,O,O,O"
գայկական կողմը դեկավարում են հուշարձանների պահպանման գործակալության շիրակարագածոտն բաժնի պետ հնագետ լարիսա եգանյանը և շիրակի երկրագիտական թանգարանի տնօրեն հնագետ համազասպ խաչատրյանը իսկ ֆրանսիական կողմի արշավախումբը ղեկավարում է ֆրանսիայի գիտական ուսումնասիրությունների ազգային կենտրոնի միջերկրածովային միջնադարյան հնագիտական լաբորատորիայի և պրովանսի համալսարանի հայ արվեստի պատմաբան պատրիկ դոնաբեդյանը,,գայկական,O,"O,O,O,O,O,O,O,O,O,O,O,O,O,O,O,O,O,O,O,O,O,O,O,O,O,O,O,O,O,O,O,O,O,O,O,O,O,O,O,O,O,O,O,O"
նոր կյանք ս գրիգոր լուսավորիչ եկ ն թ կանոնաիրավական,,նոր,O,"O,O,O,O,O,O,O,O,O"
ծանոթ կ բասմաջյանն արձանագրության երրորդ մասն առանձին է հիշատակում որի վերջին տողում կարդում է բ,,ծանոթ,O,"O,O,O,O,O,O,O,O,O,O,O,O,O,O,O"
լմբատավանքի ս ստեփանոս եկեղեցին հյուսիս արևմուտքից,,լմբատավանքի,O,"O,O,O,O,O,O"
երկրորդ տողի վերջում կազմողը դ տառից հետո կոտրված մասում երևում է միայն վերին կիսակլորը կարդացել է ը որը մեծ հավանականությամբ կարող էր կարդացվել նաև ո ու անունը վերծանվել օրինակ գնդուտ,,երկրորդ,O,"O,O,O,O,O,O,O,O,O,O,O,O,O,O,O,O,O,O,O,O,O,O,O,O,O,O,O,O,O,O"
"Ձեռագրի վերջում դրված է հիշատակագիր, որտեղ գրված է գրիչի անունը և ավարտի օրը.",հիշատակագիր ,Ձեռագրի,O,"O,O,O,O,O,O,O,O,O,O,O,O,O"
նույն վիմագիրը տեղեկություններ է հաղորդում նաև վանքի պարսպապատման մասին որից ներկայումս մի փոքր հատվածէ պահպանվել,Վիմագիր,նույն,O,"O,O,O,O,O,O,O,O,O,O,O,O,O,O,O,O,O,O,O,O,O,O,O,O,O,O,O,O,O,O"
ծանոթ ժամանակակից է նախորդին,,ծանոթ,O,"O,O,O,O"
Արխիվային կորպուսում ընդգրկվեց Վանական արդյունագրություն՝ նամակագրական հավելումով.,Վանական արձանագրություն ,Արխիվային,O,"O,O,O,B-INSC,O,O,O"
աստեփանոս եկեղեյի թմբուկի հարավարեձտյան նիստին քիվի տակ տող,,աստեփանոս,O,"O,O,O,O,O,O,O,O"
հովհաննես ս եկեղեցի մաստարայում,,հովհաննես,O,"O,O,O,O"
սար տներ տուն հայրենի,,սար,O,"O,O,O,O"
աշխատանքների ընթացքում ի հայտ են եկել նաև խաչքարերի պատվանդաններ ծածկի կղմինդրներ և կավե թրծած քրատար փողրակներ,,աշխատանքների,O,"O,O,O,O,O,O,O,O,O,O,O,O,O,O,O,O"
Տապանային սալիկի եզրագծին փորագրված Տապանագիր ավարտվում է ավանդական աղոթքով.,Տապանագիր ,Տապանային,O,"O,O,O,O,B-INSC,O,O,O,O"
երկրորդ տողի վերջին ա ա տառախումբը թերևս կարելի ի վերծանել սղաչեմ կամ սղայանս,,երկրորդ,O,"O,O,O,O,O,O,O,O,O,O,O,O,O"
արևելյան նիրակ տես եիրակի մարզ,,արևելյան,O,"O,O,O,O,O"
բաղտասար որդի խուպասարի նվիրատու հառիճավանքի,,բաղտասար,O,"O,O,O,O,O"
ա մանուչարյանը այս և հաջորդ վիմագրի թվականը կարդացել է,,ա,O,"O,O,O,O,O,O,O,O,O"
վերջինս կարող էր լինել նաև տոհմանուն՝,,վերջինս,O,"O,O,O,O,O,O"
"Դաշտային հեռադիտակով նկատվեց Դամբարանային արձանագրություն, որը մինչ այդ չէր նկարագրվել.",Դամբարանային արձանագրություն ,Դաշտային,O,"O,O,O,B-INSC,O,O,O,O,O,O"
սմբատ նահնշահ ովհաննես սմբատ հայոց թագավոր թթ որի կինը երերույքում հարկ է ազատել,հարկ,սմբատ,O,"O,O,O,O,O,O,O,O,O,O,B-INSC,O,O,O,O,O,O,O,O,O,O,O,O,O,O,O"
Կալանավորումների տարիներին թողարկված Ապահարկման արձանագրություն պատմում է գյուղացիության հարկային պարտավորությունների թեթևացման մասին.,Ապահարկման արձանագրություն ,Կալանավորումների,O,"O,O,O,B-INSC,I-INSC,O,O,O,O,O,O,O"
վերջինս թ ծմռանը մեծ ուժերով մտավ լոռի պաշարեց շամշուլդեն և սկսեց ավերել թագավորության ամրությունները,,վերջինս,O,"O,O,O,O,O,O,O,O,O,O,O,O,O,O"
Հրատարակված ալբոմում ներկայացված է Գավիթային արձանագրություն՝ մանրանկարային լուսանկարներով.,Գավիթային արձանագրություն ,Հրատարակված,O,"O,O,O,O,B-INSC,O,O,O"
թ թորամանյանը նշում է որ արձանագրության անընթեռնելի հետքեր կան թափված հարավային պատի վրայի պատուհանին մեջ դրված քարերեն մեկուն վրա որոնց ձևը րդ դարու տառերու ձևը ունին,,թ,O,"O,O,O,O,O,O,O,O,O,O,O,O,O,O,O,O,O,O,O,O,O,O,O,O,O,O"
Արխիվում հայտնաբերվեց եկեղեցաշինական արձանագրություն՝ նշված վանքի գմբեթի փոխարինման մասին.,եկեղեցաշինական արձանագրություն ,Արխիվում,O,"O,O,B-INSC,O,O,O,O,O,O"
ծանոթ վերջին նախադասությունն այլ գրչով է և անհասկանալի,,ծանոթ,O,"O,O,O,O,O,O,O,O"
սարգիս ձորավորաց եկեղեցու վանահայր խաչքարէ կանգնեցրել իր և իր տեր նալխարիպի բարեխոսության համար,խաչքար,սարգիս,O,"O,O,O,O,O,O,O,O,O,O,O,O,O,O,O,O,O,O,O,O,O,O,O,O,O,O"
խաչթարի պատվանդան զորավորաց եկեղեցուց արևմուտք տող,,խաչթարի,O,"O,O,O,O,O,O"
մամիկոն հայր լմբատավանքի հիշատակվածէ,,մամիկոն,O,"O,O,O,O"
հարկ ենք համարում ըստ արժանվույն հիշել նան ձեռագիր պրակի արձանագրությունների գրչագրող երջանկահիշատակ նորայր խանզադյանին որի գործը մեր օրերում շարունակում է գևորգ համբարձումյանը,,հարկ,O,"O,O,O,O,O,O,O,O,O,O,O,O,O,O,O,O,O,O,O,O,O,O"
ա սստվածատին եկեղեցի հարավային պատին արտաքուստ տող հ իհ,,ա,O,"O,O,O,O,O,O,O,O,O"
նույնը և ստորին մեծ քարի վրայի փչացած մամերը շնորհիվ տառերի և բառերի մնացորդների,,նույնը,O,"O,O,O,O,O,O,O,O,O,O,O,O,O"
աշ մանուչարյանը վերջին բառը կարդացել է լուսայի,,աշ,O,"O,O,O,O,O,O,O"
ա աստվայածին եկեղեցի հյուսիսային պատին արտաքուստ տող եսգյիսմքիս ես նգեյի սարքիմ ծանոթ երրորդ կցագիր տառը պայմանական է վերծանված կարելի է կարդալ նաև գնեցի,,ա,O,"O,O,O,O,O,O,O,O,O,O,O,O,O,O,O,O,O,O,O,O,O,O,O"
ս գբարխուդարյան սոցիալ տնտեսական բովանդակության արձանագրություններ և դիտողություններ էջեր հայ գիկոր պատմության և բանասիրության հոդվածների ժողովածու երևան էջ ս ա ավագյան աբ էջ,,ս,O,"O,O,O,O,O,O,O,O,O,O,O,O,O,O,O,O,O,O,O,O,O,O,O"
արթիկ շրջան հայկ խսգում,,արթիկ,O,"O,O,O,O"
դաշտային օրագրում ա բարխուդարյանը են ի ու եւի միջնամասում կարդացել է արտաշեվանէս,,դաշտային,O,"O,O,O,O,O,O,O,O,O,O,O,O"
ծանոթ պատմաբան կ մաթևոսյանը կարծում է որ տեր բարսեղը անիի և ծիրակի արքեպիսկոպոս բարսեղ ս անեցու եղբայր գրիգոր իշխանի որդի հասան մագիստրոսի որդին խ որ թ մահմեդականներից գնում է լմբատավանքը,,ծանոթ,O,"O,O,O,O,O,O,O,O,O,O,O,O,O,O,O,O,O,O,O,O,O,O,O,O,O,O,O,O,O,O"
Նկարի շրջագծին նրբորեն փորագրված է նվիրագիր՝ վկայակոչելով սուրբի բարեխոսությունը.,նվիրագիր ,Նկարի,O,"O,O,O,O,O,O,O,O,O"
արձանագրությանը երկիցս անդրադարձել է նաև վիմագրագետ ալ մանուչարյանը,,արձանագրությանը,O,"O,O,O,O,O,O,O,O"
վանքի անունը այլանարար հնում նրա մոտ գտնվող գյուղի անունից է առաջացել իսկ մկեղ ցին կոչվում է ս ստեփանոս,,վանքի,O,"O,O,O,O,O,O,O,O,O,O,O,O,O,O,O,O,O,O"
հմելքոնյան լրաբեր հուսիկ մելքոնյան դարի վիմագրեր նոր կյանք գյուղից լրաբեր հաս գիտ,,հմելքոնյան,O,"O,O,O,O,O,O,O,O,O,O,O,O"
ծանոթ թեական է անձնանվան վերծանությունը,,ծանոթ,O,"O,O,O,O,O"
Դասախոսը ուսանողներին ցույց տվեց Վանական արձանագրություն՝ որպես աղբյուր վանքային տնտեսության մասին.,Վանական արձանագրություն ,Դասախոսը,O,"O,O,O,O,B-INSC,O,O,O,O,O,O"
նախկինում բանդեվան բանդիվան փոքր պենտեվան բանդիվան վերին անուններով հայտնի ներկայիս բանդիվան գյուղը գտնվում է ամասիայի տարածաշրջանում ախուրյան գետի ծախ ափին,,նախկինում,O,"O,O,O,O,O,O,O,O,O,O,O,O,O,O,O,O,O,O,O,O"
Ձեռագրագետը համադրեց երկու Վերաօծման արձանագրություն՝ տարբեր դարաշրջանների.,Վերաօծման արձանագրություն ,Ձեռագրագետը,O,"O,O,O,B-INSC,O,O,O"
ս թ ա հազարամյակում ուրարտական պետության կազմում հիշատակված էրիախի ի երկիրն ըստ մասնագետների՝ մասամբ տեղավորված է եղել իրակում,,ս,O,"O,O,O,O,O,O,O,O,O,O,O,O,O,O,O,O,O,O"
ծանոթ գյուղի դ եկեղեցին վերակառուցվել է թ ռուսաց նիկոլայ կայսեր օրոք,,ծանոթ,O,"O,O,O,O,O,O,O,O,O,O,O"
պրակի հրատարակման պատասխանատու խմբագրակազմի ջանքերով ընթերցողի դատին է ներկայացվում նիրակի մարզի հուշարձանների որմերից ընդօրինակված արձանագրություն ընդգրկող դիվան հայ վիմագրության պրակը,,պրակի,O,"O,O,O,O,O,O,O,O,O,O,O,O,O,O,O,O,O,O,O,O"
Ամենամյա զեկույցը ներառում է քաղաքի գլխավոր Կոթողային արձանագրություն վիճակի գնահատումը.,Կոթողային արձանագրություն ,Ամենամյա,O,"O,O,O,O,O,O,B-INSC,I-INSC,O,O"
գ եղիազարյան սարմաշենի վանքը և նրա վիմագրությունները,վիմագրությունները,գ,O,"O,O,O,O,O,O,B-INSC,O,O,O,O,O,O,O"
գրիգոր սնուցած մեծին սարգսի դուստր նրջիսի նվիրատու հառիճավանքի,,գրիգոր,O,"O,O,O,O,O,O,O,O"
"Նոր լուսանկարում պարզ երևում է Վերանորոգման, նորոգման արձանագրություն՝ գրված մակերևույթին նոր շաղախից հետո.","Վերանորոգման, նորոգման արձանագրություն ",Նոր,O,"O,O,O,O,O,B-INSC,I-INSC,O,O,O,O,O,O"
տևական ժամանակ եկեղեցու անունը անհայտ է մնացել,,տևական,O,"O,O,O,O,O,O,O"
Դասախոսը բացատրեց փակագիր արձանագրություն ընթերցման սկզբունքները և հապավումների համակարգը.,փակագիր արձանագրություն ,Դասախոսը,O,"O,O,B-INSC,I-INSC,O,O,O,O,O"
վերջին մեկ տողը բացակայում է օրբելու հրատարակությունում,,վերջին,O,"O,O,O,O,O,O,O"
դարերի ընթացքում օտարների վայրագություններից վանքը ի մասնավորի կաթողիկե եկեղեցին բազմաթիվ վնասներ էր կրել ու անմխիթար վիճակում հայտնվել,,դարերի,O,"O,O,O,O,O,O,O,O,O,O,O,O,O,O,O,O,O"
"Վանքի գավթում պահպանվել է Գավիթային արձանագրություն, որը թվարկում է շինարարության փուլերը.",Գավիթային արձանագրություն ,Վանքի,O,"O,O,O,O,B-INSC,O,O,O,O,O,O"
պահպանվածության վիճակն այնպիսին է որ տուրք պետք է տանք տրամաբանությանը որը ս բարխուդարյանի վերծանության օգտին է մի տարակարծությամբ նիստի խիստ բարբառային արտահայտության փոխարեն նիստ ի աթոռ չնայած ի և տառերի հակամարտությանը,,պահպանվածության,O,"O,O,O,O,O,O,O,O,O,O,O,O,O,O,O,O,O,O,O,O,O,O,O,O,O,O,O,O,O,O,O"
նշված դարով թվագրելու օգտին են եկեղեցու ճակատների մշակման ճարտարապետական բոլոր տարրերը քիվեր լուսամուտների քանդակազարդ պսակներ թմբուկի ութնիստ ծավալածևը ևայլն,,նշված,O,"O,O,O,O,O,O,O,O,O,O,O,O,O,O,O,O,O,O,O"
սոփիա սոփեա տիկին ամուսին վահրամ պահլավունու,,սոփիա,O,"O,O,O,O,O,O"
Աշխատությունում քննարկվում է Կանոնագիր կազմման սկզբունքները և լեզվի առանձնահատկությունները.,Կանոնագիր ,Աշխատությունում,O,"O,O,O,B-INSC,O,O,O,O,O"
տալյան գրիգոր տես գուսան ներամ,,տալյան,O,"O,O,O,O,O"
մխիթարյանց հառիճ աբել արքեպիսկոպոս մխիթարյանց պատմութիւն մենաստանին հառիճայ թիֆլիս,,մխիթարյանց,O,"O,O,O,O,O,O,O,O,O"
ս ստեփանոս եկեղեցի արևելյան խաչաթևի արևելյան պատին արտաքուստ տող,,ս,O,"O,O,O,O,O,O,O,O,O"
Ստվար ալբոմում մեկ էջ է հատկացված Խաչքարային արձանագրություն մանրամասն լուսաբանումներին.,Խաչքարային արձանագրություն ,Ստվար,O,"O,O,O,O,O,O,B-INSC,I-INSC,O,O"
ըո ե քանի որ նրանք այդ անունն ստացել են դարում շիրակի մարզի հայտնի սառնադբյուր բնակավայրը և համանուն գյուղատեղի արթիկի տարածաշրջանում հառիճավանքից փոքր ինչ հարավարևելք ձորամիջին,,ըո,O,"O,O,O,O,O,O,O,O,O,O,O,O,O,O,O,O,O,O,O,O,O,O,O,O,O"
վիմագիրն ըստ էության այս իրողության քարեղեն ապացույցն է,,վիմագիրն,O,"O,O,O,O,O,O,O,O"
տապանագրի սկզքի ա ն հավանաքար պետք է կարդալ սա կամ ա ս այսինքն սս կամ այս հանգիստ ե,,տապանագրի,O,"O,O,O,O,O,O,O,O,O,O,O,O,O,O,O,O,O,O"
բ նոթա գյուղը դարի առաջին տարիներից պատկանել է հայոց կաթողիկոսարանին և սարգիս սնանցի կաթողիկոսը թվականին թողել է գյուղից գանձվող նարիատ կոչվող հարկը և թվականինէլ ջրանցք է կառուցել ապա նաև հողային վեճեր կարգավորել,,բ,O,"O,O,O,O,O,O,O,O,O,O,O,O,O,O,O,O,O,O,O,O,O,O,O,O,O,O,O,O,O,O,O,O"
"Տեղաբնակները պատմեցին, որ կորած խաչքարի հակառակ թևին եղել է Տապանագիր, սակայն այն ջնջվել է ժամանակի ընթացքում.",Տապանագիր ,Տեղաբնակները,O,"O,O,O,O,O,O,O,O,O,O,O,O,O,O,O,O"
կենտրոնագմբեթ փոքր եկեղեցի գտնվում է կաթողիկեի հարավային կողմում,,կենտրոնագմբեթ,O,"O,O,O,O,O,O,O,O"
Շինարարական շուկայում տեղադրված ցուցանակի վրա վերարտադրվել է հին հարկային արձանագրություն՝ որպես տեղեկանք.,հարկային արձանագրություն ,Շինարարական,O,"O,O,O,O,O,O,O,O,B-INSC,O,O,O"
ասլան իալ է հառիճավանքին և մարագ կառուցել,,ասլան,O,"O,O,O,O,O,O,O"
"Տեղաբնակները հիշում են Վերաօծման արձանագրություն, որը կարդացվել է եկեղեցու բակում քարասալին.",Վերաօծման արձանագրություն ,Տեղաբնակները,O,"O,O,O,B-INSC,O,O,O,O,O,O,O"
Քարտեզի երրորդ կետում նշված է նաև այս արժեքավոր գերեզմանատան արձանագրություն՝ թվագրված 1609-ով.,Գերեզմանատան արձանագրություն ,Քարտեզի,O,"O,O,O,O,O,O,O,O,O,O,O,O"
ալ մանուչարյան տեղեկագիր ալ մանուչարյան պեմզաշենի չհրատարակված մի արձանագրություն տեղեկագիր հաս գիտ,,ալ,O,"O,O,O,O,O,O,O,O,O,O,O,O"
կետերով նշված են եղծված կամ ջարդված գրերը՝ անկախ քանակից,,կետերով,O,"O,O,O,O,O,O,O,O,O"
աղյուսակը կազմելիս կիրաովել են հետևյալ համառոտագրությունները ամ արևմտյան աե արևելյան հվհարավային հյ հյուսիսային արտ արտաքուստ ներ ներքուստ եկ եկեղեցի վ վանք բար բարավոր եղծ եղծված,,աղյուսակը,O,"O,O,O,O,O,O,O,O,O,O,O,O,O,O,O,O,O,O,O,O,O,O,O,O,O"
աբանի մթաւյի եկ իիրուըն,,աբանի,O,"O,O,O,O"
ս աստվածածին յոթ վերք եկեղեցին հարավից,,ս,O,"O,O,O,O,O,O"
ծանոթ արձանագրությունը միջնադարյան մի կարևոր հարկատեսակի՝ հարսնէհակ կամ հարսանէհակ եզակի վկայության առիթով արժանացել էս բարխուդարյանի և ս ավագյանի ուշադրությանը,,ծանոթ,O,"O,O,O,O,O,O,O,O,O,O,O,O,O,O,O,O,O,O,O"
նույնանուն գյուղեր տարբեր վայրերում սովորական երևույթ էր և հնում և ներկայումս,,նույնանուն,O,"O,O,O,O,O,O,O,O,O,O,O"
կառուցված պետք է լինի դարձյալ վահրամ պահլավունու օրոք դ քառասպյուն կենտրոնակազմ գավիթների հորինվածքով,,կառուցված,O,"O,O,O,O,O,O,O,O,O,O,O,O,O"
ս հարություն եկեղեցի թթ կառուցված միանավ բազիլիկ եկեղեցու ավերակները պահպանվել են վանքից դուրս գտնվող գերեզմանոցում,,ս,O,"O,O,O,O,O,O,O,O,O,O,O,O,O,O,O"
