sentence,term,word,tag,word_labels
գիմք ընդունելով ձեռագրում տվյալ միավորի խորագիրը որ է տետրակ արձանագրութեանց սրբոյ վանիցն հառիճոյ ի ամի եւ նոյեմբեր ս տեր ստեփանյանը բոլոր վիմագրերը վերագրել է հառիճավանքին մինչդեռ դրանցից ը լմբատավանքիցեն,վիմագրերը,գիմք,O,"O,O,O,O,O,O,O,O,O,O,O,O,O,O,O,O,O,O,O,O,O,B-INSC,O,O,O,O,O,O,O,O,O,O,O,O,O,O,O,O,O,O,O,O,O,O,O,O,O,O,O,O,O,O,O,O,O,O,O,O"
նախորդ հրատարակիչը վիմագրի ծանոթագրության մեջ առաջադրում է մեր կարծիքով հնարավոր վարկած հայտնի է որ աշոտ գողորմածի որդիներից գուրգեն ա բագրատունին ստանալով տաշիրը և չձորագետը թ հիմք դրեց լոռվա կյուրիկյան թագավորությանը,Վիմագիր,նախորդ,O,"O,O,O,O,O,O,O,O,O,O,O,O,O,O,O,O,O,O,O,O,O,O,O,O,O,O,O,O,O,O"
ոմն առյուծի հայր սխիթար ճոն հիշատակված է նաև արջոառիմի գավթի նվիրատվական վիմագրերից մեկում աշխարհբեկ քալանթար երջան տեկորի արշավախմբի էջ,վիմագրերից,ոմն,O,"O,O,O,O,O,O,O,O,O,O,O,B-INSC,O,O,O,O,O,O,O,O,O,O,O,O,O,O,O,O,O,B-INSC,I-INSC,O,O,O,O,O,O,O,O,O,O,O,O,O,O,O,O,O,B-INSC,O,O,O,O,O,O,O,O,O,O,O,O,O,O,O,O,O,O,O,O,O,O,O,O,O,O,O"
պրակն ընդգրկում է գհեիրակի մարզի վիմական արձանագրությունները,վիմական արձանագրությունները,պրակն,O,"O,O,O,O,O,B-INSC,I-INSC"
արևելյան նիրակի ներկայիս հ շիրակի մարզ վիմագիր ժառանգությանն է նվիրված երջանկահիշատակ սեդրակ բարխուդարյանի կազմած ձեռագիր պրակը որի հրատարակմանը ձեռնամուխ եղավ գաս հնագիտության և ազգագրության ինստիտուտի վիմագրության բաժինը,վիմագիր,արևելյան,O,"O,O,O,O,O,O,B-INSC,O,O,O,O,O,O,O,O,O,O,O,O,O,O,O,O,O,O,O,O,O,O,O,O,O,O,O,O,O,O,O,O,O,O,O,O,O,O,O,O,O,O,O,O,O,O,O"
վիմագրերի առաջին հրատարակիչ ս ջզալալյանցն այս վանքից նախկինում հրատարակել է արծանագրություն ղ լիշանը ս գորգյանցը եղիազարյանը վիմագիր հրատարակել է վիմագրագետ ալ սանուչարյանը ևս արձանագրություն հիշատակում է թ թորամանյանը,Վիմագիր,վիմագրերի,O,"O,O,O,O,O,O,O,O,O,O,O,O,O,O,O,O,O,O,O,O,O,O,O,O,O,O,O,O,O,O,O,O,O,O,O,O,O,O,O,O,O,O,O,O,O,O,O,O,O,O,O,O,O,O,O,O"
վիմագիրը փորագրված է բավական վերևում և որոշ հատվածներ հատկապես վերջին երկու տողերը կիսեղծ են,վիմագիրը,վիմագիրը,B-INSC,"B-INSC,O,O,O,O,O,O,O,O,O,O,O,O,O"
առաջին հայացքից ընթեռնելի թվացող վիմագրում մի շարք հատվածներ կիսեղծ են և խիստ դժվար վերծանելի ըստ այդմ հատկապես գրչագրի և վերծանության վերջին երեք տողերում առկա են պայմանականութեականբառերևտառակապակցություններ,Վիմագիր,առաջին,O,"O,O,O,O,O,O,O,O,O,O,O,O,O,O,O,O,O,O,O,O,O,O,O,O,O,O"
մեզ անհայտ պատճառով մարմաշենի վանքի և ձերծակայքի վիմագրերը տեղ չեն գտել ս բարխուդարյանի ձեռագիր ժողովածուում դրանք առկա չեն նաև դաշտային օրագրում,վիմագրերը,մեզ,O,"O,O,O,O,O,O,O,B-INSC,O,O,O,O,O,O,O,O,O,O,O,O,O,O,O,O,O,O,O,O,O,O,O,O,O,O,O,O,O,O,O,O,O,O"
ծանոթ վիմագիրն ամփոփում էեկեղեցու շինարարության մանրամասները համածայն որոնց սկզբնապես ս աստվածածին ապաս նշան անվանափոխված եկեղեցու կառուցման նախածեռնությունը պատկանում է արղության երկայնաբազուկ նշանավոր իշխանական տոհմի շառավիղներից ղահրամանին,Վիմագիր,ծանոթ,O,"O,O,O,O,O,O,O,O,O,O,O,O,O,O,O,O,O,O,O,O,O,O,O,O,O,O"
հնագետ եղիազարյանը հավանական է համարում որ անեցու հիշատակած թվականներին կառուցվել է կաթողիկեն իսկ վիմագրում վկայված տարեթվերը վերաբերում են միաժամանակ կառուցված մի քանի շինություններին որ են հյուսիսային եկեղեցին ու կաթողիկեին արևմուտքից կից գավիթը,վիմագրում,հնագետ,O,"O,O,O,O,O,O,O,O,O,O,O,O,O,B-INSC,O,O,O,O,O,O,O,O,O,O,O,O,O,O,O,O,O,O,O,O,O,O,O,O,O,O,O,O,O,O,O,O,O,O,O,O,O,O,O,O,O,O,O,O,O,O,O,O,O,O"
ծանոթ ապուղամը մագիստրոսը հայրն է անիի և ծիրակի արքեպիսկոպոս գրիգորի որը հիշատակված է բթ վիմագրերում,վիմագրերում,ծանոթ,O,"O,O,O,O,O,O,O,O,O,O,O,O,O,O,B-INSC"
ծանոթ վիմագիրը մկրտիչ ս խրիմյան հայրիկի օրոք իրականացված շինարարական աշխատանքների քարեղեն ապացույցն է միաթռիչք կամուրջը կառուցվել է ոմն գասպար սողոմոնյանի միջոցներով ու ջանասիրությամբ իսկ որմնադիրը այսինքն՝ պատշարը ակոբ ապաջյաննէ,վիմագիրը,ծանոթ,O,"O,B-INSC,O,O,O,O,O,O,O,O,O,O,O,O,O,O,O,O,O,O,O,O,O,O,O,O,O,O,O"
ծանոթ օրբելին ինչպես և մենք այս և հաջորդ վիմագրերը տեղում չենք նկատել ուստի ներկայացնում ենք կ բասմաջյանի վերծանությունները,վիմագրերը,ծանոթ,O,"O,O,O,O,O,O,O,O,B-INSC,O,O,O,O,O,O,O,O,O"
ծուպուլի որդի սիմեոնը հիշատակվում էր նաև լմբատավանքի վիմագրերից մեկում արձ խմբ,վիմագրերից,ծուպուլի,O,"O,O,O,O,O,O,O,B-INSC,O,O,O,O,O,O,O,O,O,O,O,O,O,O"
ակնհայտ է որ վիմագիրը վկայում է մի քանի նվիրատվությունների մասին,վիմագիրը,ակնհայտ,O,"O,O,O,B-INSC,O,O,O,O,O,O,O,O,O,O,O,O,O,O,O,O"
ծանոթ հրատարակել է միայն ակադ ն սառը ռուսերեն որը չնկատելով առաջին տողում առկա ն թվագիրը վիմագիրը համարել էանթվական սակայն նկատի առնելով վաղարշապատի քքաղաքուդաշտ անունով հիշատակումը ինչպես նաև լեզվաոճական անհարթություններն ու այլ պատմական իրողություններ թվագրել է դարով,վիմագիրը,ծանոթ,O,"O,O,O,O,O,O,O,O,O,O,O,O,O,O,O,B-INSC,O,O,O,O,O,O,O,O,O,O,O,O,O,O,O,O,O,O,O,O,O,O,O,O,O,O,O,O,O,O,O,O,O,O,O,O,O,O,O,O,O,O,O,O,O,O,O,O,O,O,O,O,O,O,O,O"
վիմագիրը փաստում է որ ս կարապետի և ս ստեփանոս նախավկայի անունները կրող տածարը նորոգվել է թ վաղարշապատից ժամանած հակոբ քահանայի նախաձեռնությամբ կամ միջոցներով,վիմագիրը,վիմագիրը,B-INSC,"B-INSC,O,O,O,O,O,O,O,O,O,O,O,O,O,O,O,O,O,O,O,O,O,O,O,O,O,O,O,O,O,O,O,O,O,O,O,O,O,O,O,O,O,O,O,O,O"
հ եղիազարյան սարմաշենի վանքը և նրա վիմագրությունները էջմիածին ե էջ,վիմագրությունները,հ,O,"O,O,O,O,O,O,B-INSC,O,O,O,O,O,O,O,O,O,O,O,O,O"
շինարարական վիմագրում եկեղեցու հիմնարկման թվականը կարդալով նևե իրականում՝ նլէ խմբ իսկ ավարտը թ թորամանյանը,վիմագրում,շինարարական,O,"O,B-INSC,O,O,O,O,O,O,O,O,O,O,O,O,O,O,O,O,O,O,O,O,O,O,O,O,O,O"
գ եղիազարյան սարմաշենի վանքը և նրա վիմագրությունները,վիմագրությունները,գ,O,"O,O,O,O,O,O,B-INSC,O,O,O,O,O,O,O"
գքյուրտյանը այս վիմագիրը նույնպես հարկ չի համարել ներկայացնել քանի որ հրատարակուած է շիրակ ի մէջ,Վիմագիր,գքյուրտյանը,O,"O,O,O,O,O,O,O,O,O,O,O,O,O,O,O"
այդ վիմագրերը վերջերս հրատարակվեցին մատենադարանի ավագ գիտաշխատող արմեն տեր ստեփանյանի աշխատասիրությամբ,վիմագրերը,այդ,O,"O,B-INSC,O,O,O,O,O,O,O,O,O,O,O,O,O,O,O,O,O,O,O,O"
ծանոթ հովհ նահխաթունյանցը չունի թվականը իսկ ս ջալալյանցն ուղ ալիշանը ոխ հ եղիազարյանն ու գ հառիճեցին ուե իսկ ս գեորգյանցըև հ քյուրտյանի վիմագրահավաքը ոխե,վիմագրահավաքը,ծանոթ,O,"O,O,O,O,O,O,O,O,O,O,O,O,O,O,O,O,O,O,O,O,O,O,B-INSC,O"
որպես ուղենիշ ունենալով ս բարխուդարյանի կազմած պրակի ձեռագիրը և դաշտային օրագիրը նաև նկատառելով հուշարձանների պահպանվածության և վիմագրերի վերծանության գրեթե հիսնամյա հեռավորությամբ պայմանավորված իրողությունները տեղում համեմատել վիմագրերը,վիմագրերի,որպես,O,"O,O,O,O,O,O,O,O,O,O,O,O,O,O,O,O,B-INSC,O,O,O,O,O,O,O,O,O,O,O,O,O,O,O,O,O,O,O,O,O,O,O,O,O,O,O,O,O,O,O,O,O,O,O"
թյուրտյանի վիմագրահավաքը նվիրատուիանունը կարդացել էեատ ախէկ գ հառիճեցին տ աղեկ,վիմագրահավաքը,թյուրտյանի,O,"O,B-INSC,O,O,O,O,O,O,O,O,O,O,O,O,O,O,O,O,O,O"
անհրաժեշտության դեաքում թվային ծոտոխցիկներով լուսանկարել պրակում լուսանկար չունեցող կամ անորակ լուսանկարված վիմագրերը,վիմագրերը,անհրաժեշտության,O,"O,O,O,O,O,O,O,O,O,O,O,B-INSC"
դատելով բովանդակությունից արծանագրությունը պիտի ավարտվեր նվիրագրերին հատուկ նզովքի բանածևով որից մի փոքր հատված պահպանվել է,նվիրագիր,դատելով,O,"O,O,O,O,O,O,O,O,O,O,O,O,O,O,O"
գրիգոր առաջնորդի տապանագրի թվականի ուշադիր զննումը թույլ տվեց այն վերծանել ուը թ,տապանագրի,գրիգոր,O,"O,O,B-INSC,O,O,O,O,O,O,O,O,O"
նինությունների որմերին առկա են դ բազմաթիվ նվիրագրեր ու հիշատակագրություններ ինչը չի կարելի ասել հետագա դարերի մասին,նվիրագիր,նինությունների,O,"O,O,O,O,O,O,O,O,O,O,O,O,O,O,O,O,O,O,O,O,O,O,O,O,O,O,O,O,O,O,O,O"
գերեզմանատներից հին տապանաքարերը անմշակ և անտապանագիր են մյուսները նույնպես միայն րդ դարի տապանագրեր ունեն,տապանագրեր,գերեզմանատներից,O,"O,O,O,O,O,O,O,O,O,O,O,O,B-INSC,O,O,O,O,O,O,O,O,O,O,O,O,O,O,O"
ատեր ստեփանյան վիմագրերը սատենադարանի ձեռագրերում վարձք,վիմագրերը,ատեր,O,"O,O,B-INSC,O,O,O,O,O,O,O,O,O"
եթե խաչի ձորի վիմագրերը թերևս չէին կարող լինել քանի որ դրանք հետագայում էին հայտնաբերվել ապա բուն մարմաշենի խիստ արժեքավոր վկայագրերին չանդրադարձը՝ տարակուսելի է,վիմագրերը,եթե,O,"O,O,O,B-INSC,O,O,O,O,O,O,O,O,O,O,O,O,O,O,O,O,O,O,O"
վերծանության մեջ խնդիր է ստեղծում և մ տառերի որոշ նմանությունը ստայլկ սմայ այ իրսն բառի առաջին տառի կիսեղծ լինելը ու վերջին ն տառի կցագրությունը ինչը չնայած ս տառի աջ ստեղնի վերևում ն ի վերին կիսակլորիթույլ արտահայտվածությանը կասկածէհարուցում քանի որ վիմագրում,վիմագրում,վերծանության,O,"O,O,O,O,O,O,O,O,O,O,O,O,O,O,O,O,O,O,O,O,O,O,O,O,O,O,O,O,O,O,O,O,O,O,O,O,O,O,O,B-INSC"
նույն վիմագիրը տեղեկություններ է հաղորդում նաև վանքի պարսպապատման մասին որից ներկայումս մի փոքր հատվածէ պահպանվել,Վիմագիր,նույն,O,"O,O,O,O,O,O,O,O,O,O,O,O,O,O,O,O,O,O,O,O,O,O,O,O,O,O,O,O,O,O"
թվագրման կապակցությամբ նա գտնում է որ հինգերորդտողի բարեխոսութեան և վեցերորդի՝ հավատացելոց բառերում ո և վ տառերի գործածությունը համապատասխանաբար աւ ի և ի փոխարեն հուշում է այն մասին որ վիմագիրն ավելի ուշ շրջանի փորագրություն է,վիմագիրն,թվագրման,O,"O,O,O,O,O,O,O,O,O,O,O,O,O,O,O,O,O,O,O,O,O,O,O,O,O,O,O,O,B-INSC,O,O,O,O,O,O,O,O,O,O,O,O,O,O,O,O,O,O,O,O,O,O,O,O,O,O,O,O,O,O,O,O,O,O,O,O,O,O,O"
ձեռագրի հառիճավանքի վիմագրերը սույն հատորում կրում են հետկյալ կարգային համարները ի իս ժե էբ էա,վիմագրերը,ձեռագրի,O,"O,O,B-INSC,O,O,O,O,O,O,O,O,O,O,O,O,O,O,O,O,O,O,O,O,O,O,O,O,O,O,O"
ոգեվանքի որմերին և ներսում հավաքված կոթողների բեկորներին պահպանվել են մեկ տասնյակից ավելի վիմագրեր կիսեղծ վիմակում ինչը մասամբ պայմանավորված է տուֆաքարի որակով,վիմագրեր,ոգեվանքի,O,"O,O,O,O,O,O,O,O,O,O,O,O,B-INSC,O,O,O,O,O,O,O,O,O,O,O,O,O,O,O,O,O,O,O,O,O,O,O,O,O,O,O,O,O"
ծանոթ քյուրտյանը վիմագիրը համեմատելով ալիշանի հրապարակման հետ գրում է տարբերութիւն չկայ բացի միայն վերը յառաջ բերուած մասեն որով աւելորդ նկատեցի ամբողջ արձծանագրութիւնը տալ հոս,Վիմագիր,ծանոթ,O,"O,O,O,O,O,O,O,O,O,O,O,O,O,O,O,O,O,O,O,O,O,O,O,O"
մեծ հետաքրքրություն է ներկայացնում մեր դիտարկմամբ վիմագրերում առաջին անգամ հանդիպող արդիւնարար բառեզրը որը մեկնաբանվում է երկրագործ մշակ վաստակաւոր ժիր և փոյթ ի գործ հասարակած եղև այր արդիւնարար նբհ հ էջ,Վիմագիր,մեծ,O,"O,O,O,O,O,O,O,O,O,O,O,O,O,O,O,O,O,O,O,O,O,O,O,O,O,O,O,O,O,O,O,O,O,O,O,O,O,O,O,O,O,O,O,O,O,O,O,O,O,O,O,O,O,O,O,O,O,O,O,O"
ուշագրավ է նաև վիմագրում բառանջատումը փոքր խաչանշաններով արտահայտելու ձևը,վիմագրում,ուշագրավ,O,"O,O,O,B-INSC,O,O,O,O,O,O,O,O,O,O,O,O,O,O"
կառույցի որմերին պահպանվել են դ վիմագրեր որոնցից մեկն ունի պատմական որոշակի հետաքրքրություն հարկ համարեցինք դրանք զետեղել պրակում,վիմագրեր,կառույցի,O,"O,O,O,O,O,B-INSC,O,O,O,O,O,O,O,O,O,O,O,O,O,O,O,O,O,O,O,O,O,O,O,O,O,O,O,O"
ծանոթ վիմագրի համածայն եկեղեցին երկրորդ անգամ նորոգվել է դեռևս ին ներսես ե աշտարակեցի կաթողիկոսի և եկեղեցու նորընծա նորօծյալ քահանա տեր գրիգորի օրոք,վիմագրի,ծանոթ,O,"O,B-INSC,O,O,O,O,O,O,O,O,O,O,O,O,O,O,O,O,O,O,O,O,O,O,O,O,O,O,O,O,O,O,O,O,O,O,O,O,O,O,O,O,O,O"
մեր այս տեսակետը հիմնավորվում է վիմագրում հիշատակված անձանց և իրադարձությունների ժամանակագրության մոտավոր ճշգրտմամբ,վիմագրում,մեր,O,"O,O,O,O,O,B-INSC,O,O,O,O,O,O,O,O,O,O,O,O,O,O,O,O,O,O,O,O"
եղիազարյանը վիմագրի սաստիկ մաշված ու ջարդոտված լինելու հետևանքով վերծանությունը վերցրել ղ ալիշանից այն դեպքում երբ այն առկա ալիշանին նախորդածհեղինակների մոտ,Վիմագիր,եղիազարյանը,O,"O,O,O,O,O,O,O,O,O,O,O,O,O,O,O,O,O,O,O,O,O,O,O,O,O,O,O,O,O,O,O,O,O,O,O,O,O,O,O,O"
վիմագրի բովանդակության մասին ս բարխուդարյանը գրում է հետեյալը,վիմագրի,վիմագրի,B-INSC,"B-INSC,O,O,O,O,O,O,O"
նկատառելովանվան եզակիությունը և գործունեության աշխարհագրական մերձակայությունը կարծում ենք որ տիրաշենի ուրտուրիտան մրենի համանուն տիկինն է ըստ այդմ է վիմագիրը կարելի էթվագրել ական թվականներով,վիմագիրը,նկատառելովանվան,O,"O,O,O,O,O,O,O,O,O,O,O,O,O,O,O,O,O,O,B-INSC,O,O,O,O"
գասպարյան ռուբեն գաւրգ հիշատակված է փակագրի ձևով գէորգ առաջնորդ հոգեվանքի,փակագիր արձանագրություն,գասպարյան,O,"O,O,O,O,O,O,O,O,O,O"
վիմագրի թվագրման հարցում ս բարխուդարյանի մատնանշումը սպասալարների օրոք բավական պայմանական է,վիմագրի,վիմագրի,B-INSC,"B-INSC,O,O,O,O,O,O,O,O,O,O"
ծանոթ չափածո տապանագրից պարզվում է որ տեր համբարձում գրիգորյանը ծագումով ալեքսանդրապոլի գավառի իլխինապ իլխիաբ իլխիաբի գյուղից է որը ներկայիս ախուրյանի տարածաշրջանի այգաբաց գյուղն է տեղանունների բառարան էջ,տապանագրից,ծանոթ,O,"O,O,B-INSC,O,O,O,O,O,O,O,O,O,O,O,O,O,O,O,O,O,O,O,O,O,O,O,O"
վիմագիրը տառաձևերով բավական նման է նախորդին կարծում ենք ժամանակամերծ է հնարավոր է որ փորագրված է նույն գրչի կողմից,վիմագիրը,վիմագիրը,B-INSC,"B-INSC,O,O,O,O,O,O,O,O,O,O,O,O,O,O,O,O,O"
գյուղի եկեղեցին վիմագրերով աչքիչի ընկնում,վիմագրերով,գյուղի,O,"O,O,B-INSC,O,O"
աւագտիկին հիշատակված է բագնայրի վանքի մի նվիրագրում,նվիրագիր,աւագտիկին,O,"O,O,O,O,O,O,O"
բավական վատ է պահպանվել վիմագրի աջ հատվածը ըստ այդմ կ վերծանությունը թեական է,վիմագրի,բավական,O,"O,O,O,O,B-INSC,O,O,O,O,O,O,O,O"
վիմագիրը փաստում է որ եփրեմ մ աշա կաթողիկոսի օրոք ռուսաց նիկոլայ կայսրը հաղթական պատարա մղել ինչպես պարսից այնպես էլ օսմանյան բանակների դեմ իր տիրապետությունն ըդարնակեո կարինու մինչ ի թավրեզ,վիմագիրը,վիմագիրը,B-INSC,"B-INSC,O,O,O,O,O,O,O,O,O,O,O,O,O,O,O,O,O,O,O,O,O,O,O,O,O,O,O,O,O,O,O,O,O,O,O,O,O,O,O,O,O,O,O,O,O,O,O,O,O,O,O,O,O,O,O,O,O"
գ հառիճեցու մոտ վիմագիրը սկզբից և վերջից պակասավոր է,վիմագիրը,գ,O,"O,O,O,B-INSC,O,O,O,O,O"
դառնալով վիմագրում վկայակոչված պատմական իրադարձության քննու,վիմագրում,դառնալով,O,"O,B-INSC,O,O,O,O,O,O,O,O,O,O"
մելքոնյանն իր հոդվածում հիշատակում է հյուսիսային հրմի բարավորի կամարակապ քարին պահպանված թ ը թվագիրը մելքոնյան էջ իսկ նույն որմի արևելյան մասում ելնդատառ բայց եղծված հետեյալ երկտող վիմագիրը յո,վիմագիրը,մելքոնյանն,O,"O,O,O,O,O,O,O,O,O,O,O,O,O,O,O,O,O,O,O,O,O,O,O,O,O,O,B-INSC,O"
կառուցել աջնորդության ժամա գեղիազարյան հառիճա վանքը և նրա վիմագրությունը էջմիածին ը թ էջ,վիմագրությունը,կառուցել,O,"O,O,O,O,O,O,O,O,B-INSC,O,O,O,O,O,O,O,O,O,O,O,O,O,O,O,O,O"
ծանոթ վիմագիրը տիրամոր յոթ վերքը սրբապատկերի դեգերումների քարեղեն վկայությունն է ըստ որի էրզրումի նահանգի համանուն գավառի ասանղալա գյուղի ս աստվածածին վանքից թ պողոս ծայրագույն վարդապետի ձեռքով այն բերվել է հառիճավանք որտեղ ավելի քան երկու տասնամյակ մնալուց հետո ներսես ե աշտարակեցի կաթողիկոսի հրամանով տեղափոխվել է ս էջմիածին,Վիմագիր,ծանոթ,O,"O,O,O,O,O,O,O,O,O,O,O,O,O,O,O,O,O,O,O,O,O,O,O,O,O,O,O,O,O,O,O,O,O,O,O,O,O,O,O,O,O,O,O,O,O,O"
ամակառույցի վիմագրերը ներկայացված են օրբելու վերծանությունների հիմամբ և նրա կարճառոտ ծանոթագրություններով,վիմագրերը,ամակառույցի,O,"O,B-INSC,O,O,O,O,O,O,O,O,O"
այս արհեստավարժ քարգործին անդրադարձել է ս բարխուդարյանը մ վ էջ դարիգրիչներից առաջինը հիշում է նրան հիմք ընդունելով բագնայրի վանքի ս աստվածածին եկեղեցու արևմտյան մուտքի ծախ կողմում արտաքուստ ավագտիկնոջ նվիրատվական քառատող արձանագրությունը որը ստորագրել է մանասէ գրիչ ը կ բասմաջյան հասբս էջ,Նվիրատվական արձանագրություն,այս,O,"O,O,O,O,O,O,O,O,O,O,O,O,O,O,O,O,O,O,O,O,O,O,O,O,O,O,O,O,O,O,O,O,O,O,O,O,O,O,O,O,O,O,O,O,O,O,O,O,O,O,O,O,O,O,O,O,O,O,O,O,O,O,O,O,O,O,O,O,O,O,O,O,O,O,O,O,O,O,O,O,O,O"
գլխավոր ս կարապետ եկեղեցին ըստ հյուսիսային մուտքի բարավորի արձանագրության կառուցվել է թ,բարավորի արձանագրության,գլխավոր,O,"O,O,O,O,O,O,O,B-INSC,I-INSC,O,O,O,O,O,O,O,O,O,O,O,O,O,O,O"
այսչափ առատհուշարծձաններիշարքում պատմամարտարապետականբնութագրովև վիմագրերի առկայությամբ հատկանշելի է միակ վանական համակարույցը՝ հոգեվանքը որը թիկնել է գյուղ տանող ճանապարհի աջ կողմի բլրալանջին,վիմագրեր,այսչափ,O,"O,O,O,O,O,O,O,O,O,O,O,O,O,O,O,O,O,O,O,O,O,O,O,B-INSC,O,O,O,O,O,O,O,O,O,O,O,O,O,O,O,O,O,O,O,O,O,O,O,O,O,O,O,O,O,O,O,O,O,O,O,O"
ամալիրի բարգաված ու աշխույժ վանական կյանքի մասին են վկայում վիմագրում պահպանված գանծագին այգիների օշականից դողսից աշտարակից կարբիից վժանից ներկայիս ուջան սերկպլիից մրենից ագարակների ջաղացների տներ կուղպակների ավանդման փաստի առնչությամբ հիշատակությունները,վիմագրում,ամալիրի,O,"O,O,O,O,O,O,O,O,O,B-INSC,O,O,O,O,O,O,O,O,O,O,O,O,O,O,O,O,O,O,O,O,O,O,O,O,O,O,O,O,O,O,O,O,O,O,O,O,O,O,O,O,O,O,O,O,O,O,O,O,O,O"
ծանոթ այս տապանագիրը մեզ չհաջողվեց գտնել ուստի վկայակոչում ենք ըստ նախորդ հրատարակչի,տապանագիրը,ծանոթ,O,"O,O,B-INSC,O,O,O,O,O,O,O,O,O"
տապանագիրը վերջում անավարտ էմնում կամ փորագրիչը պարզապես չի շարունակել,տապանագիրը,տապանագիրը,B-INSC,"B-INSC,O,O,O,O,O,O,O,O"
սենք ևս այս և վերոնշյալ տապանագրերը տեղում չգտանք,տապանագրերը,սենք,O,"O,O,O,O,O,B-INSC,O,O"
հ օրբելին հրատարակել է այս վիմագիրն ընդգրկող շինաքարերից միայն մեկին պահպանված հատվածը,վիմագիրն,հ,O,"O,O,O,O,O,B-INSC,O,O,O,O,O,O"
յավոք երկուսն էլ չեն ներկայացրել վիմագրի ամբողջական վերծանությունը՝ և ինչպես ս բարխուռարյանն է նշում արծանագրության վերականգնման աշխատանքը թողնում ենք ներկայացնում ենք գծագիր պատճեն,վիմագրի,յավոք,O,"O,O,O,O,O,B-INSC,O,O,O,O,O,O,O,O,O,O,O,O,O,O,O,O,O"
սև շրջանակներով նշված են այն բնակավայրերը որտեղից պրակում վիմագրեր են ներառվել,վիմագրեր,սև,O,"O,O,O,O,O,O,O,O,B-INSC,O,O"
վկայագիրնաչքիէընկնումուշագրավուհազվադեպհանդիպող փաստերովու արտահայտություններով զաքարեն հիշված է իր բոլոր պաշտոնական տիտղոսներով ամիրսպասալար շաֆնէայ եւ մանդատորթախուցայս վիմագրերում խիստ սակավ է հիշատակվում սարգիս զաքարյանի կնոջ քուրդ մահկանաբերդցի իշխանի դուստր սահակադուխտի անունը սկզբնադբյուրներում առաջին անգամ է վկայված բռնավորաց հարկ սոցիալ իրավական բառեզրը որն առայժմ դժվարանում ենք մեկնաբանել,վիմագրերում,վկայագիրնաչքիէընկնումուշագրավուհազվադեպհանդիպող,O,"O,O,O,O,O,O,O,O,O,O,O,O,O,O,B-INSC,O,O,O,O,O,O,O,O,O,O,O,O,O,O,O,O,O,O,O,O,O,O,O,O,O,O,O,O"
տիրացու կարապետը թերևս վիմագրում վկայվածհամանուն քանդակագործնէ ըստ այդմ պարզվում էնաև կարապետի տիրապետած արհեստը,վիմագրում,տիրացու,O,"O,O,O,B-INSC,O,O,O,O,O,O,O,O,O,O,O,O,O,O,O,O,O,O,O,O,O,O"
ցանոթ տապանագիրն առաջինհայացքից անավարտէ,տապանագիրն,ցանոթ,O,"O,B-INSC,O,O,O,O,O,O"
ավագյան վաբ ս ավագյան վիմական արձանագրությունների բառաքննություն երևան,վիմական արձանագրություն,ավագյան,O,"O,O,O,O,B-INSC,O,O,O,O,O,O,O,O,O,O,O"
թ վանքի ամյատարելիցիկապակցությամբ հուշարձան տարեգրքիխմբագրությունը նպատակահարմար գտավ հրապարակել վանքի վիմագրերը թվով ՝ քաղված հ օրբելու հրատարակությունից և ի նորո ստուգված բնագրերով,վիմագրերը,թ,O,"O,O,O,O,O,O,O,O,O,B-INSC,O,O,O,O,O,O,O,O,O,O,O"
ամասիա գյուղում հյուրանոցին կից շենքի հիմքերն են փորում այժմ որտեղից դուրս են եկել նենգավթի տիպի լավ կերամիկայի բեկորներ և մի հատ թրծած կավե խոյի գլուխ առաջի իրար միացած ոտներով ետևի մասը կոտրված մի ականջով և առանց եղջյուրների,,ամասիա,O,"O,O,O,O,O,O,O,O,O,O,O,O,O,O,O,O,O,O,O,O,O,O,O,O,O,O,O,O,O,O,O,O,O,O,O,O,O"
սա քիչ հավանական ենք համարում,,սա,O,"O,O,O,O,O"
ի սկզբանէ բաժանված լինելով ախուրյան գետով որը հատկապես վերջին դարերում նաև վարչաքաղաքական սահման էր դարձել գավառը բնականորեն բաժանվել էր արևմտյան ու արևելյան նիրակի,,ի,O,"O,O,O,O,O,O,O,O,O,O,O,O,O,O,O,O,O,O,O,O,O,O,O"
նիրակը պատմական հայաստանի այրարատ նահանգի հյուսիսային գավառներից է,,նիրակը,O,"O,O,O,O,O,O,O,O"
ս բարխուդարյանը ձեռագրին նախաբան կամ առաջաբան չի կցել ուստի նպատակահարմար գտանք այն զետեղել,,ս,O,"O,O,O,O,O,O,O,O,O,O,O,O,O"
արք աց լա ը յիշան հիրա ս ախիրաքյ իանինս մ,,արք,O,"O,O,O,O,O,O,O,O,O,O"
միգուցե ս բարխուդարյանը լիովին վստահել է իր ավագ և հռչակավոր գործընկեր հովսեփ օրբելու վերծանություններին ու ավելորդ համարել դրանք գրի առնել ու մեկ անգամ ևս հրատարակել,,միգուցե,O,"O,O,O,O,O,O,O,O,O,O,O,O,O,O,O,O,O,O,O,O,O,O,O,O,O"
անակնկալ էր և ձեռագիր պրակում և նույնիսկ դաշտային օրագրում սմարմաշենի արձանագրությունների բացակայությունը,,անակնկալ,O,"O,O,O,O,O,O,O,O,O,O,O,O"
վերջիններիս կարգային համարին դրված է աստղանիշ,,վերջիններիս,O,"O,O,O,O,O,O"
խմբագիրների կողմից կատարված բոլոր միջամտությունները նշված են շեղատառերով բացառությամբ պրակում ներառված նոր արձանագրությունների վերծանությունների,,խմբագիրների,O,"O,O,O,O,O,O,O,O,O,O,O,O,O,O"
այդ երկու շրջաններում չգտանք և ոչ մի արձանագրություն,,այդ,O,"O,O,O,O,O,O,O,O"
եղբարքս սազցենէձռք լ տառնի տպաւսկի մի մատուն ստարսգել զքս զնոին գրիգորոք փոխակ րդ վեան իխրոֆ կատարեն գերզնեցև եղիէին էդ որք ոչ հզովս ժաաւգխէսցեն քէ թին ոխս,,եղբարքս,O,"O,O,O,O,O,O,O,O,O,O,O,O,O,O,O,O,O,O,O,O,O,O,O,O,O,O"
այն հուշարձաններն էլ որ հիշատակված են կոմիտեի ցուցակներում կամ միայն հիմնապատերն են մնացել և կամ էլ դրանց վրա րդ դարում նորերն են շինվել,,այն,O,"O,O,O,O,O,O,O,O,O,O,O,O,O,O,O,O,O,O,O,O,O,O,O"
պրակը հրատարակության պատրաստեցին՝ պատմ գիտ թեկնածու գ գ սարգսյան պատմ գիտ թեկնածու ա է հարությունյան գիտաշխատող կ տ ասատրյան,,պրակը,O,"O,O,O,O,O,O,O,O,O,O,O,O,O,O,O,O,O,O,O"
պատասխանատու խմբագիրներ՝ գ գ սարգսյան ա է հարությունյան,,պատասխանատու,O,"O,O,O,O,O,O,O,O"
դ դիվան հայ վիմագրության պրակ շիրակի մարզ կազմող՝ ս գ բարխուդարյան հրատարակության պատրաստողներ՝ գ գ սարգսյան ա է հարությունյան կ տ ասատրյան պատ խմբագիրներ՝ գ գ սարգսյան ա է հարությունյան եր գիտություն հրատ էջ լուսանկար,,դ,O,"O,O,O,O,O,O,O,O,O,O,O,O,O,O,O,O,O,O,O,O,O,O,O,O,O,O,O,O,O,O,O,O,O,O,O"
նախատեսված է պատմաբանների վիմագրագետների հնագետների և միջնադարյան հայաստանի պատմության ուսումնասիրությամբ զբաղվողների համար,,նախատեսված,O,"O,O,O,O,O,O,O,O,O,O,O,O"
հհգաս գիտություն հրատարակչություն հնագիտության և ազգագրության ինստիտուտ,,հհգաս,O,"O,O,O,O,O,O,O"
ար ա ևարավջայլս խաջթեի պաքին արգաուօտ նայխորդեց ան միջ ապիս կէրև ատոջ,,ար,O,"O,O,O,O,O,O,O,O,O,O,O,O"
կամնէն մեք զառիձեիք,,կամնէն,O,"O,O,O"
հպր դէտրոս եր ւ,,հպր,O,"O,O,O,O"
ձրազ շաւխարանվան լբ,,ձրազ,O,"O,O,O"
որոշ դեպքերում ելնելով բովանդակության կարևորությունից կամ հետաքրքրությունից կարևոր փաստեր իրադարձություններ անձինք բառեզրեր պրակում ներառվել են նաև դ վիմագրեր,,որոշ,O,"O,O,O,O,O,O,O,O,O,O,O,O,O,O,O,O,O,O"
կազմողի կողմից ներկայացված մի շարք գրչագրերի և լուսանկարների փոխարինում նորերով,,կազմողի,O,"O,O,O,O,O,O,O,O,O,O"
մեկ այլ առիթով էլ նա նկատում է որ շենքի ներքին ձևը հունական սելլայի կամ բազիլիկի տիան ունի որ եթե ոչ նախաքրիստոնեական գեթ հայաստանի քրիստոնեության սկզբին հիմնվածէ այսինքն մի պարզ սրահ կրոնական արարողությանց հատուկ,,մեկ,O,"O,O,O,O,O,O,O,O,O,O,O,O,O,O,O,O,O,O,O,O,O,O,O,O,O,O,O,O,O,O,O,O,O"
ական թթ շրջագայությունների ժամանակ արշավախմբի անդամների աչքից վրիպած կամ հետագայում ինչ ինչ հանգամանքներում բացահայտված նոր արձանագրությունների ներառում,,ական,O,"O,O,O,O,O,O,O,O,O,O,O,O,O,O,O,O,O"
արձանագրությունների հետագա հրատարակություններով վիմագրերի պահպանվածությամբ և տեղում կատարված համեմատություններով պայձանավորված լրացումներ ծանոթագրություններում ու հրատարակություններում,,արձանագրությունների,O,"O,O,O,O,O,O,O,O,O,O,O,O,O,O"
նախորզ ա գրիֆգ րէ հարավպին պաւիսն ար իերիև տոշ ի թվի ոխ ե՛ հի սոսմնորդութէնն էր պետրոսի կամ ին էս աս տուսես տութ էտո զիմ հածրէնէ սձգինս որ ցսրուծ ի վերին խոշկևն,,նախորզ,O,"O,O,O,O,O,O,O,O,O,O,O,O,O,O,O,O,O,O,O,O,O,O,O,O,O,O,O,O,O,O,O,O"
դարով թվագրելու համար հիմք հանդիսացող նշված հանգամանքից բացի թ թորամանյանն առանձնացնում է նաև շինության,,դարով,O,"O,O,O,O,O,O,O,O,O,O,O,O,O,O"
ճարտարապետական զարդաքանդակներու ոճերը որոնք իբրև նախատիպ ծառայել են րդ և րդդարերուն կանգնված քանի մը շենքերու,,ճարտարապետական,O,"O,O,O,O,O,O,O,O,O,O,O,O,O,O,O"
երերույքի տաճարի շրջակայքում և ներսում տարբեր տարիներին հնագիտական պեղումներ են իրականացվել որոնցից նշելի են հատկապես հայ ֆրանսիական արշավախմբի թթ պեղումները,,երերույքի,O,"O,O,O,O,O,O,O,O,O,O,O,O,O,O,O,O,O,O,O,O"
գայկական կողմը դեկավարում են հուշարձանների պահպանման գործակալության շիրակարագածոտն բաժնի պետ հնագետ լարիսա եգանյանը և շիրակի երկրագիտական թանգարանի տնօրեն հնագետ համազասպ խաչատրյանը իսկ ֆրանսիական կողմի արշավախումբը ղեկավարում է ֆրանսիայի գիտական ուսումնասիրությունների ազգային կենտրոնի միջերկրածովային միջնադարյան հնագիտական լաբորատորիայի և պրովանսի համալսարանի հայ արվեստի պատմաբան պատրիկ դոնաբեդյանը,,գայկական,O,"O,O,O,O,O,O,O,O,O,O,O,O,O,O,O,O,O,O,O,O,O,O,O,O,O,O,O,O,O,O,O,O,O,O,O,O,O,O,O,O,O,O,O,O"
այս վիճակն էր երբ ս բարխուդարյանը կազմումէր սույն պրակը,,այս,O,"O,O,O,O,O,O,O,O,O"
թ հուշարձանի արձանագրությունները հրատարակումէնչ մանուչարյանը որը վիմագրության բաժնի արշավախմբի կազմում մասնակցելէն բարխուդարյանի կազմած նիրակի ձեռագիր պրակի հրատարակության պատրաստման նպատակով թ իրականացված դաշտային հավաքչական աշխատանքներին,,թ,O,"O,O,O,O,O,O,O,O,O,O,O,O,O,O,O,O,O,O,O,O,O,O,O,O"
յովհաննէս եպիսկոպոս եահխաթունեանց ստորագրութիւն կաթուղիկէ էջմիածնի եւ հին,,յովհաննէս,O,"O,O,O,O,O,O,O,O"
ըստ դրանց վայրը կամ գյուղը կոչվեց երերույք իսկ տաճարը կրել է ս կարապետի և ս ստեփանոս նախավկայի անունները,,ըստ,O,"O,O,O,O,O,O,O,O,O,O,O,O,O,O,O,O,O,O"
ալ մանուչարյան տեղեկագիր ալ մանուչարյան պեմզաշենի չհրատարակված մի արձանագրություն տեղեկագիր հաս գիտ,,ալ,O,"O,O,O,O,O,O,O,O,O,O,O,O"
ալ մանուչարյան լրաբեր ալ սանուչարյան նիրակի չհոապարակված շինարարական արձանագրություններ լրաբեր հաս գիտ,,ալ,O,"O,O,O,O,O,O,O,O,O,O,O,O"
թբ հ հայերէն բացատրական բառարան հ չորրորդ կազմեց ստ սալխասեանց երևան,,թբ,O,"O,O,O,O,O,O,O,O,O,O,O"
ս բարխուդարյանի այս մատնանշումը հիմնականում հաստատվեց նաև վիմագրության բաժնի արշավախմբի մերօրյա շրջագայություններով,,ս,O,"O,O,O,O,O,O,O,O,O,O,O,O"
այդ ձեռնարկին հատկապես դաշտային հավաքչական աշխատանքներին մասնակցել են պատմ գիտ դոկտորպրոֆեսոր գրիգոր գրիգորյանը պատմ գիտ թեկնածուներ գագիկ սարգսյանը աշոտ սանուչարյանը արսեն հարությունյանը գիտաշխատողներ ռուբեն գասպարյանը կլարա ասատրյանը բաժնի նախկին ասպիրանտ կարեն գրիգորյանը,,այդ,O,"O,O,O,O,O,O,O,O,O,O,O,O,O,O,O,O,O,O,O,O,O,O,O,O,O,O,O,O,O,O,O,O"
հարկ ենք համարում ըստ արժանվույն հիշել նան ձեռագիր պրակի արձանագրությունների գրչագրող երջանկահիշատակ նորայր խանզադյանին որի գործը մեր օրերում շարունակում է գևորգ համբարձումյանը,,հարկ,O,"O,O,O,O,O,O,O,O,O,O,O,O,O,O,O,O,O,O,O,O,O,O"
պրակի հրատարակմամբ պայմանավորված՝ դաշտային աշխատանքները հետապնդում էին մի քանի նպատակ,,պրակի,O,"O,O,O,O,O,O,O,O,O,O"
ձեռքի տակ ունենալով շիրակի մարզի հուշարձանների մերօրյա ցուցակները փորձել լրացնել պրակի վիմագրական ատաղձը,,ձեռքի,O,"O,O,O,O,O,O,O,O,O,O,O,O,O"
պրակի հրատարակման պատասխանատու խմբագրակազմի ջանքերով ընթերցողի դատին է ներկայացվում նիրակի մարզի հուշարձանների որմերից ընդօրինակված արձանագրություն ընդգրկող դիվան հայ վիմագրության պրակը,,պրակի,O,"O,O,O,O,O,O,O,O,O,O,O,O,O,O,O,O,O,O,O,O"
այն հրատարակության պատրաստողները ձգտել են առավել հարազատ մնալ դիվանակազմության բարխուդարյանական սկզբունքներին ու մեթոդներին,,այն,O,"O,O,O,O,O,O,O,O,O,O,O,O,O"
մարզկենտրոն գյումրի քաղաքից վաղ արձանագրություններ մեզ չեն հասել ուստի իբրև նմուշ ներառել ենք դ երկու արձանագրություն որոնց հաջորդում են մարզի վիմագրակիր հուշարձաններն ըստ աշխարհագրական դասավորվածության սկսելով ծայր հարավից՝ անիպեմզա երերույք,,մարզկենտրոն,O,"O,O,O,O,O,O,O,O,O,O,O,O,O,O,O,O,O,O,O,O,O,O,O,O,O,O,O,O,O,O"
պրակի ձեռագիր տեքստին մերօրյա միջամտությունների էությունը հետկյալում է,,պրակի,O,"O,O,O,O,O,O,O,O"
այսօր արևեսան շիրակն իր տարածքով հիմնականում համապատասխանում է հայաստանի հանրապետության նիրակի մարզին՝ խորհրդային շրջանաբաժանմամբ՝ անիի ախուրյանի արթիկի աձասիայի և աշոցքի շրջաններին,,այսօր,O,"O,O,O,O,O,O,O,O,O,O,O,O,O,O,O,O,O,O,O,O,O"
բագրատունյաց թագավորության անկումից հետո օտար նվաճողների ավերում ավարառումները շարունակվեցին մինչև դարավերջ երբ հայ վրացական զորքերը զաքարյան իշխանների հրամանատարությամբ սկսեցին ազատագրել հայաստանը այդ թվում նաև եիրակը,,բագրատունյաց,O,"O,O,O,O,O,O,O,O,O,O,O,O,O,O,O,O,O,O,O,O,O,O,O,O,O"
աա էիրի սբ ուխտին խոսպխջսն ինձ ի տարոջն,,աա,O,"O,O,O,O,O,O,O,O"
վերն իմ երն շիկին և,,վերն,O,"O,O,O,O,O"
բասմաջյան աաբմ կ բասմաջեան հայերէն արձանագրութիւնք անւոյ բագնայրի եւ սարմաշինու պարիս,,բասմաջյան,O,"O,O,O,O,O,O,O,O,O,O,O"
բարխուդարյան մ քվ ս քարխուդարյան միջնադարյան հայ ճարտարապետներ և քարգործ վարպետներ երևան,,բարխուդարյան,O,"O,O,O,O,O,O,O,O,O,O,O,O"
բժշկանց տանապարհորդութիւն ի լեհաստան և յայլ կողմանս բնակեալս ի հայկազանց սերելոց շարագրեալ հանդերձ զանազան բանասիրական տեղեկութեամբք տն հ մինասայ բժշկեանց ի վենետիկ,,բժշկանց,O,"O,O,O,O,O,O,O,O,O,O,O,O,O,O,O,O,O,O,O,O,O,O"
գագիկ հառիմեցի գագիկ հառիճեցի հառիճ երևան,,գագիկ,O,"O,O,O,O,O,O"
գէորգեանց համառօտ տեղագրութիւն հնութեանց մեծին նիրակայ եւ մայրաքաղաքին անւոյ աշխատ սելքիսեդեկ քհ գէորգեանց նիրակացւոյ աղէքսանդրապօլ,,գէորգեանց,O,"O,O,O,O,O,O,O,O,O,O,O,O,O,O,O"
եղիազարյան էջմիածին բ հ եղիազարյան լմբատավանքը և նրա արձանագրությունները էջմիածին բ,,եղիազարյան,O,"O,O,O,O,O,O,O,O,O,O,O"
եղիազարյան էջմիածին ե հ եղիազարյան սարմաշենի վանքը և նրա վիմագրությունները էջմիածին ե,,եղիազարյան,O,"O,O,O,O,O,O,O,O,O,O,O,O"
եղիազարյան էջմիածին հ եղիազարյան հառիճա վանքը ևնրա վիմագրությունը էջմիածին,,եղիազարյան,O,"O,O,O,O,O,O,O,O,O"
թորամանյան բ թորոս թորամանյան նյութեր հայկական ճարտարապետության պատմության աշխատությունների երկրորդ ժողովածու երևան վերահրատարակություն,,թորամանյան,O,"O,O,O,O,O,O,O,O,O,O,O,O,O"
գբ ի հայերէն բացատրական բառարան հ երկրորդ կազմեց ստ սալխասեանց երևան,,գբ,O,"O,O,O,O,O,O,O,O,O,O,O"
ընթերցողի սեղանին է դրվում դիվան հայ վիմագրության մատենաշարի հերթական՝ թվով տասներորդ պրակը որն ամփոփում է հ շիրակի մարզի հուշարձանների որմերից ընդօրինակված արձանագրություն որոնցից ավելի քան ն առաջին անգամ է դրվում գիտական շրջանառության մեջ,,ընթերցողի,O,"O,O,O,O,O,O,O,O,O,O,O,O,O,O,O,O,O,O,O,O,O,O,O,O,O,O,O,O,O,O,O,O,O"
առավել ամբողջական է սամվել կարապետյանի աշխատասիրությամբ վերջերս հրատարակված հոռոմոսի վանքի վիմագրերը ուսումնասիրությունը որտեղ ամփոփված է ավելի քան արձանագրություն,,առավել,O,"O,O,O,O,O,O,O,O,O,O,O,O,O,O,O,O,O,O"
ինչ վերաբերում է հոռոմոսի վանքի հուշարձանախմբի արձանագրություններին ապա դրանցից ը տեղ են գտել ս էմինի ժողովածուում իսկ ա պալատյանի ժ թիերիի ժ մահեի աշխատասիրությամբ հրատարակված թ յորամանյանի անտիպ մնացած հոռոմոսի վանքը աշխատության մեջ ընդգրկված է վիմագիր,,ինչ,O,"O,O,O,O,O,O,O,O,O,O,O,O,O,O,O,O,O,O,O,O,O,O,O,O,O,O,O,O,O,O,O,O,O,O,O,O"
նախորդ հրատարակիչների ուշադրությունից վրիպած կամ տարընթերցումներ պարունակող մի քանի վիմագրեր նաև վաղլւիտանշաններ վերջերս հրատարակվեցին պատմաբան կարեն սաթնոսյանի հեղինակակցությամբ,,նախորդ,O,"O,O,O,O,O,O,O,O,O,O,O,O,O,O,O,O,O,O"
հետագա դարերում հունահռոմեական աղբյուրներում շիրակը վկայված է սիրակենե անվանումով,,հետագա,O,"O,O,O,O,O,O,O,O,O"
մինչ մարզպանական ժամանակաշրջանը շիրակը մասն է կազմել արքունական տիրույթների,,մինչ,O,"O,O,O,O,O,O,O,O,O"
այնուհետև գավառն անցել է կամսարական նախարարական տանը իսկ դարավերջին՝ աստիճանաբար հզորացող և արդեն թ թագավորական խույրով օծ,,այնուհետև,O,"O,O,O,O,O,O,O,O,O,O,O,O,O,O,O,O,O"
ված բագրատունիներին որոնց քաղաքական տնտեսական շինարարական ակտիվ գործունեության շնորհիվ գավառը հատկապես նստոց անին մեծ զարգացում է ապրել,,ված,O,"O,O,O,O,O,O,O,O,O,O,O,O,O,O,O,O,O"
լայնութիւն տաճարին իբրև տասն գազ նոյնպէս խոնարհեալ են ծածկ գաւթացն և սիւնքն անկեալք և ծածք երկուց արևմտեան աւանդատանցն իսկ ղեոնդ ալիշանը տաճարի տեղագրության ու ճարտարապետության վերաբերյալ արված դիտարկումներից զատ թերևս կրկնելով շահխաթունյանցին հավաստում է միջոց գեղջս և գետեզերն լի է աւերակօք քարաշէն բնակութեանց գերեզմանաց և խաչվիմաց յորս ցանկալի է հետախուզել,,լայնութիւն,O,"O,O,O,O,O,O,O,O,O,O,O,O,O,O,O,O,O,O,O,O,O,O,O,O,O,O,O,O,O,O,O,O,O,O,O,O,O,O,O,O,O,O,O,O,O,O,O,O,O,O"
եիրակ գավառըունենալովայնպիսի տերեր ինչպիսիք են կաձսարականները բագրատունիները պահլավունիները զաքարյանները ներառել է պատմամշակութային հսկայածավալ ու արժեքավոր ժառանգություն որում շահեկանորեն առանձնանում է անին,,եիրակ,O,"O,O,O,O,O,O,O,O,O,O,O,O,O,O,O,O,O,O,O,O,O"
կարծում ենք նաև սրանով է պայմանավորվում արևմտյան նիրակի պատմաճարտարապետական տարաբնույթ հուշարձանների բազմաքանակությունը,,կարծում,O,"O,O,O,O,O,O,O,O,O,O,O,O"
նկատելի այս անհամաչափությունը կարելի է պատճառ դիտարկել նիրակի մարզի վիմագրական ժառանգության անհամեմատ սակավաթվությանը,,նկատելի,O,"O,O,O,O,O,O,O,O,O,O,O,O,O"
անշուշտ արձանագրությունների սակավությունը բնավ չի նսեմացնում նրանց աղբյուրագիտական արժեքը հատկապես այնպիսի նշանավոր հուշարձանների վկայագրերի ինչպիսիք են սարմաշենը հառիճավանքը լմբատավանքը հայկաձորը նոր նյանքի ս գրիգոր լուսավորիչ եկեղեցին հոգեվանքը ևայլք,,անշուշտ,O,"O,O,O,O,O,O,O,O,O,O,O,O,O,O,O,O,O,O,O,O,O,O,O,O,O,O,O,O"
ասողիկ ստեփանոսի տարաւնեցւոյ պատմութիւն տիեզերական սատենագիրք հայոց հ ժե քննական բնագիրը և առաջաբանը գ մանուկեանի երևան,,ասողիկ,O,"O,O,O,O,O,O,O,O,O,O,O,O,O,O,O,O"
ամատունի սահակ վրդ ամատունի հայոց բառ ու բան վաղարշապատ,,ամատունի,O,"O,O,O,O,O,O,O,O,O"
ժամանակով մոտ է նախորդներին,,ժամանակով,O,"O,O,O,O"
իմ մմէրն վորդէնէ եթէ թի զլանս էի չսդն են ի տարնի սրքուն սարգտ նզովզէսցի էք հրք կատորէն վմիրհնի ջանօր աւրարաձիչէքը ք տոշաւմ զէրին բառից ևևրօ ավելայբել նաւև թաշ բառր ոք գծա քատրաւմ իխսկ րտողաւմ վարգդգաակապկոււաը դաքծքէլ ին ավաւր դ կամ վզարի,,իմ,O,"O,O,O,O,O,O,O,O,O,O,O,O,O,O,O,O,O,O,O,O,O,O,O,O,O,O,O,O,O,O,O,O,O,O,O,O,O,O,O,O,O"
սրձանաբրբուրյան վիրզում սկսվի և կիսատ և թոշնվել մի ուրիղը որը կար էի որնատիլ,,սրձանաբրբուրյան,O,"O,O,O,O,O,O,O,O,O,O,O,O,O"
ի ըվի ու ու տոմէգցի վսրգսոէտ կամ՝ տոմէ գրի վերդադէտ այս գեցմա մ,,ի,O,"O,O,O,O,O,O,O,O,O,O,O,O,O"
հրաւհի րա քալալցանց,,հրաւհի,O,"O,O,O"
հավխարթուն շիրակ եց ե մ խիթարյանց աբ մլիշաայ ի զիա արո ա ամ ժէվթունէ պօ,,հավխարթուն,O,"O,O,O,O,O,O,O,O,O,O,O,O,O,O,O"
սեծանուն հայագետ վիմագրագետ սեդրակ բարխուդարյանի արխիվում պահպանվել է հեղինակի կազմած դիվան հայ վիմագրության նիրակի տարածաշրջանի արձանագրություններն ընդգրկող ձեռագիր պրակը և դաշտային օրագիրը,,սեծանուն,O,"O,O,O,O,O,O,O,O,O,O,O,O,O,O,O,O,O,O,O,O,O,O"
ինչպես ս բարխուդարյանն է կոչում՝ արձանագրագիտական գիտարշավ ը որի կազմում էին ինստիտուտի վիմագրության բաժնի վարիչ ս բարխուդարյանը՝ ղեկավար անդամներ՝ ալեքսանդր մանուչարյանը աբրահամ շահինյանը սուրեն ավագյանը և վարորդ ռազմիկ լևոնյանը թ օգոստոսի ին մեկնում է շիրակ՝ դիվան հայ վիմագրության հերթական պրակի համար նյութեր հավաքելու,,ինչպես,O,"O,O,O,O,O,O,O,O,O,O,O,O,O,O,O,O,O,O,O,O,O,O,O,O,O,O,O,O,O,O,O,O,O,O,O,O,O,O,O,O,O,O,O"
ի տարբերություն պատմամշակութային ու ճարտարապետական հուշարձաններով ըստ այդմ նաև վիմագրությամբ անհամեմատ հարուստ արևմտյան շիրակի այդ գավառի արևելյան հատվածը չնայած մի քանի հռչակավոր վանական ու եկեղեցական համակառույցների՝ մարմաշեն լմբատավանք հառիճավանք երերույք խնդրո առարկա բնագավառներում բավական համեստ ներկայանալի է,,ի,O,"O,O,O,O,O,O,O,O,O,O,O,O,O,O,O,O,O,O,O,O,O,O,O,O,O,O,O,O,O,O,O,O,O,O,O,O,O"
այս իրավիճակին դաշտային օրագրում մասամբ անդրադառնում է ս բարխուդարյանը ամասիայի և ղուկասյանի շրջանները տարօրինակորեն զուրկ են այժմ որևէ միջնադարյան հուշարձանից,,այս,O,"O,O,O,O,O,O,O,O,O,O,O,O,O,O,O,O,O,O,O,O"
վ գին էի զւ անն բտոլ ի թ ուխտս հևռիձ ծու էխ մբ շատուսնձծինս էր որ,,վ,O,"O,O,O,O,O,O,O,O,O,O,O,O,O,O,O,O"
նիրակի մարզն արևմուտքից սահմանակից է թուրքիային հյուսիսից՝ վրաստանին արևելքից ու հարավից՝ հհլոռու և արագածոտնի մարզերին,,նիրակի,O,"O,O,O,O,O,O,O,O,O,O,O,O,O,O,O"
սճաոյան հր աճաոյան հայոց անձնանունների բառարան հ երևան հ գ երևան հ ե երևան,,սճաոյան,O,"O,O,O,O,O,O,O,O,O,O,O,O,O,O"
ս թ ա հազարամյակում ուրարտական պետության կազմում հիշատակված էրիախի ի երկիրն ըստ մասնագետների՝ մասամբ տեղավորված է եղել իրակում,,ս,O,"O,O,O,O,O,O,O,O,O,O,O,O,O,O,O,O,O,O"
հններսէս սարգիսեան նշվ աշխ էջ,,հններսէս,O,"O,O,O,O,O"
նշվ աշխ ջ արձ,,նշվ,O,"O,O,O,O"
ղիշան եիրակ է նույնի այրարատ բնաշխարհ հայաստանեայց վենետիկ էջ,,ղիշան,O,"O,O,O,O,O,O,O,O,O"
ս կարապետյան մրենը և նրա հուշարձանները վարձք հուլիս սեպտեմբեր էջ,,ս,O,"O,O,O,O,O,O,O,O,O,O"
սամվել կարապետյանի աշխատասիրությամբ թ դարձյալ նույն սկզբունքով ամբողջացվել և հրատարակվել էբագնայրի վանքից վիմագիր ա կարապետյան բագնայրի վանքի արձանագրությունները վարձք էջ,,սամվել,O,"O,O,O,O,O,O,O,O,O,O,O,O,O,O,O,O,O,O,O,O"
աղազարյան կ սաթևոպյան սրենի եկեղեցու շինարարական առանձնահատկությունները վարպետանշանները և որոշ վիմագրեր պբհ,,աղազարյան,O,"O,O,O,O,O,O,O,O,O,O,O,O"
թ թորամանեան հոռոմոսի վանքը անտիպ նիւթեր աշխատ աթ պալատեան ժ ս թիէռի ժ մահէ էջ,,թ,O,"O,O,O,O,O,O,O,O,O,O,O,O,O,O,O"
վիշան իրակ պևոնդ ալիշան նիրակ տեղագրութիւն պատկերացոյց վենետիկ,,վիշան,O,"O,O,O,O,O,O,O,O"
աղանյան եպսժ գրիգոր աղանյան զաքարյանների մի նորահայտ արձանագրություն շիրակի պատմամշակութային ժառանգությունը հանրապետական երրորդ գիտաժողով զեկուցումների հիմնադրույթներ գյումրի,,աղանյան,O,"O,O,O,O,O,O,O,O,O,O,O,O,O,O,O,O,O"
տաճարիճարտարապետականձևերինութվագրությաննանդրադարձելէայսոլորտիխորագիտակ թ թորամանյանը որի կարծիքով հայաստանի ամենահին եկեղեցիներից մեկն է երերույքի տաճարը որը ավագխորանին կիցերկու սենյակներից զատ ունինաև արտաքուստ շրջապատվածսյունասրահ,,տաճարիճարտարապետականձևերինութվագրությաննանդրադարձելէայսոլորտիխորագիտակ,O,"O,O,O,O,O,O,O,O,O,O,O,O,O,O,O,O,O,O,O,O"
փակագծով նշված են ակներև ավելորդ տառերը,,փակագծով,O,"O,O,O,O,O,O"
երերույքի հոյակերտ տաճարն անմխիթար ու ավերակ վիճակում է նկարագրում դեռևս դ տեղագիր ս էջմիածնի միաբան հովհաննես եպս նահխաթունյանցը միջին ծածկ տաճարին օրոցածև և անսիւն այլ խոնարհեալ բոլորովին,,երերույքի,O,"O,O,O,O,O,O,O,O,O,O,O,O,O,O,O,O,O,O,O,O,O,O,O,O,O,O,O"
գյումրիից վաղ արձանագրություններ մեզ հայտնի չեն,,գյումրիից,O,"O,O,O,O,O,O"
այդուհանդերձ հարկ համարեցինք երկու արձանագրություն պրակում ներառել,,այդուհանդերձ,O,"O,O,O,O,O,O,O"
ա աստվածցածին յոթ վերք եկեղեցի արևելյան պատի վերնամասում արտաքուստ ագուցված մարմարե սալին մանրատառ տող,,ա,O,"O,O,O,O,O,O,O,O,O,O,O,O,O,O"
երնվիրանաշաւործնի պակեսհաւեղպաիխայիրկունաւ րռին հահիճուանքը պդղոս եփարդապետինեւրով ի նոէս եխրողիոսի հրտնձովտեսկիտրոեց սէշիաիոսէի սկախեւեռնլգանրողեաիւկացրևսանիևադկեամ ւրմեռմէլսիցերկեսեզտրտգաեհաւատաղնեինոիևմնք իոպալսիւմքիդտար խամէբպփուկ միաւիե կյ մց,,երնվիրանաշաւործնի,O,"O,O,O,O,O,O,O,O,O,O,O,O,O,O,O,O,O,O"
եօթն վիրաց ս աստուածածնի պատկերս հասանդալայի վանքից բերուեցաւ թուին հառիճու վանքը զլայնլլայթեան պօղոս ծ վարդապետի ձեռքով ին ներսէսե կաթողիկոսի հրամանով այնտեղից տարուեցաւ ս էջմիածին որտեղից ին տեղափոխուեցաւ աղէքսանդրապօլ եւ ամփոփուեցաւ այս ս ալստուայծածնի աւագ եկեղեցում ուր մնում է մինչեւ օրս իբրեւ բարեխօս եւ պաշտպան հաւատացողների ուստի եւ մենք միշտ աղաղակում ենք մի դադարիր վասն մեր բարեխոսել քրիստոսի մայր այ մերոյ,,եօթն,O,"O,O,O,O,O,O,O,O,O,O,O,O,O,O,O,O,O,O,O,O,O,O,O,O,O,O,O,O,O,O,O,O,O,O,O,O,O,O,O,O,O,O,O,O,O,O,O,O,O,O,O,O,O,O,O,O,O,O,O,O"
այստեղ սրբապատկերը երկար չի մնացել և մեկ տարի անց՝ ին փոխադրվել է այն ժամանակ ալեքսանդրապոլ կոչվող ներկայիս գյումրի քաղաքն ու ամփոփվել նոր կառուցված,,այստեղ,O,"O,O,O,O,O,O,O,O,O,O,O,O,O,O,O,O,O,O,O,O,O,O,O"
տեղանունների բառարան հ էջ,,տեղանունների,O,"O,O,O,O"
եկեղեցին ուղղակյուն հատակագծով արևելյան խորանին երկու կողմից կից քառակուսի ավանդատներով կառույց է որի արևմտյան կողմում ուշ միջնադարում զույգ բոլորածև աշտարակներ են ավելացրել ու ողջ կառույցը վերածել ամրոցի,,եկեղեցին,O,"O,O,O,O,O,O,O,O,O,O,O,O,O,O,O,O,O,O,O,O,O,O,O,O,O,O,O"
տես նաև լ մարտիրոսյան ս պետրոսյան վվարդանյան և ուրիշներ գյումրի քաղաքը և մարդիկ գումրի,,տես,O,"O,O,O,O,O,O,O,O,O,O,O,O,O,O"
գրականության մեջ այն առավել հայտնի է դպրեվանք կամ կումայրիի եկեղեցի անվամբ,,գրականության,O,"O,O,O,O,O,O,O,O,O,O,O"
սիջնադարում բնակավայրի վերաբերյալ վկայությունները կցկտուր են,,սիջնադարում,O,"O,O,O,O,O,O"
աշ սանուչարյան շպմսժ աշ մանուչարյան վիմագրական նորույթներ սարմաշենի վանքից նիրակի,,աշ,O,"O,O,O,O,O,O,O,O,O,O"
պատմամշակութային ժառանգությունը հանրապետական յոթերորդ գիտական նստաշրջանի նյութեր գյումրի,,պատմամշակութային,O,"O,O,O,O,O,O,O,O"
աշ սանուչարյան պմժ աշ մանուչարյան խաչի ձորի վիմագրերը ծիրակի պատմամշակութային ժառանգությունը միջազգային ութերորդ գիտական նստաշրջանի նյութեր գյումրի,,աշ,O,"O,O,O,O,O,O,O,O,O,O,O,O,O,O,O,O,O"
աշ մանուչարյան աշ մանուչարյան երերույքի տաճարի վիմագրերը հին հայաստանի մշակույթը երևան,,աշ,O,"O,O,O,O,O,O,O,O,O,O,O"
հմելքոնյան լրաբեր հուսիկ մելքոնյան դարի վիմագրեր նոր կյանք գյուղից լրաբեր հաս գիտ,,հմելքոնյան,O,"O,O,O,O,O,O,O,O,O,O,O,O"
մխիթարյանց տեղագրութիւն աբել արքեպիսկոպոս սխիթարյանց տեղագրութիւն սարմաշինոյ եւ այլ վանացն ի նիրակ երկերի ժողովածու ս էջմիածին,,մխիթարյանց,O,"O,O,O,O,O,O,O,O,O,O,O,O,O,O,O,O"
մխիթարյանց հառիճ աբել արքեպիսկոպոս մխիթարյանց պատմութիւն մենաստանին հառիճայ թիֆլիս,,մխիթարյանց,O,"O,O,O,O,O,O,O,O,O"
գ նալբանդյան հուշարձան գ գ նալբանդյան արթիկի փոքր եկեղեցու հորինվածքային առանձնահատկությունները հուշարձան տարեգիրք գ երևան,,գ,O,"O,O,O,O,O,O,O,O,O,O,O,O,O,O,O"
նբ հ գաբրիէլ աւետիքեան հ խաչատուր սիւրմէլեան մկրտիչ աւգերեան նոր բառգիրք հայկազեան լեզուի հ երևան վերահրատարակություն,,նբ,O,"O,O,O,O,O,O,O,O,O,O,O,O,O,O,O,O"
եահխաթունյանց յովհաննէս եպիսկոպոս նահխաթունեանց ստորագրութիւն կաթուղիկէ էջմիածնի և հինգ գաւառացն արարատայ աշխատասիրությամբ՝ ա տեր ստեփանյանի ս էջմիածին վերահրատարակություն,,եահխաթունյանց,O,"O,O,O,O,O,O,O,O,O,O,O,O,O,O,O,O,O,O"
ջալալյանց ս տանապարհորդութիւն ի մեծն հայաստան աշխատասիրութեամբ սարգիս վարդապետի զալալեանց միաբանի վանուց սանահնի ի ամի մասն ա տփղիս,,ջալալյանց,O,"O,O,O,O,O,O,O,O,O,O,O,O,O,O,O,O,O,O"
յեղանունների բառարան թ խ հակոբյան ստ տ մելիք բախշյան հ խ բարսեղյան հայաստանի և հարակից շրջանների տեղանունների բառարան հ երևան,,յեղանունների,O,"O,O,O,O,O,O,O,O,O,O,O,O,O,O,O,O,O,O,O,O"
ե տեր սինապան էջմիածին ս ե տեր մինասյան հառիճա վանքի արձանագրությունների առթիվ էջմիածին ա,,ե,O,"O,O,O,O,O,O,O,O,O,O,O,O,O,O"
քաղաքի վաղագույն վիմագրական ժառանգությունն ամփոփում է դ երկրորդ կեսն ու նախորդ դարասկիզբը դրանք հիմնականում եկեղեցիների ու բնակելի որոշ տների վրա պահպանված հիշատակագրություններ են,,քաղաքի,O,"O,O,O,O,O,O,O,O,O,O,O,O,O,O,O,O,O,O,O,O,O,O,O"
ավելորդ չէ նշել որ գյումրիից են սերում մշակույթի ու գիտության բազմաթիվ երախտավորներ գուսան շերամ գրիգոր տալյան երվանդ լալայան ավետիք իսահակյան շուշանիկ կուրդինյան հովհաննես շիրազ արմեն տիգրանյան մկրտիչ արմեն մհեր սկրտցանև այլք,,ավելորդ,O,"O,O,O,O,O,O,O,O,O,O,O,O,O,O,O,O,O,O,O,O,O,O,O,O,O,O,O,O,O,O,O"
տաճարի պատերին պահպանված են ընդամենը չորս արձանագրություն որոնցից երկուսը հրատարակվում են առաջին անգամ թէ գրչությամբ և թէ լեզվի առումով դրանք չեն փայլում բայց կարևոր են բուն իսկ հուշարձանի անվան և վայրի անունների հայտնաբերման տեսանկյունից,,տաճարի,O,"O,O,O,O,O,O,O,O,O,O,O,O,O,O,O,O,O,O,O,O,O,O,O,O,O,O,O,O,O,O,O,O,O,O"
ս սնացականյան երկայնական համակարգերի գմբեթավորումը հայկական ճարտարապետության պատմություն հ երկրորդ երևան էջ,,ս,O,"O,O,O,O,O,O,O,O,O,O,O,O"
թ մաքրվել ու բարեկարգվել է եկեղեցու շրջակայքը որի արդյունքում պարզվել է որ արևմտյան խաչաթևի պատին կից էեղել մեկ այլ կառույց որի խորանի հիմնապատերն են մնացել,,թ,O,"O,O,O,O,O,O,O,O,O,O,O,O,O,O,O,O,O,O,O,O,O,O,O,O,O"
աշխատանքների ընթացքում ի հայտ են եկել նաև խաչքարերի պատվանդաններ ծածկի կղմինդրներ և կավե թրծած քրատար փողրակներ,,աշխատանքների,O,"O,O,O,O,O,O,O,O,O,O,O,O,O,O,O,O"
հետագայումհուշարծանի ճարտարապետականհորինվածքին անդրադարձել ենճարտարապետներ վ հարությունյանն ուվ գրիգորյանը,,հետագայումհուշարծանի,O,"O,O,O,O,O,O,O,O"
ակադ վ հարությունյանն այն դասում էխաչաձև կենտրոնագմբեթփոքր եկեղեցիներիշարքը,,ակադ,O,"O,O,O,O,O,O,O,O"
իդեպ հատակագծումխաչաթները և ներքուստ և արտաքուստ ունեն ուղղանկյուն հորինվածք բացառությամբ արևելյան խորանի ներքին կիսաբոլորակի,,իդեպ,O,"O,O,O,O,O,O,O,O,O,O,O,O,O,O"
հրատ թորամանյան բ,,հրատ,O,"O,O,O,O,O,O"
գտնվում է հառիճ գյուղից փոքր ինչ հյուսիս արևելք,,գտնվում,O,"O,O,O,O,O,O,O,O"
կառուցվել է դ ոորից ներկայումս միայն հյուսիսարևմտյան մի փոքր հատվածն է պահպանվել,,կառուցվել,O,"O,O,O,O,O,O,O,O,O,O,O,O"
գավիթ քառասյուն տիպի այս կառույցը կից էս աստվածածին եկեղեցունար էիշխան վահրամ հեմուպը դ առաջին կեսին հովհաննես վարդապետի առ նակ,,գավիթ,O,"O,O,O,O,O,O,O,O,O,O,O,O,O,O,O,O,O,O,O"
շինության հատակագծային լուծումներն ընդհանրություններ ունեն ս գայանեի սրենի կաթողիկեի և ժամանակակից այլ հուշարծանների հետ ըստ այդմ էլ այն համարվում է երկայնական գմբեթավոր կառույցների լավագույն ու նախնական օրինակներից մեկը,,շինության,O,"O,O,O,O,O,O,O,O,O,O,O,O,O,O,O,O,O,O,O,O,O,O,O,O,O,O,O,O"
ծաստելի է որ կումայրի գյումրիի տնտեսական ու մշակութային կյանքը զարգացում է ապրել սկսած դարից,,ծաստելի,O,"O,O,O,O,O,O,O,O,O,O,O,O,O,O"
թ գյումրին և նրա շրջակայքը միացվել են ռուսաստանին իսկ թթ ռուս թուրքական պատերազմի ռուսների հաղթանակով ավարտն էլ ավելի էխթանել նրա բարգավածմանը,,թ,O,"O,O,O,O,O,O,O,O,O,O,O,O,O,O,O,O,O,O,O,O,O"
ստվարացել է ոչ միայն բնակչությունը այլև այն դարձել է ռազմական նշանակության կարևոր կայան որտեղ ռուսաստանը պահում էր մարտունակ կայազոր,,ստվարացել,O,"O,O,O,O,O,O,O,O,O,O,O,O,O,O,O,O,O,O,O"
թթ վերակառուցվել է գյումրիի ալեքսանդրապոլ սև բերդ բերդ ամրոցը որի ներսում թ կառուցվել է ս ալեքսանդրա եկեղեցին,,թթ,O,"O,O,O,O,O,O,O,O,O,O,O,O,O,O,O,O,O"
թ ռուսաստանի կայսր նիկոլայ ի գյումրի կատարած այցից հետո նրա կնոջ ալեքսանդրիայի անունով բնակավայրը անվանափոխվել է ալեքսանդրապոլ և թվականից ձեռք բերել քաղաքի կարգավիմակ,,թ,O,"O,O,O,O,O,O,O,O,O,O,O,O,O,O,O,O,O,O,O,O,O,O,O"
դարավերջին ալեքսանդրապոլն արդեն խոշոր առևտրա արհեստավորական քաղաք էր որտեղ արհեստավորների դասն ընդգրկված էր առանձին համքարությունների եղբայրությունների մեջ,,դարավերջին,O,"O,O,O,O,O,O,O,O,O,O,O,O,O,O,O,O,O"
հատկապես մեծ համբավ էին վայելում տեղի քարտաշներն ու որմնադիրները,,հատկապես,O,"O,O,O,O,O,O,O,O,O"
նրանց ստեղծագործությունների լուռ վկաներն են քաղաքի փողոցները հարդարող շենքերը,,նրանց,O,"O,O,O,O,O,O,O,O,O"
դ աշխուժացել է նաև տեղի հոգևոր կյանքը այս շրջանում են կառուցվել ս աստվածածին յոթ վերք հայկական կաթոլիկ ամենափրկիչ ս նշան ս գրիգոր լուսավորիչ գեղցոց ժամ թ,,դ,O,"O,O,O,O,O,O,O,O,O,O,O,O,O,O,O,O,O,O,O,O,O,O,O,O,O,O"
դ երկրորդ կեմ եկեղեցիները,,դ,O,"O,O,O,O"
հատկապես ամենափրկիչ եկեղեցին որի կառուցող վարպետը թադեոս անտիկյանն էր հար և նման է անիի կաթողիկե մայր տաճարին,,հատկապես,O,"O,O,O,O,O,O,O,O,O,O,O,O,O,O,O,O,O"
եկեղեցին թ աղետալի երկրաշարժից ավերվելուց հետո վերջին տարիներին վերակառուցվեց և շուտով կվերաբացվի,,եկեղեցին,O,"O,O,O,O,O,O,O,O,O,O,O,O"
քյուրտյան բազմավէպ քիւրտեան հառիճոյ վանքին արձանագրութիւնները բազմավէա,,քյուրտյան,O,"O,O,O,O,O,O,O"
տողատման կամ շեղ գծով նշված են բնագրի տողերի սահմանները,,տողատման,O,"O,O,O,O,O,O,O,O,O"
կետերով նշված են եղծված կամ ջարդված գրերը՝ անկախ քանակից,,կետերով,O,"O,O,O,O,O,O,O,O,O"
փակագծով սշված են փորագրողի բաց թողած պատիվ նշանով կամ առանց դրա,,փակագծով,O,"O,O,O,O,O,O,O,O,O,O,O"
երերույքի տածար հարավային պատի արևելյան մուտքի բարավորից վեր կամարի տակ արտաքուստ տող,,երերույքի,O,"O,O,O,O,O,O,O,O,O,O,O,O"
հատ աշ սանուչարյան,,հատ,O,"O,O,O"
ծանոթ գրիչը չի շարունակել,,ծանոթ,O,"O,O,O,O"
երերույքի տածար հյուսիսային պատին ներքուստ բեմից հաշված երկրորդ հարթության վրա տող,,երերույքի,O,"O,O,O,O,O,O,O,O,O,O,O"
ոգ ելոի դաբա եղո,,ոգ,O,"O,O,O,O"
հրատ աշ մանուչարյան,,հրատ,O,"O,O,O,O,O,O"
ծանոթ վերջին նախադասությունն այլ գրչով է և անհասկանալի,,ծանոթ,O,"O,O,O,O,O,O,O,O"
ույն տեղում էջ,,ույն,O,"O,O,O,O,O,O"
թորամանյան նյութեր հայկական ճարտարապետության պատմության հ ա երևան էջ,,թորամանյան,O,"O,O,O,O,O,O,O,O,O"
դղիշան եիրակ ջ,,դղիշան,O,"O,O,O"
գ գաւառացն արարատայ աշխ ա տեր ստեփանյանի ս էջմիածին էջ,,գ,O,"O,O,O,O,O,O,O,O,O,O"
հենց այս պատկերի անունից էլ ընդհանրացվել է եկեղեցուն տրվող յոթ վերք անվանումը,,հենց,O,"O,O,O,O,O,O,O,O,O,O,O,O"
ա նեան եկեղեցի հյուսիսային դռան վերնամասում արտաքուստ ագուցված օնիքսե սալին տող,,ա,O,"O,O,O,O,O,O,O,O,O,O,O"
վիմագրից դատելով շինարարական աշխատանքներին օժանդակել է նաև տեղի հասարակությունը,,վիմագրից,O,"O,O,O,O,O,O,O,O,O"
նկատենք որ ղահրաման արդության երկայնաբազուկի հանգանակությամբ է հիմնվել նաև ալեքսանդրապոլի արդության օրիորդաց դպրոցը որը գործել է թթ,,նկատենք,O,"O,O,O,O,O,O,O,O,O,O,O,O,O,O,O,O,O"
նախորդ հրատարակիչը եկեղեցու շինարարությունը սկսելու թվականը կարդացել է,,նախորդ,O,"O,O,O,O,O,O,O,O"
եկեղեցու հարավային մուտքի վերնամասում ևս օնիքսե սալ է ագուցված որին տիրամայրը մանուկ հսուսը գրկին և վերջինիս չարչարանքները խորհրդանչող գործիքներով պատկերաքանդակն է,,եկեղեցու,O,"O,O,O,O,O,O,O,O,O,O,O,O,O,O,O,O,O,O,O,O,O"
քարի ստորին մասում փորագրված է,,քարի,O,"O,O,O,O,O"
գտնվումէնխուրյանի ձախափին անիպեմզագյուղի հարևանությամբ,,գտնվումէնխուրյանի,O,"O,O,O,O"
հայճարտարապետության լավագույն այս կոթողը շինված է դարում կամ ավելի վաղ,,հայճարտարապետության,O,"O,O,O,O,O,O,O,O,O,O"
եեռանավ բազիլիկ շենք է ծածկը և պունասրահները ավերված են ինչպես և ներսի երեք զույգ մույթերը,,եեռանավ,O,"O,O,O,O,O,O,O,O,O,O,O,O,O,O,O"
երջապատում կան ավերված կառույցների հիմնապատեր և լճի հետքեր,,երջապատում,O,"O,O,O,O,O,O,O,O"
ալ սանուչարյան թ վ ա ա մանուչարյան քննություն հայաստանի դարերի շինարարական վկայագրերի երևան,,ալ,O,"O,O,O,O,O,O,O,O,O,O,O,O,O"
թաստակը բերքից գանծձվող հարկի քառորդ չափն է որը վճարվել է ծեռնավորներին հ էջ,,թաստակը,O,"O,O,O,O,O,O,O,O,O,O,O,O,O"
ն մառը ներկայացրել էմիայն ռուսերեն թարգմանությունը,,ն,O,"O,O,O,O,O,O"
հրատարակիչները թվականը նշել են նչէ,,հրատարակիչները,O,"O,O,O,O,O"
երերույթի տածար բեմից հյուսիս մույթի վրա ներքուստ տող,,երերույթի,O,"O,O,O,O,O,O,O,O"
հապավված տառերիկամ տառակապակցությունների վերականգնումները չեն բացվում տերունական յոթ բառերը,,հապավված,O,"O,O,O,O,O,O,O,O,O"
փակագծով նշված են եղծված կամ ջարդված տառերի վերականգնումները,,փակագծով,O,"O,O,O,O,O,O,O,O"
ական թթ տարածաշրջանի առանձին հուշարձանների վիմագրերին հոդվածներ նվիրեցին հնագետ հովսեփ եղիազարյանը ալեքսանդր սանուչարյանը երվանդ տեր մինասյանը թ հնագետ վիմագրագետ հուսիկ սելքոնյանը,,ական,O,"O,O,O,O,O,O,O,O,O,O,O,O,O,O,O,O,O,O,O,O,O"
պատմականորեն կումայրի ապա յգյումրի մինչև թ ալեքսանդրապոլ լենիսական կումայրի և դարձյալ գյումրի վերանվանվածբնակավայրը հանրապետության երկրորդ խոշոր քաղաքն է գ եիրակի մարզկենտրոնը,,պատմականորեն,O,"O,O,O,O,O,O,O,O,O,O,O,O,O,O,O,O,O,O,O,O,O"
իբրև բնակավայր պատմական յգյումրին ունի հարուստ պատմամշակութային ժառանգություն քաղաքի տարածքում դեռևս խորհրդային տարիներին իրականացված հնագիտական ուսումնասիրությունները պարզել են որ մ թ ա ո հազարամյակներում այստեղ եղել է երկրագործական նշանավոր կենտրոն իսկ քաղաքի արևմտյան հատվածի հնավայրերը թվագրվում են ինչպես նեոլիթյան այնպես էլ վանի թագավորության ժամանակաշրջանով,,իբրև,O,"O,O,O,O,O,O,O,O,O,O,O,O,O,O,O,O,O,O,O,O,O,O,O,O,O,O,O,O,O,O,O,O,O,O,O,O,O,O,O,O,O,O,O,O"
սեպագրերում բնակավայրը հիշվում է էրիախի կամ էրիաինի երկիր անվանաձևերով,,սեպագրերում,O,"O,O,O,O,O,O,O,O,O"
ական թթ քաղաքի պատմական հնավայրի կենտրոնում հայտնաբերվել են վաղմիջնադարյան եկեղեցու մնացորդները,,ական,O,"O,O,O,O,O,O,O,O,O,O,O"
ս աստվածածին յոթ վերք եկեղեցու հարավարևելյան կողմում եիրակի թեմի առաջնորդ տ միքայել եպս աջապահյանի նախաձեռնությամբ վերջերս հուշակոթող է կանգնեցվել ի հիշատակ ողջ նահատակների,,ս,O,"O,O,O,O,O,O,O,O,O,O,O,O,O,O,O,O,O,O,O,O,O,O,O"
հուշարձանի հորինվածքում ճարտարապետն ցգտագործել է ծագումով գանձասարից մի փոքրաչափ խաչքար հարազատ դդ որի ստորին մասում առկա է նաև եղծվածու անընթեռնելի եռատող արձանագրություն,,հուշարձանի,O,"O,O,O,O,O,O,O,O,O,O,O,O,O,O,O,O,O,O,O,O,O,O"
ս աստվածածին եկեղեցու խորաններից մեկում ներկայումս աջակողմյան ավանդասենյակում,,ս,O,"O,O,O,O,O,O,O,O"
ակո յո ե կոբվ ճէ է ր ին ն,,ակո,O,"O,O,O,O,O,O,O,O,O"
ծանոթ վերջին երկու տողերը խիստ քայքայված են,,ծանոթ,O,"O,O,O,O,O,O,O"
յակոբ հանա էկիփ վռգուդդաիիի որ ե ի քաղաքուղաշտէր,,յակոբ,O,"O,O,O,O,O,O,O,O"
նորոյգե նուեկֆր գրատ րատ է մ ին եւա խավ ի աշ սանուչարյան,,նորոյգե,O,"O,O,O,O,O,O,O,O,O,O,O,O"
այն որ մեր կողմից թվական համարվող ն գրից առաջ կամ հետո թվ թվական բառը գրված չէև այն չի առնված կետերի մեջ կամ վրան պատիվ նշան հորիզոնական գիծ դրված չէ բացատրվում է արձանագրության և լեզվի և գրչության ցածը որակով,,այն,O,"O,O,O,O,O,O,O,O,O,O,O,O,O,O,O,O,O,O,O,O,O,O,O,O,O,O,O,O,O,O,O,O,O,O,O,O,O,O"
աշ սանուչարյանի հրատարակության ոչ գրչագրում ոչ վերծանության մեջ չկա անդրադարձ սկզբի ն թվական տառին,,աշ,O,"O,O,O,O,O,O,O,O,O,O,O,O,O,O"
երերույթի տաշար հարավային պատի արևելյան մուտքի և որմնամույթի արանքում արտա ուս այիթվականէ ատէէսբարէպղտթեագդիի դուստրլբասաս մբաղ շասղաի կիսսէլաղո ոյմ որաջատէծէհէրէվեծ թաստ վայորդ է դիսնմբատիատան,,երերույթի,O,"O,O,O,O,O,O,O,O,O,O,O,O,O,O,O,O,O,O,O,O,O,O,O"
գա րիր ուլ ատոր,,գա,O,"O,O,O,O"
հրատ նահխաթունյանց ալիշան եիրակ աշ սանուչարյան,,հրատ,O,"O,O,O,O,O,O"
նիրակի արձանագրությունների նկատի ունենք արևելյան նկատմամբ հետաքրքրությունը ինչպես այլ տարածաշրջաններում սկզբնավորվել է դարի ական թթ հայ մեծանուն ու բազմաշխատ տեղագիրներ սարգիս ջալալյանցի հովհաննես նահխաթունյանցի մի փոքր ուշ՝ աբել մխիթարյանցի մելքիսեդեկ գևորգյանցի ականներին ղեոնդ ալիշանի շնորհիվ,,նիրակի,O,"O,O,O,O,O,O,O,O,O,O,O,O,O,O,O,O,O,O,O,O,O,O,O,O,O,O,O,O,O,O,O,O,O,O,O"
գյուղում պահպանվել են մ թա ո հազարամյակների ամրոցների բնակատեղիների մնացորդներն ու դամբարանադաշտերը,,գյուղում,O,"O,O,O,O,O,O,O,O,O,O,O,O"
մարզի տարածքը բնակեցված է եղել անհիշելի ժամանակներից,,մարզի,O,"O,O,O,O,O,O,O"
ծանոթ առաջին տողից մնացել են սկզբի և վերջի մասերը միայն մեջտեղում նորոգումների ժամանակ դրվել են նոր և անգիր քարեր հին քարերի չափերից դատելով նախապես այդ տեղում հատ կարող էին տեղավորվել,,ծանոթ,O,"O,O,O,O,O,O,O,O,O,O,O,O,O,O,O,O,O,O,O,O,O,O,O,O,O,O,O,O,O,O"
տողերի վերջին մասերից ևս մեկ քար փոխված է դրանցից առաջինում մեկ բառ պիտի լիներ հավանաբար փրկարար կամ փառաւոր,,տողերի,O,"O,O,O,O,O,O,O,O,O,O,O,O,O,O,O,O,O,O"
յոթերորդը հեշտությամբ լրացվում է խոստովանողք ութերորդում ծնողն բառից հետո պիտի լիներ սողոմոնի հոգևոր կամ արյան հոր անունը,,յոթերորդը,O,"O,O,O,O,O,O,O,O,O,O,O,O,O,O,O,O,O"
ալ սանուչարյանը ենթադրում է հոգևոր հայր սարգիսը,,ալ,O,"O,O,O,O,O,O,O"
իններորդտողում պակասող մասն ավելի մեծէ,,իններորդտողում,O,"O,O,O,O,O"
ալ մանուչարյանի հավելումը ձսուրբ ուխտս գրիգորի հավանական չենք համարում,,ալ,O,"O,O,O,O,O,O,O,O,O"
տասնմեկերորդ տողի ամէն բառից հետո կա ևս մեկ բառ որը լուսանկարի վրա չի երևում մեր օրագրի մեջ նշանակել ենք նինեցնի,,տասնմեկերորդ,O,"O,O,O,O,O,O,O,O,O,O,O,O,O,O,O,O,O,O,O,O"
արձանագրության վերջին երկու տողերը փաստորեն առանձին ևանկախեն այն սկսվելէխաչանշանով և ավելի ներսից և ճարտարապետ սամձեհանի հիշատակագրությունն է,,արձանագրության,O,"O,O,O,O,O,O,O,O,O,O,O,O,O,O,O,O,O"
արձանագրությունը գրվելուց առաջ նրա կենտրոնի մի քարի վրա փորագրված է եղել արևի ժամացույց որը շրջանցելով գրվել է արձանագրությունը,,արձանագրությունը,O,"O,O,O,O,O,O,O,O,O,O,O,O,O,O,O,O,O,O"
արձանագրության աջ կողմի ներքևում քանդակված է երախը բաց առյուծ,,արձանագրության,O,"O,O,O,O,O,O,O,O,O"
այս արձանագրությունը միակն է ուր կառուցող վարպետն իրեն ճարտարապետէ կոչում,,այս,O,"O,O,O,O,O,O,O,O,O,O"
հուշարձանը հիմնադրել է հոռոմոսի վանահայր սարգիսը և մեկ տարի հետո այն չավարտած մահացել է թվի մոտ շինարարությունն ավարտել է նրան հաջորդած սողոմոնը թվին ասել է շինարարությունը տևել է տարի,,հուշարձանը,O,"O,O,O,O,O,O,O,O,O,O,O,O,O,O,O,O,O,O,O,O,O,O,O,O,O,O,O,O,O"
հին հրատարակությունները շատ թերի են խոսքը թերևս վերաբերում է առաջին երկուսին,,հին,O,"O,O,O,O,O,O,O,O,O,O,O"
առաջին տողում շեղատառով վերականգնումը ալ մանուչարյանինն է ինչի հետ համածայն է ս բարխուդարյանը,,առաջին,O,"O,O,O,O,O,O,O,O,O,O,O,O,O"
իններորդ տողում սիրհնեցի բառում տառից հետո փորագրված է ը կամ իը ստորին մասը եղծված,,իններորդ,O,"O,O,O,O,O,O,O,O,O,O,O,O,O,O"
հուշարձանին տեղացիք անվանում են դրըխու վանք որն անշուշտ թուրքերեն էև նշանակումէ կոտրած կամ ավերակ վանք,,հուշարձանին,O,"O,O,O,O,O,O,O,O,O,O,O,O,O,O,O"
վահրամը շինողն է նաև սարմաշենի վանքի՝ թթ զեղջել է նաև սաստարա գյուղի հարկը,,վահրամը,O,"O,O,O,O,O,O,O,O,O,O,O,O,O"
նրա մոր անունը նուշիկ է եղել,,նրա,O,"O,O,O,O,O,O"
հիշատակված վահրամը ծնվել է և մահացել թվին,,հիշատակված,O,"O,O,O,O,O,O,O"
հրատ աշ սանուչարյան,,հրատ,O,"O,O,O"
ծանոթ սեզ առաջին անգամ է հանդիպում լուսավորչի անվան այսօրինակ արտահայտչածևը,,ծանոթ,O,"O,O,O,O,O,O,O,O,O,O"
աշ մանուչարյանը վերջին բառը կարդացել է լուսայի,,աշ,O,"O,O,O,O,O,O,O"
աշ մանուչարյանը նշյալ հոդվածում ներկայացնում էնաև երկու կարճ վկայագիր հարավային ճակատի վերևում կենտրոնում գեղագիր երկու տառ բջ որնըստ նրա կարողէր վերականգնող ճարտարապետի անվան տառերը լինել հարավային պատի աբսիդին նույնը նաև արևելյան պատին քես սիմբատ,,աշ,O,"O,O,O,O,O,O,O,O,O,O,O,O,O,O,O,O,O,O,O,O,O,O,O,O,O,O,O,O,O,O,O,O,O,O"
երերույքի տածար հյուսիսային պատին ներքուստ սյան վրա ելնդագիր տող,,երերույքի,O,"O,O,O,O,O,O,O,O,O"
ալ մանուչարյանն այդ բացը լրացնում է եւ հոգեւոր տն խաչկա որը կարելի է ընդունելի համարել,,ալ,O,"O,O,O,O,O,O,O,O,O,O,O,O,O,O,O"
գէորգեանց ալ մանուչարյան հեվ,,գէորգեանց,O,"O,O,O,O"
սեր օրերում այդբնագավառում աչքի ընկավ վիճագրագետ աշոտ մանուչարյանը,,սեր,O,"O,O,O,O,O,O,O,O"
ը հրատ ձալականց ա ալիշան շիրակ,,ը,O,"O,O,O,O,O,O"
մակարավանք արևի ժամացույց եկեղեցու հարավային որմին,,մակարավանք,O,"O,O,O,O,O,O"
երրորդտողիսկզբում դատելով շարադրանքից հակվածենք կարդալու,,երրորդտողիսկզբում,O,"O,O,O,O,O"
զորավորաց եկեղեցի հյուսիսային պատին արտաքուստ պատուհանի երկու կողմում մասամբ եղծված տող,,զորավորաց,O,"O,O,O,O,O,O,O,O,O,O,O"
խաչթարի պատվանդան զորավորաց եկեղեցուց արևմուտք տող,,խաչթարի,O,"O,O,O,O,O,O"
ի մեծաց կաս ի փոքունց յժը իցն նզովենլ եղիցի,,ի,O,"O,O,O,O,O,O,O,O,O"
ատ գէորգեանց պակասավոր ալ մանուչարյան տեղեկագիր,,ատ,O,"O,O,O,O,O,O"
ծանոթ եղել է որմնափակ խաչքար որից այժմ մնացել են միայն պատվանդանը և խաչքարի մի փոքր մասը,,ծանոթ,O,"O,O,O,O,O,O,O,O,O,O,O,O,O,O,O,O"
պատվանդանի չափերն են մ իսկ խաչքարի լայնությունը,,պատվանդանի,O,"O,O,O,O,O,O,O"
հուշարձանի արձանագրված երեսի աջ անկյունը ջարդվածէ որի հետևանքով վնասվել են երեք տողերի մասեր դրանցից առաջին և երկրորդ տողերում ընդունելի լրացումները կատարել էալ մանուչարյանը երրորդ տողի ինչպես և մյուս լրացումները մերն են,,հուշարձանի,O,"O,O,O,O,O,O,O,O,O,O,O,O,O,O,O,O,O,O,O,O,O,O,O,O,O,O,O,O,O,O,O"
դժվար է հատկապես անծանոթ տեղանունների հարցը չորրորդ տողի առաջին բառն ըստ բովանդակության պետք է լինի գյուղի անուն բաղկացած չորս տառից պահպանվել է միայն երեք տառ աթք և սկզբից կոտրված է մեկ տառ,,դժվար,O,"O,O,O,O,O,O,O,O,O,O,O,O,O,O,O,O,O,O,O,O,O,O,O,O,O,O,O,O,O,O,O,O"
որոնելով եիրակում համապատասխան տեղանուն ղ ալիշանի նիրակ աշխատության էջում գտանք քաթ անունով գյուղատեղ,,որոնելով,O,"O,O,O,O,O,O,O,O,O,O,O,O,O"
այն թեև բավական հեռու է մեր հուշարձանի վայրից բայց էական է որ նման տեղանուն գոյություն ունեցել է չենք պնդում որ հենց վերը հիշվածն է նվիրել ապլղարիպը,,այն,O,"O,O,O,O,O,O,O,O,O,O,O,O,O,O,O,O,O,O,O,O,O,O,O,O,O,O"
նման անունով այլ գյուղ կարող էր նաև ավելի մոտակայքում լինել,,նման,O,"O,O,O,O,O,O,O,O,O,O"
ասենք նաև որ ինչպիսի լրացումներ կլ որ անելու լինեն դրանք որոշ չափով միշտ ենթադրական կմնան բայց ներկա դեպքում արվածները թվում են միակ հնարավորը,,ասենք,O,"O,O,O,O,O,O,O,O,O,O,O,O,O,O,O,O,O,O,O,O,O,O,O"
ծանոթ վերջին տողը չշարունակված,,ծանոթ,O,"O,O,O,O"
երկրորդ տողում ակ բառից հետո հաջողվեց վերծանել գեղիս այսինքն իրենց գյուղը հարկից ազատելու մասին էխոսքը,,երկրորդ,O,"O,O,O,O,O,O,O,O,O,O,O,O,O,O,O"
մենք կարևորում ենք երկարկենդանութիլինյ պատրոնաց մերոց բառակապակցությունը որը հաճախ է վկայված իվանեի և զաքարեի համատեղ իշխանապետության ժամանակահատվածի համար ըստ այդմ առավել հակված ենք դ ական թվականների նկատառմանը,,մենք,O,"O,O,O,O,O,O,O,O,O,O,O,O,O,O,O,O,O,O,O,O,O,O,O,O,O,O,O"
հարկեր որոնցից չորրորդ տողում ամբողջական և անկասկած մնացել են հարսնէհակ և շարիաթ բառերը,,հարկեր,O,"O,O,O,O,O,O,O,O,O,O,O,O,O"
այս գյուղի անունը գրականության մեջ հիշատակվածէ նաև ղոշավանք ղըզըլքիլիսա ձևերով,,այս,O,"O,O,O,O,O,O,O,O,O,O"
գյուղը վերջին տասնամյակներում տեղափոխվել էքիչ վերև իսկ հնում եղել է ձորամիջի տափարակի վրա՝ ախուրյանի ափին ավելի մոտ ուր մնում են տների բազմաթիվ ավերակներ որոնց մեջ նաև գրեթե ամբողջ մնացած կարմիր վանք կոչվող եկեղեցին որի անունով հնում կոչվում էր նաև գյուղը,,գյուղը,O,"O,O,O,O,O,O,O,O,O,O,O,O,O,O,O,O,O,O,O,O,O,O,O,O,O,O,O,O,O,O,O,O,O,O,O,O,O,O,O,O"
եկեղեցին կենտրոնագմբեթ շենք է և կանգուն որից պրակում տեղ է գտել արձանագրություն,,եկեղեցին,O,"O,O,O,O,O,O,O,O,O,O,O,O"
կարմիր վանք եկեղեցի հարավային պատին արտաքուստ տող,,կարմիր,O,"O,O,O,O,O,O,O"
արձանագրության կենտրոնում կլոր սկավառակին արևի ժամացույցի շառավիղների մեջ թվեր ցույց տվող տառերն են,,արձանագրության,O,"O,O,O,O,O,O,O,O,O,O,O,O,O"
ծանոթ աշ մանուչարյանը ծանոթագրում է այս գծագիրը կամ նշանակում է լույս կամ լուսավորիչ կամ էլ տաճարը կառուցող թերևս նորոգող խմբ ճարտարապետի անվան տառերն են,,ծանոթ,O,"O,O,O,O,O,O,O,O,O,O,O,O,O,O,O,O,O,O,O,O,O,O,O,O"
կարծում ենք որ տառերի վերևի ելնդապատկերը կարող է լինել պատիվ նշան,,կարծում,O,"O,O,O,O,O,O,O,O,O,O,O"
նախկինում մուսլուխլի մուսլուղլու և նման այլ անուններով հայտնի ներկայիս լանջիկ գյուղը գտնվում է սարալիկի տարածաշրջանում մարզկենտրոնից կմ հեռավորության վրա,,նախկինում,O,"O,O,O,O,O,O,O,O,O,O,O,O,O,O,O,O,O,O,O"
նկատառելով տապանաքարի և տառածձևերի հորինվածքը՝ թվականը ենթադրաբար կարելի է վերականգնել ոխ ո,,նկատառելով,O,"O,O,O,O,O,O,O,O,O,O,O,O"
արչանագիր քար ագուցված գյուղամիջյան հին կամրջի ձախակողմյան պատին տող,,արչանագիր,O,"O,O,O,O,O,O,O,O,O"
գյուղամիջում կա հին հիմնապատերի վրա վերջին դարերում վերակառուցված մի եկեղեցի ս աստվածածին անունով եկեղեցու հարավային պատի մեջ արտաքուստ նորոգումների ժամանակ օգտագործվել են երեսպատման երկու արձանագրված քար դրանք դրված են իրար կից և ըստ երնույթին բերվել են տվյալ գյուղի և ձիթհանքովի արանքում բաց դաշտի մեջ գտնվող ղրըխու կոչվող ավերակ վանքից,,գյուղամիջում,O,"O,O,O,O,O,O,O,O,O,O,O,O,O,O,O,O,O,O,O,O,O,O,O,O,O,O,O,O,O,O,O,O,O,O,O,O,O,O,O,O,O,O,O,O,O,O,O,O,O"
ինչպես գրերի մեծությունները այնպես էլ բովանդակությունը մատնացույց էանում որ դրանք երկու տարբեր արձանագրությունների մասեր են առաջին քարի գիրը պակասավորէբոլոր չորս կողմերից իսկ երկրորդի վրա առկա է առաջին տողի մի մասը,,ինչպես,O,"O,O,O,O,O,O,O,O,O,O,O,O,O,O,O,O,O,O,O,O,O,O,O,O,O,O,O,O,O,O"
եկեղեցու հարավային խաչաթնի արևմտահայաց որմին արտաքուստ տող,,եկեղեցու,O,"O,O,O,O,O,O,O"
ծանոթ հասկացվում է որ ինչ որ մեկը թողել է գյուղի շարիատ կոչվող հարկն իր մոր հիշատակին,,ծանոթ,O,"O,O,O,O,O,O,O,O,O,O,O,O,O,O,O,O"
աթաբակ իվանեն գործել է դ վերջին և դ առաջին երկու տասնամյակներում,,աթաբակ,O,"O,O,O,O,O,O,O,O,O,O,O"
արձանագրության ժամանակը հետևաբար դ սկզբներնէ,,արձանագրության,O,"O,O,O,O,O"
վերջին տողի գրերը կիսով չափ են և անկապակից,,վերջին,O,"O,O,O,O,O,O,O,O"
գյուղը գտնվում է գյումրի արմավիր մայրուղուց մոտ մ հարավ քարքարոտ ու սևահողային լանդշաֆտով սարահարթին ծովի մակերևույթից մ բարձրության վրա,,գյուղը,O,"O,O,O,O,O,O,O,O,O,O,O,O,O,O,O,O,O,O,O"
բնակավայրի կենտրոնում ս աստվածածին կիսավեր եկեղեցին է խաչաձև հատակագծով կենտրոնագմբեթ հորինվածքով բնորոշ դարին,,բնակավայրի,O,"O,O,O,O,O,O,O,O,O,O,O,O,O"
ի տարբերություն արևելյան կիսակլոր աբսիդի մյուս երեքը ուղղանկյունածև են,,ի,O,"O,O,O,O,O,O,O,O,O"
ս աստվածային եկեղեցի հյուսիսային պատին խաչաթևին արտաքուստ տող,,ս,O,"O,O,O,O,O,O,O,O"
ծանոթ արձանագրությունը միջնադարյան մի կարևոր հարկատեսակի՝ հարսնէհակ կամ հարսանէհակ եզակի վկայության առիթով արժանացել էս բարխուդարյանի և ս ավագյանի ուշադրությանը,,ծանոթ,O,"O,O,O,O,O,O,O,O,O,O,O,O,O,O,O,O,O,O,O"
սպասալարների օրոք երաշտի հետևանքով խանձծվում են դաշտերը և դրա հետևանքով զեղչվում են միշարք,,սպասալարների,O,"O,O,O,O,O,O,O,O,O,O,O,O,O"
ս գբարխուդարյան սոցիալ տնտեսական բովանդակության արձանագրություններ և դիտողություններ էջեր հայ գիկոր պատմության և բանասիրության հոդվածների ժողովածու երևան էջ ս ա ավագյան աբ էջ,,ս,O,"O,O,O,O,O,O,O,O,O,O,O,O,O,O,O,O,O,O,O,O,O,O,O"
արձանագիր քար եկեղեցու ներսում տեղ տեղ եղծված տող,,արձանագիր,O,"O,O,O,O,O,O,O,O"
ս կարապետ եկեղեցի արևելյան որմին արտաքուստ լուսամուտից աջ տող,,ս,O,"O,O,O,O,O,O,O,O,O"
ս կարապետ եկեղեցի արևելյան որմին արտաքուստ տեղ տեղ եղծված տող,,ս,O,"O,O,O,O,O,O,O,O,O,O"
ս կարապետեկեղեցի արևելյան որմին արտաքուստ նախորդին կից քարին հողմահարված և անկապակից տող,,ս,O,"O,O,O,O,O,O,O,O,O,O,O,O"
դատելով տառածևերից հարազատէ դդ,,դատելով,O,"O,O,O,O"
կարմիրվանքեկեղեցի արևձտյան պատիհյուսիսային անկյունում նորոգումների ժամանակ հարմարեցված բեկորներ արձանագրության մնացորդներով տող,,կարմիրվանքեկեղեցի,O,"O,O,O,O,O,O,O,O,O,O,O"
ծանոթ երկու բեկորների վրա մնում են երկրորդ տողի վերին գծերը,,ծանոթ,O,"O,O,O,O,O,O,O,O,O,O"
ծանոթ թվականի հատվածը եղծված է սակայն այս ից առաջ ուրվագծվում էխ տառի աջ կիսակլորը,,ծանոթ,O,"O,O,O,O,O,O,O,O,O,O,O,O,O,O"
ս յիելայտլակյ եւ յիս տ,,ս,O,"O,O,O,O,O"
տապանաքար երկլանջ եկեղեցու հյուսիսարևելյան կողմում տող թ վ տսայմհ անգիստ թ վին հայոյյ ոխ ս հանգիստ,,տապանաքար,O,"O,O,O,O,O,O,O,O,O,O,O,O,O,O,O,O"
գյուղից կմ դեպի արևմուտք բաց դաշտի մեջ գտնվում են մեծ և սրբատաշ քարերով կառուցված եկեղեցու ավերակներ,,գյուղից,O,"O,O,O,O,O,O,O,O,O,O,O,O,O,O,O,O"
վաղ հնագիտական հուշարձաններից հատկանշելի են մ թ ա ո հազարամյակների ամրոցների բնակատեղիների դամբարանադաշտերի մնացորդները,,վաղ,O,"O,O,O,O,O,O,O,O,O,O,O,O,O,O"
սիջնադարյան հուշարծաններից են գյուղից մ հարավ գտնվող փարաքար գյուղատեղն ու տարբեր դարերին հարազատ գերեզմանոցները,,սիջնադարյան,O,"O,O,O,O,O,O,O,O,O,O,O,O,O,O"
վերջին տողում յավիտեան բառում երկրորդ ա ի փոխարեն գրիչը փորագրել է ս,,վերջին,O,"O,O,O,O,O,O,O,O,O,O,O,O"
կյուղի մեջ է թ կառուցված ս աստվածածին բազիլիկ եկեղեցին,,կյուղի,O,"O,O,O,O,O,O,O,O,O"
նորակառույց զարիաթ սրբատեղում կամիխոյատապան որի դիմացնաև հարթտապանաքար երկուսն էլ արձանագիր են սակայն անկապակից,,նորակառույց,O,"O,O,O,O,O,O,O,O,O,O,O,O,O"
խոյատապան սրբատեղի մեջ գիրը՝ հակառակ դիրքով միատող,,խոյատապան,O,"O,O,O,O,O,O,O"
ծանոթ տապանաքարի ձևն ու տառերի հնագրությունն առավել հարազատ են ոդդ,,ծանոթ,O,"O,O,O,O,O,O,O,O,O,O"
տապանաքար հարթ ուղղանկյունաձև տող,,տապանաքար,O,"O,O,O,O"
ծանոթ արձանագրությունն անվարժ գրչի ձեռքով էգրված բացի այդքարի մակերեսը խիստ մաշվել ու մասամբ ջարդվել է ինչի հետևանքով գիրն անընթեռնելի է դարձել,,ծանոթ,O,"O,O,O,O,O,O,O,O,O,O,O,O,O,O,O,O,O,O,O,O,O"
թերևս ժամանակակից է նախորդին,,թերևս,O,"O,O,O,O"
սուտքի առաջ թափված քարերից միջանցք են ստեղծել որի քարերից մեկն արձանագիր է,,սուտքի,O,"O,O,O,O,O,O,O,O,O,O,O,O"
ս կարապետ եկեղեցի հարավային ավանդատան բարավորին ներքուստ,,ս,O,"O,O,O,O,O,O,O"
այն իր վրա է կրում բավականին ծավալուն արձանագրության միջին մասը,,այն,O,"O,O,O,O,O,O,O,O,O,O"
դատելով մնացածից այն պետք է առնվազն երեք քարի վրա լիներև տողից,,դատելով,O,"O,O,O,O,O,O,O,O,O,O,O"
ծանոթ պարզ հասկացվումէմիայն եկեղեցու մոտ ջուր բերելու հանգամանքը,,ծանոթ,O,"O,O,O,O,O,O,O,O"
այստեղ է գտնվում նաև դ կենաց խաչ մատուռը որի շուրջ պահպանվել են նաև գյուղատեղիի ավերակներ ու գերեզմաններ,,այստեղ,O,"O,O,O,O,O,O,O,O,O,O,O,O,O,O,O,O,O"
երերույքի տայար հարավային պատին քերծագրով տող,,երերույքի,O,"O,O,O,O,O,O"
վերջում իրոք գրված է եինեցաք ինչը կարծես չի մերվում բովանդակությանը,,վերջում,O,"O,O,O,O,O,O,O,O,O,O"
ցանոթ ս քարխուդարյանը մելիքսեթի հոր անունը կարդացել է դուլ ազըզ իսկ ուխտիս ը ուխտս,,ցանոթ,O,"O,O,O,O,O,O,O,O,O,O,O,O,O,O"
հրատ սխիթարյանց տեղագրութիւն պակասավոր գէորգեանց պակասավոր,,հրատ,O,"O,O,O,O,O,O"
ս կարապետ եկեղեցի հարավային ավանդատան ներսում լուսամուտից ձախ տող,,ս,O,"O,O,O,O,O,O,O,O,O"
ս կարապետ եկեղեցի հարավային ավանդատան ներսում նախորդի դիմաց տող,,ս,O,"O,O,O,O,O,O,O,O,O"
թորամանյան նյութեր հայկական ճարտարապետության պատմության հ բ է,,թորամանյան,O,"O,O,O,O,O,O,O,O"
ցավոք այս կարևոր վանքի առաջնորդ հայր վարդանի կողմից եկեղեցու կառուցման կամ նորոգման փաստը վկայող արձանագրությունը չի պահպանվել,,ցավոք,O,"O,O,O,O,O,O,O,O,O,O,O,O,O,O,O,O,O"
ծանոթ այս արձանագրությունը տեղում չենք տեսել կամ քանդվածէ կամ վրիպել է մեր աչքից,,ծանոթ,O,"O,O,O,O,O,O,O,O,O,O,O,O,O"
մեր այցի ժամանակ մենք այն չտեսանք քանի որ վերակառուցման ժամանակ քարը հավանաբար կորստյան էմատնվել,,մեր,O,"O,O,O,O,O,O,O,O,O,O,O,O,O,O"
ալ մանուչարյան լրաբեր թ,,ալ,O,"O,O,O,O"
ալ սանուչարյան քհեվ,,ալ,O,"O,O,O"
ծանոթ վիմագիրը զետեղված է եղել չորս քարի վրա,,ծանոթ,O,"O,O,O,O,O,O,O,O"
ս բարխուդարյանը ընկած կորած է համարում,,ս,O,"O,O,O,O,O,O"
քարերից միայն մեկը որի հետևանքով առաջին տողերի վերջնամասերը պակասում են,,քարերից,O,"O,O,O,O,O,O,O,O,O,O"
տեղում է միայն քարերից մեկը երկրորդն ընկած է եկեղեցու մեջ իսկ մյուս երկուսը կորած են,,տեղում,O,"O,O,O,O,O,O,O,O,O,O,O,O,O,O,O"
սկզբնամասը լրացնում ենք ըստս բարխուդարյանի ընդօրինակման,,սկզբնամասը,O,"O,O,O,O,O,O"
վիմագրի թվականի հատվածը տեղում չի գտել նաև թ թորամանյանը քանի որ հուշարձանը նա այսպես է նկարագրում գյուղի հարավ արևմտյան կողմն է բարձր տեղում մակարավանք անվանված րդդարում շինված գեղեցիկ եկեղեցին վրան արձանագրություններովև փլածմի գավթով,,վիմագրի,O,"O,O,O,O,O,O,O,O,O,O,O,O,O,O,O,O,O,O,O,O,O,O,O,O,O,O,O,O,O,O,O,O,O"
շինության արձանագրությունը կա բայց թվականի մասը կորած է,,շինության,O,"O,O,O,O,O,O,O,O"
արձանագրությանը երկիցս անդրադարձել է նաև վիմագրագետ ալ մանուչարյանը,,արձանագրությանը,O,"O,O,O,O,O,O,O,O"
նա թվականը կարդում է թ բայց մի դեպքում իբրև իննծ մյուս դեպքում ի նժ,,նա,O,"O,O,O,O,O,O,O,O,O,O,O,O,O,O"
սենք նպատակահարմար գտանք ներկայացնել նաև պահպանված երկու հատվածների գրչագրերը,,սենք,O,"O,O,O,O,O,O,O,O,O"
հնում ըստ երևույթին եկեղեցու մոտ եղել է փոքր գյուղ որից մնացել են տնատեղերի և բակերի մնացորդներ,,հնում,O,"O,O,O,O,O,O,O,O,O,O,O,O,O,O,O,O"
մակարավանք արևմտյան մուտքի բարավորին տող,,մակարավանք,O,"O,O,O,O,O"
գրականության մեջ համարվել է դդ շենք որը թ արդեն կանգուն էր,,գրականության,O,"O,O,O,O,O,O,O,O,O,O,O"
տևական ժամանակ եկեղեցու անունը անհայտ է մնացել,,տևական,O,"O,O,O,O,O,O,O"
ա բարխուդարյան նշվ աշխ էջ,,ա,O,"O,O,O,O,O"
համայնքը հիմնադրվել է ական թթ մի մասն էլ թթ մուշից և ալաշկերտից եկած գաղթականների կողմից,,համայնքը,O,"O,O,O,O,O,O,O,O,O,O,O,O,O,O,O"
գտնվում է արթիկ քաղաքից կմ հարավ բարձրադիր գոտում,,գտնվում,O,"O,O,O,O,O,O,O,O"
վանքի անունը այլանարար հնում նրա մոտ գտնվող գյուղի անունից է առաջացել իսկ մկեղ ցին կոչվում է ս ստեփանոս,,վանքի,O,"O,O,O,O,O,O,O,O,O,O,O,O,O,O,O,O,O,O"
հատկանշելիէ գյուղամիջյան ս հովհաննու կարապետ միանավ բազիլիկ եկեղեցին վերակառուցված թ,,հատկանշելիէ,O,"O,O,O,O,O,O,O,O,O,O"
եկեղեցուշուրջ դրված են միջնադարյան բեկորային ու ամբողջական խաչքարեր քանդակազարդքարեր,,եկեղեցուշուրջ,O,"O,O,O,O,O,O,O,O,O"
նորաշեն մուտուռի մեջ են գտնվում զույգ խաչ անունով հայտնի դդ խաչքարերը,,նորաշեն,O,"O,O,O,O,O,O,O,O,O,O,O"
ալիշան նիրակ գէորգեանց պակասավոր,,ալիշան,O,"O,O,O,O"
ատ մխիթարյանց տեղագրութիւն պակասավոր,,ատ,O,"O,O,O,O"
մակարավանք հարավարևելյան ավանդատան մուտքի վերնամասում տող,,մակարավանք,O,"O,O,O,O,O,O"
կ ասաան գիտարշավի ժամանակ ճարտարապետ արմեն ղազարյանը լուսանկարել է տեղի մի շարք վիմագրեր ու պատրաստել դրանց գրչանկարները,,կ,O,"O,O,O,O,O,O,O,O,O,O,O,O,O,O,O,O,O"
հատկապես սրենի վաղմիջնադարյան հոյակերտ տաճարի վիմագրերին նրանք բազմիցս են անդրադարձել առա արևմտյան նիրակի վիմագրերից շատերը տեղ են գտել հիմնականում հետևյալ աշխատություններում հ ներսէս սարգիսեան տեղագրութիւնք ի փոքր եւ ի մեծ հայս վենետիկ էջ մխիթարյան միաբանը հոռոմոսի վանքից ներկայացնում է շուրջ արձ նիրակավանից արձ բագնայրից արձ արջոառիճից արձ սրենից արձ բագարանից արձ տեկորից արձ խծկոնքից արձ և այլն,,հատկապես,O,"O,O,O,O,O,O,O,O,O,O,O,O,O,O,O,O,O,O,O,O,O,O,O,O,O,O,O,O,O,O,O,O,O,O,O,O,O,O,O,O,O,O,O,O,O,O,O,O,O,O,O,O,O,O,O,O,O"
աշխարհբեկ քալանթար երջան տեկորի արշավախմբի արջո առիճ ալաման խծկոնք տեկոր ծանի ագարակ բագարան նախճավան մրեն հայաստան քարե դարից միջնադար երկերի ժողովածու երևան էջ գրչանկարներով և վերծանությամբ տրված վիմագրերի քանակական պատկերը հետեյալն է արջո առիճ արձ տեկոր՝ արձ ագարակ արձ ծանի՝ արձ նախճավան արձ բագարան արձ սրեն արձ,,աշխարհբեկ,O,"O,O,O,O,O,O,O,O,O,O,O,O,O,O,O,O,O,O,O,O,O,O,O,O,O,O,O,O,O,O,O,O,O,O,O,O,O,O,O,O,O,O,O,O,O,O,O"
հ ղռնդկիշան շիրակ տեղագրութիւն պատկերացոյց վենետիկ մեծանուն հայագետը արևմտյան նիրակից բազմաթիվ արձանագրություններ է վկայակոչում մասնավորապես նիրակավանից արձ հոռոմոսից շուրջ արձ բագնայրից արձ արջոառիճից արձ խծկոնքից արձ տեկորից արձ սրենից արձ ևայլն,,հ,O,"O,O,O,O,O,O,O,O,O,O,O,O,O,O,O,O,O,O,O,O,O,O,O,O,O,O,O,O,O,O,O"
ո ռ արևմտյան եիրակից՝ ժողովածուում ընդգրկված վիմագրերի քանակական պատկերը հետկալն է հոռոմոս արձ շիրակավան արձ բագնայր արձ արջոառիճ արձ բագարան արձ խծկոնք արձ ևայլն,,ո,O,"O,O,O,O,O,O,O,O,O,O,O,O,O,O,O,O,O,O,O,O,O,O,O,O"
հայագիտական հետազոտություններ պրակա երևան է,,հայագիտական,O,"O,O,O,O,O"
ցավոք այսհրատարակությունները չենհամապատասխանում վիմագրերի գիտական հրապարակման դիվանյան սկզբունքներին ըստ այդմ նպատակահարմար չգտանք դրանք ներառել սույն հատորում,,ցավոք,O,"O,O,O,O,O,O,O,O,O,O,O,O,O,O,O,O"
ջին հրատարակիչը մխիթարյան միաբան հ ներսես սարգիսյանն է,,ջին,O,"O,O,O,O,O,O,O,O"
հետագայում որոշ փատռո արել նիկողայոս մառը իսկ հովսեփ օրբելին հնարավորինս ամբողջացրել ու հատուկ քն ի ան առել դրանք արձ,,հետագայում,O,"O,O,O,O,O,O,O,O,O,O,O,O,O,O,O,O,O,O,O"
վիմագրերից որոշները տեղ են գտել սկրտիչ էմինի անիի պարըր ա ա շրջակայքի վիմագրերն ամփոփող հատորում արձ թարգմանված նաև ռուսերեն ՝ ինչպես նա հ ղևոնդալիշանի աշխատություններում,,վիմագրերից,O,"O,O,O,O,O,O,O,O,O,O,O,O,O,O,O,O,O,O,O,O,O,O,O,O,O"
մրենի վիմագրերն առավել ամբողջական ուգրեթե դիվանյան սկզբունքներին համապատասխան թ հրատարակվեցին հուշարձանագետ սամվել կարաատասիրությամբ,,մրենի,O,"O,O,O,O,O,O,O,O,O,O,O,O,O"
հետազոտողները տարբեր առիթներով ուշադրության են արժանացրել նաև արևմտյան շիրակի վիմագրառատ հուշարձանները սրեն հոռոմոս տեկոր արջոառիճ խծկոնք և այլն,,հետազոտողները,O,"O,O,O,O,O,O,O,O,O,O,O,O,O,O,O,O,O,O"
առկա են նաև ս և ո գլխատառերը որոնք ըստ ամենայնի կառուցող վարպետների անվան սկզբնատառերն են,,առկա,O,"O,O,O,O,O,O,O,O,O,O,O,O,O,O,O"
դպրատուն գտնվում է ս գրիգոր եկեղեցուց հարավ արևելք,,դպրատուն,O,"O,O,O,O,O,O,O,O"
աշ սանուչարյանը հնարավոր է գտնում այս սոշեղի և հայոց թագուհու եղբայր մուշեղի նույնացումը դրանով նաև թվագրելով վկայագիրը ռ կես,,աշ,O,"O,O,O,O,O,O,O,O,O,O,O,O,O,O,O,O,O,O,O"
մր գիգորք ար կլրեւոևոի սլյւ,,մր,O,"O,O,O,O,O"
եկեղեցու մոտ եղել է նաև մի բարձր աշտարակ ներքին աստիճաններով իսկ մ դեպի արևմուտք մնում է մի մեծ որմնափակ խաչքարի պատվանդանն ու խաչի բեկորը,,եկեղեցու,O,"O,O,O,O,O,O,O,O,O,O,O,O,O,O,O,O,O,O,O,O,O,O,O,O"
ըստ արձանագրության այն կանգնեցված է թ ի բարեխոսություն ապլղարիբ իշխանի որը բազմաթիվ նվերներով պայծառացրել է եկեղեցին,,ըստ,O,"O,O,O,O,O,O,O,O,O,O,O,O,O,O,O,O"
թ թորամանյանն իր ճանապարհորդական նոթերում քանիցս անդրադարձել էիր ժամանակ սահմուդջուղ անունը կրող գյուղի հուշարձաններին ու գերեզմանոցներին նշելով հետնյալը սահմուտճուկ գյուղին արևելյան կողմը հնագույն մի գերեզմանոց կա ուր այժմ ալ գյուղացիք իրենց մեռելները կթաղեն այս գերեզմանոցն իր վրա ցույց կուտա շատ խոր հնության նշաններ բացի այն որ կան հին խաչքարեր և րդ դարերու արձանագրությամբ գերեզմանաքարեր,,թ,O,"O,O,O,O,O,O,O,O,O,O,O,O,O,O,O,O,O,O,O,O,O,O,O,O,O,O,O,O,O,O,O,O,O,O,O,O,O,O,O,O,O,O,O,O,O,O,O,O,O,O,O,O,O,O"
տապանագրերից մեկը որը գտնվում է թ թորամանյանի նշած անանուն մատուռի արևելյան կողմում մենք չենք տեսել ըստ այդմ լ օգտվեցինք նրա հրատարակությունից,,տապանագրերից,O,"O,O,O,O,O,O,O,O,O,O,O,O,O,O,O,O,O,O,O,O,O"
աոաքելոց եկեղեցի հարավային խաչաթևում դրված խաչքարի բեկորին տող,,աոաքելոց,O,"O,O,O,O,O,O,O,O"
թ թորամանյան նյութեր հայկական ճարտարապետության պատմության հ բ էջ,,թ,O,"O,O,O,O,O,O,O,O,O"
ծանոթ եկեղեցու որմերին առկա են վարպետների տարածև նշաններ որոնցից մի քանիսը հանդիպում են բազմաթիվ այլ հուշարծաններում,,ծանոթ,O,"O,O,O,O,O,O,O,O,O,O,O,O,O,O,O,O"
թ թորամանյանը նշում է որ արձանագրության անընթեռնելի հետքեր կան թափված հարավային պատի վրայի պատուհանին մեջ դրված քարերեն մեկուն վրա որոնց ձևը րդ դարու տառերու ձևը ունին,,թ,O,"O,O,O,O,O,O,O,O,O,O,O,O,O,O,O,O,O,O,O,O,O,O,O,O,O,O"
ժոխարենը եկեղեցու հյուսիսային պատի արևմտյան մասում նկատեցին մի առանձին քարի վրա պահպանված քառատող արձանագրության հատված,,ժոխարենը,O,"O,O,O,O,O,O,O,O,O,O,O,O,O,O,O"
հատ մխիթարյանց տեղագրութիւն ալիշան եիրակ գէորգեանց,,հատ,O,"O,O,O,O,O,O"
ս հահաննու կարապետ եկեղեցի հյուսիսային պատին արտաքուստ տող,,ս,O,"O,O,O,O,O,O,O,O"
հարավ արևելքից և հարավարևմուտքից եկեղեցուն կից են քառանկյուն ավանդատները,,հարավ,O,"O,O,O,O,O,O,O,O,O"
եշինության վրա դ սարգիս ճոնը մատուռ է կառուցել,,եշինության,O,"O,O,O,O,O,O,O,O"
գմբեթը սկզբնապես եղել է կղմինդրածածկ իսկ թ վերակառուցվել է քարով ու կիսագնդածև իսկ այժմ վեղարաձև է,,գմբեթը,O,"O,O,O,O,O,O,O,O,O,O,O,O,O,O,O,O"
դդ եկեղեցուն արևմուտքից կցվել է նաև գավիթ որը մեզ է հասել ավերակ վիճակում,,դդ,O,"O,O,O,O,O,O,O,O,O,O,O,O,O"
ս աստվածածին եկեղեցի վանքի գլխավոր շինությունն է,,ս,O,"O,O,O,O,O,O,O"
կրկնում է դդ հայաստանում ավանդական դարձած գմբեթավոր դահլիճ ճարտարապետական հորինվածքը,,կրկնում,O,"O,O,O,O,O,O,O,O,O,O"
ինքնատիպ են արևմտյան կողմի ավանդատների երկրորդ հարկի եռակամար բացվածքներով սյունազարդ օթյակները որոնք ըստ ճարտարապետ ալ ջալալյանի՛ շինությանը պալատային տեսք են հաղորդում,,ինքնատիպ,O,"O,O,O,O,O,O,O,O,O,O,O,O,O,O,O,O,O,O,O,O,O"
այստեղ բարձրանում են ստորին հարկի խորաններին կից աստիճան ունեցող քարե սանդուղքներով,,այստեղ,O,"O,O,O,O,O,O,O,O,O,O,O"
շինության արևելյան հարավային ու հյուսիսային պատերն արտաքուստ հարդարված են զույգ եռանկունաձև հայկականխորշեր ով,,շինության,O,"O,O,O,O,O,O,O,O,O,O,O,O,O"
ուշագրավէհատկապեսարևելյանպատիարտաքինհարդարանքը՝ պսակված զաքարե և իվանե զաքարյան իշխանների կտիտորական քանդակով,,ուշագրավէհատկապեսարևելյանպատիարտաքինհարդարանքը՝,O,"O,O,O,O,O,O,O,O,O"
եկեղեցին նորոգվել է ական թթ գյումրեցի նշանավոր վարպետների կողմից գյումրիի երիտասարդաց հառիմի վանական ընկերություն կազմակերպության նախաձեռնությամբ նախագահ հովսեփ կոստանյանի ղեկավարությամբ,,եկեղեցին,O,"O,O,O,O,O,O,O,O,O,O,O,O,O,O,O,O,O,O,O,O"
մխիթար անեցի ատեան աշխարհավէպ հանդիսարանաց աշխատ գ սարգարյանի երևան էջ,,մխիթար,O,"O,O,O,O,O,O,O,O,O,O"
ա զալալյան հառիճավանք քրիստոնյա հայաստան հանրագիտարան էջ,,ա,O,"O,O,O,O,O,O,O"
արագածի հյուսիսային լանջին գեղատեսիլ բնության գրկում է գտնվում առիճ գյուղն իր համանուն վանքով,,արագածի,O,"O,O,O,O,O,O,O,O,O,O,O,O,O"
այս է հանգիստը սոշանի իթ ո ա,,այս,O,"O,O,O,O,O,O,O"
տապանաքար գյուղի անանուն մատուռի արևելյան կողմում արտի մեջ,,տապանաքար,O,"O,O,O,O,O,O,O,O"
վիմագիրը փաստում է որ եկեղեցին կոչվել է նաև ս սիոն,,վիմագիրը,O,"O,O,O,O,O,O,O,O,O,O"
մակարավանք արևելյան պատին արտաքուստ,,մակարավանք,O,"O,O,O,O"
կամաւն աստուծոյ ես՝ հայր վարդան եղէ,,կամաւն,O,"O,O,O,O,O,O"
հին շինութեան սուրբ ուխտիս եւ բազում աշխատու,,հին,O,"O,O,O,O,O,O,O"
թեամբ շինեցի զվանքս աղաչեմ զբնակիչդ զիս,,թեամբ,O,"O,O,O,O,O,O"
եւ զծնողս յիշեցէք ի տէր,,եւ,O,"O,O,O,O,O"
ճարտարապետական հորինվածքով նման է սաստարայի ս հովհաննես եկեղեցուն,,ճարտարապետական,O,"O,O,O,O,O,O,O,O"
ս գրիգոր եկեղեցի համալիրի հնագույն կառույցն է որը թվագրվում է դարով,,ս,O,"O,O,O,O,O,O,O,O,O,O,O"
հուշարձանախումբը բաղկացած է հետեյալ կառույցներից,,հուշարձանախումբը,O,"O,O,O,O,O"
հետագայում արևմտյան կողմում ավելացվել է գավիթ այժմ երկուսն էլ կիսավեր են,,հետագայում,O,"O,O,O,O,O,O,O,O,O,O,O"
թ թորամանյան նյութեր հայկական ճարտարապետության պատմության հ բ երևան ջ,,թ,O,"O,O,O,O,O,O,O,O,O,O"
պեմզաշենը հնագույն բնակավայր է գյուղի շրջակայքում կան բազմաթիվ հեթանոսական դածբարաններ իսկ հարավ արևելքում բլրի վրա ամրոց,,պեմզաշենը,O,"O,O,O,O,O,O,O,O,O,O,O,O,O,O,O,O"
հարուստ է նաև միջնադարյան հուշարձաններով,,հարուստ,O,"O,O,O,O,O"
գյուղամիջի եկեղեցի ներքուստ և արտաքուստ խաչաձև գնբեթավոր եկեղեցի է իր ներքին բաժանումներով և ձևավորմամբ եզակի,,գյուղամիջի,O,"O,O,O,O,O,O,O,O,O,O,O,O,O,O,O"
ճարտարապետական բոլոր հատկանիշները ատամնավոր քիվ բուսական ու երկրաչափական զարդամոտիվներով լուսամուտի պսակներ շրջանի մեջ ներառվածհավասարաթևխաչ և այլն վկայում են որ շինվածէ դարից առաջ,,ճարտարապետական,O,"O,O,O,O,O,O,O,O,O,O,O,O,O,O,O,O,O,O,O,O,O,O"
արևմտյան մուտքի ճակատը զարդարված է բարձրաքանդակով որի վրա պատկերված են տիրամայրը՝ մանուկ հիսուսը գրկին և նրանց հովանավորող հրեշտակներ,,արևմտյան,O,"O,O,O,O,O,O,O,O,O,O,O,O,O,O,O,O,O,O"
եկեղեցու որմերին պահպանվել են վարպետների բազմաթիվ նշաններ,,եկեղեցու,O,"O,O,O,O,O,O,O"
հետագայում կցել են նաև մի այլ եկեղեցի այժմ բոլոր կողմերից շրջափակված է բնակելի շենքերով և անհարմար է ուսումնասիրելու համար,,հետագայում,O,"O,O,O,O,O,O,O,O,O,O,O,O,O,O,O,O,O,O,O"
եկեղեցին հիշվում է ս առաքելոց անունով,,եկեղեցին,O,"O,O,O,O,O,O"
սակարավանք գտնվում է գյուղից հարավ մոտ երկու կիլոմետր հեռու եղել է գմբեթավոր եկեղեցի շինված թ,,սակարավանք,O,"O,O,O,O,O,O,O,O,O,O,O,O,O,O,O"
զորավորաց եկեղեցի գտնվում է գյուղից հարավ արևմուտք մոտ երկու կիլոմետր հեռու կենտրոնագմբեթ հորինվածքով շենք է,,զորավորաց,O,"O,O,O,O,O,O,O,O,O,O,O,O,O,O,O"
այս շրջանում վանքը նորոգվել է կառուցվել են նոր սենյակներ ու տնտեսատուն,,այս,O,"O,O,O,O,O,O,O,O,O,O,O"
պարզվում է այն կոչվել է զորավոր զորավորաց,,պարզվում,O,"O,O,O,O,O,O,O"
գիր իօջօ մ ա է տաա արիք,,գիր,O,"O,O,O,O,O,O,O"
հրատ սխիթարյանց տեղագրութիւն ալիշան նիրակ գէորգեանց,,հրատ,O,"O,O,O,O,O,O"
ծանոթ արձանագրության ստորին մասում փորագրված է տառը որը կարող է լինել թվականը,,ծանոթ,O,"O,O,O,O,O,O,O,O,O,O,O,O"
սիջնադարյան հայաստանի նշանավոր այս հոգևոր կենտրոնի մասին վաղագույն հիշատակությունը պատկանում է ոդ մատենագիր մխիթար անեցուն որն իր պատմությունը շարադրել է հառիճավանքի վանահայր գրիգորի դ բ պատվերով ինչի մասին է վկայում երկի խորագիրը հանդէսք բանից աշխարհագումար զրուցաց տիեզերապատում անցից վիպասանեալ ի քաջ գիտնականէն սխիթարայ աւագերիցու մեծ կաթուղիկէին անւոյ հոյակապ քաղաքի ի խնդրոյ հայր հառիճայի գրիգորոյ վարդապետի,,սիջնադարյան,O,"O,O,O,O,O,O,O,O,O,O,O,O,O,O,O,O,O,O,O,O,O,O,O,O,O,O,O,O,O,O,O,O,O,O,O,O,O,O,O,O,O,O,O,O,O,O,O,O,O,O,O,O,O,O,O"
հայտնի է որ վանքը մեծապես տուժել է սելջուկների արշավանքից որը վերականգնել է գրիգոր առաջնորդը վերջինս թաղված է հարակից գերեզմանոցում,,հայտնի,O,"O,O,O,O,O,O,O,O,O,O,O,O,O,O,O,O,O,O,O"
հառիճում վանական կյանքը ծաղկում է ապրել դարում երբ զաքարե ամիրսպասալարը գնելով հառիճ գյուղն ու շրջակա հողերը նախաձեռնել է գլխավորս աստվածածին եկեղեցու կառուցումը որն ըստ շինարարական արծանագրության՝ ավարտել է թ արձ,,հառիճում,O,"O,O,O,O,O,O,O,O,O,O,O,O,O,O,O,O,O,O,O,O,O,O,O,O,O,O,O,O,O,O"
աղա սահմեդ խանի՝ թ հայաստան կատարած ներխուժումից վանքն ավերածությունների է ենթարկվել և միայն թ ռուս թուրքական պատերազմի ավարտից հետո զարթոնքապրել վանահայր կարսիերբեմնիառաջնորդտեփանոսարք խաժակյանիհոգածությամբ,,աղա,O,"O,O,O,O,O,O,O,O,O,O,O,O,O,O,O,O,O,O,O,O,O,O,O"
ներկայումս լմբատ է կոչվում արթիկի նշված բլրին կից թաղամասը,,ներկայումս,O,"O,O,O,O,O,O,O,O,O"
տապանաքար երկլանջ հարավային նիստին չափածո տող,,տապանաքար,O,"O,O,O,O,O,O"
գտնվումէնրթիկ քաղաքից կմ արևմուտք բլոի հարթության վրա,,գտնվումէնրթիկ,O,"O,O,O,O,O,O,O"
րդտողում ստէ բառը գրված է ստէ,,րդտողում,O,"O,O,O,O,O,O"
բոլոր դեպքերում է տառի փոխարեն գրված է ե չենք ուղղում,,բոլոր,O,"O,O,O,O,O,O,O,O,O,O"
երկրորդ տողում հարցբառըմոռացվածելրացվածէհետո տողիցվերևմանրատառ այդպատճառովէլհրատարակիչները չեն նկատել,,երկրորդ,O,"O,O,O,O,O,O,O"
կառուցված լինելով ձորի քարափի եզրին՝ ժամանակի ընթացքում մի մեծ ժայռաքեկոր անջատվելով քարափից աստիճանաբար հեռացել ու իր հետ տարել է նաև հիշյալ մատուռը ուր մտնելն այժմ անանցանելի է դարձել,,կառուցված,O,"O,O,O,O,O,O,O,O,O,O,O,O,O,O,O,O,O,O,O,O,O,O,O,O,O,O,O,O"
ս հարություն եկեղեցի թթ կառուցված միանավ բազիլիկ եկեղեցու ավերակները պահպանվել են վանքից դուրս գտնվող գերեզմանոցում,,ս,O,"O,O,O,O,O,O,O,O,O,O,O,O,O,O,O"
աղա մահմեդ խանի ավերածությունների ժամանակ է խոնարհվել այս եկեղեցին,,աղա,O,"O,O,O,O,O,O,O,O,O"
ելնելով շինության ճարտարապետական ու կառուցողական ձևերից հնագետ եղիազարյանն այն թվագրում է դարով ու կարծում որ հիշյալ ժամանաշրջանում գյուղն արդեն գտնվում էր իր տեղում,,ելնելով,O,"O,O,O,O,O,O,O,O,O,O,O,O,O,O,O,O,O,O,O,O,O,O,O"
ք թ դ երկրորդկեսին գևորգ դ կոստանդնուպոլսեցի կաթողիկոսի օրոք ևս վանքում բարենորոգչական ու կառուցողական աշխատանքներ են տարվել թ կառուցվել է վանքի սեղանատունը ապա տնտեսական միաբանական ու օժանադակ այլ շինություններ հյուրատուն կաթողիկոսական ամառանոց դպրոց և այլն,,ք,O,"O,O,O,O,O,O,O,O,O,O,O,O,O,O,O,O,O,O,O,O,O,O,O,O,O,O,O,O,O,O,O,O,O,O,O"
զանգակատուն կից է ս գրիգոր եկեղեցուն,,զանգակատուն,O,"O,O,O,O,O,O"
կառուցվել է թ ի հիշատակ հառիճավանքի ընկերության նախագահ հովսեփ կոստանյանի,,կառուցվել,O,"O,O,O,O,O,O,O,O,O,O"
համալիրում հիշյալ ընկերության աշխատանքները դադարեցվել են թ սակայն այսօր ևս վանքում բարեկարգման ու ամրակայման աշխատանքներ են տարվում,,համալիրում,O,"O,O,O,O,O,O,O,O,O,O,O,O,O,O,O,O,O"
պարիսպ նշված բոլոր շինությունները շրջափակված են պարսպով որի արևելյան մասը կառուցվել է դ զաքարե ամիրսպասալարի կողմից իսկ հյուսիսային մասը՝ դ երկրորդ կեսին վերոնշյալ շինարարական աշխատանքների հետ միասին,,պարիսպ,O,"O,O,O,O,O,O,O,O,O,O,O,O,O,O,O,O,O,O,O,O,O,O,O,O,O,O,O"
գերեզմանոց գտնվում է համալիրից դուրս գյուղի մեջ,,գերեզմանոց,O,"O,O,O,O,O,O,O"
առկա են դ բազմաթիվ ու տարածձև տապանաքարեր երբեմն կենցաղային բնույթի պատկերաքանդակներով,,առկա,O,"O,O,O,O,O,O,O,O,O,O,O"
թվում է թե ինչպես բարսեղի այնպես էլ սարգսի դեպքում մականունը չի առնչվում նրանց հիշված գործին,,թվում,O,"O,O,O,O,O,O,O,O,O,O,O,O,O,O,O"
գերեզմանոցում կան նաև դդ խաչքարեր,,գերեզմանոցում,O,"O,O,O,O,O"
հառիճավանքից մեզհայտնիթվով արձանագրություն ըչպահպանված տեղէգտելսս ձեռագրում՝ ընդօրինակված թ,,հառիճավանքից,O,"O,O,O,O,O,O,O,O"
հեղինակն այս ձեռագրից հրատարակել է արձանագրություն բայց պետքէլինի քանիորէև իե միավորները բովանդակում են երկուական վիմագրեր,,հեղինակն,O,"O,O,O,O,O,O,O,O,O,O,O,O,O,O,O"
ագրիգոր եկեղեցի հարավային խաչաթևի պատին արտաքուստ տող,,ագրիգոր,O,"O,O,O,O,O,O,O"
րդ տողում խորդե անծանոթ բառը այս դեպքում խորթացնել օտարել իմաստն ունի և հրատարակիչները վերծանել են խորէ,,րդ,O,"O,O,O,O,O,O,O,O,O,O,O,O,O,O,O,O"
աս մականունով առավել հայտնի է մատենագիր բարսեղ ճոնը,,աս,O,"O,O,O,O,O,O,O,O"
գավիթ հարավային պատին արտաքուստ տող,,գավիթ,O,"O,O,O,O,O"
ուշագրավ է սարգսի մականունը որը բառարաններում երկիմաստ է մեկնվում հաճար մուշտակակար մորթեգործ կաշեգործ գդակ կարող ր աճառյան աբ հ գ ջ,,ուշագրավ,O,"O,O,O,O,O,O,O,O,O,O,O,O,O,O,O,O,O,O,O,O,O"
ծանոթ գրված է գեղեցիկ գրչությամբ բայց հետագայում դիտավորյալ ջարդոտվել է կացնի հարվածներից և խիստ դժվարությամբ են որոշվում տառերը,,ծանոթ,O,"O,O,O,O,O,O,O,O,O,O,O,O,O,O,O,O,O,O"
հրատ եղիազարյան էջմիածին ա ավելի պակասավոր գագիկ հառիճեցի,,հրատ,O,"O,O,O,O,O,O,O,O"
ս գրիգոր եկեղեցի հարավային խաչաթևի պատին արտաքուստ նախորդից անմիջապես ներքև տող,,ս,O,"O,O,O,O,O,O,O,O,O,O,O"
հրատ շահխաթունյանց զալալյանց ա սխիթարյանց հառիճ ալիշան եիրակ,,հրատ,O,"O,O,O,O,O,O,O,O"
գէորգեանց եղիազարյան էջմիածին ա քյուրտյան բազմավէա գագիկ հառիճեցի,,գէորգեանց,O,"O,O,O,O,O,O,O,O"
ս գրիգոր եկեղեցի հարավային պատին արտաքուստ նախորդից անմիջապես ներքև տող,,ս,O,"O,O,O,O,O,O,O,O,O,O"
հրատ նահխաթունյանց ջալալյանց ա մխիթարյանց հառիճ ալիշան եիրակ գէորգեանց եղիազարյան էջմիածին ա քյուրտյան բազմավէպ գագիկ հառիճեցի,,հրատ,O,"O,O,O,O,O,O,O,O,O,O,O,O,O,O,O,O,O,O,O,O,O,O,O,O,O,O,O,O,O,O,O,O"
ծանոթ հրատարակիչները րդ տողում վերին բառից հետո ավելացրել են նաև թաղ բառը որը չկա բնագրում իսկ րդ տողում՝ վարդէնէ անձնանունը դարծրել են նվարդ կամ նվարթ գևորգյանցը կարդում է վարդինե,,ծանոթ,O,"O,O,O,O,O,O,O,O,O,O,O,O,O,O,O,O,O,O,O,O,O,O,O,O,O,O,O,O,O"
արձանագրության վերջում սկսվել և կիսատ է թողնվել մի ուրիշը որը կարելի է վերծանել ի թվիլն ո,,արձանագրության,O,"O,O,O,O,O,O,O,O,O,O,O,O,O,O,O,O"
տոմէգչի վարդապետ կամ տոմէ գրիչ վարդապետ այս դեպքում պիտի համարել արձանագրության փորագրիչ,,տոմէգչի,O,"O,O,O,O,O,O,O,O,O,O,O,O"
վարդապետ բառը գրված է վարդ առաջին երեք տառը փակագիր ըստ այդմ վարդապետ ի փոխարեն կարելի էկարդալ վսրդ,,վարդապետ,O,"O,O,O,O,O,O,O,O,O,O,O,O,O,O,O,O,O"
ս գրիգոր եկեղեցի հարավային պատին արտաքուստ տող ի ոխ ե,,ս,O,"O,O,O,O,O,O,O,O,O,O"
հատ նահխաթունյանց ջալալյանց ա սխիթարյանց առիճ ալիշան շիրակ գէորգեանց եղիազարյան էջմիածին ա քյուրտյան բազմավէա գագիկ հառիճեցի,,հատ,O,"O,O,O,O,O,O,O,O,O,O,O,O,O,O,O,O"
ա գրիգոր եկեղեցի արևելյան պատի վերին մասում արտաքուստ տող,,ա,O,"O,O,O,O,O,O,O,O,O"
րատ սխիթարյանց հառիճ ալիշան եիրակ գէորգեանց եղիազարյան էջմիածին ա քյուրտյան բազմավէպ,,րատ,O,"O,O,O,O,O,O,O,O,O,O,O"
ցանոթ ժամանակը որոշվում է հայր համազասպի հիշատակումով որի արձանագրություն,,ցանոթ,O,"O,O,O,O,O,O,O,O,O"
ս գրիգոր եկեղեցի արևմտյան պատին արտաքուստ տող,,ս,O,"O,O,O,O,O,O,O"
ես սարգիս տոնս նիննեցի զեխեղեցիս եիի,,ես,O,"O,O,O,O,O,O"
հրատ նահխաթունյանց սխիթարյանց հառիճ,,հրատ,O,"O,O,O,O"
գէորգեանց եղիազարյան էջմիածին ա գագիկ հառիճեցի,,գէորգեանց,O,"O,O,O,O,O,O"
ծանոթ ժամանակը որոշվում է համազասպ առաջնորդի հիշատակումով ժգ դարի առաջին կես,,ծանոթ,O,"O,O,O,O,O,O,O,O,O,O,O"
սարգիս ճոնը շինել է րդ դարի այս արտաքուստ խաչաձև եկեղեցու հարավային խաչաթևի արևելյան ու արևմտյան անկյուններում ավելացված խորանները որոնցից առաջինի արտաքին պատին էլգրել է իր արձանագրությունը,,սարգիս,O,"O,O,O,O,O,O,O,O,O,O,O,O,O,O,O,O,O,O,O,O,O,O,O,O,O,O"
հրատ զալալյանց ա մխիթարյանց առիմ ալիշան նիրակ,,հրատ,O,"O,O,O,O,O,O,O"
գէորգեանց եղիազարյան էջմիածին ա քյուրտյան բազմավէպ գագիկ հառիճեցի,,գէորգեանց,O,"O,O,O,O,O,O,O,O,O,O,O,O,O,O,O,O"
ծանոթ գրված է թվից առաջ վանքի առաջնորդ գրիգորը մահացել է այդ թվին,,ծանոթ,O,"O,O,O,O,O,O,O,O,O,O,O,O"
պրակում ընդգրկված արձանագրությունների գերակշիռ մասն այս վանքից է դրանց ընդհանուր թիվը ն է որոնցից ը նախկինում հրատարակվել են սարգիս ջալալյանցի աբել սխիթարյանցի ղևոնդ ալիշանի մելքիսեդեկ գևորգյանցի հովսեփ եղիազարյանի և այլոց աշխատություններում,,պրակում,O,"O,O,O,O,O,O,O,O,O,O,O,O,O,O,O,O,O,O,O,O,O,O,O,O,O,O,O,O,O,O,O"
հ եղիազարյանը ողորմես բառից հետո կարդացել է նինողաց իսկ գ հառիճեցին չի կարդացել վերջին եկեղեցոյս բառը,,հ,O,"O,O,O,O,O,O,O,O,O,O,O,O,O,O,O,O"
ս գևորգյանցնարձանագրությանսկիզբը կարդացելէկեղոյս կամ տեղոյս աստուած,,ս,O,"O,O,O,O,O,O"
գրված է եկեղեցին կառուցող վարպետների կողմից իրենց հիշատակին շինարարության ընթացքում,,գրված,O,"O,O,O,O,O,O,O,O,O,O"
ծանոթ վերջին բառը արնելյան մասում ըստ երևույթին հետո են ավելացրել,,ծանոթ,O,"O,O,O,O,O,O,O,O,O,O"
ըստ էության մելիքը նաև արձանագրության գրիչնէ,,ըստ,O,"O,O,O,O,O,O"
թվականի տասնավորը կարելի է կարդալ նաև ժ այսինքն ոժդ սակայն առավել հակված ենք վերոնշյալին,,թվականի,O,"O,O,O,O,O,O,O,O,O,O,O,O,O,O"
ս գրիգոր եկեղեցի հարավային պատին արտաքուստ լուսամուտից վեր տող,,ս,O,"O,O,O,O,O,O,O,O,O"
հրատ քյուրտյան բազմավէպ ս ավագյան վաբ,,հրատ,O,"O,O,O,O,O,O"
ցանոթ վերջում պիտի մտքով ավելացնել առաջնորդ բառը որը գրիչը բաց է թողել հասկանալի համարելով,,ցանոթ,O,"O,O,O,O,O,O,O,O,O,O,O,O,O,O"
ս բարխուդարյանը երրորդ տողում վերծանել է զիմ հանկիստ սոնեն,,ս,O,"O,O,O,O,O,O,O,O,O"
ս ավագյանի վերծանությունը բավական տարբերվում է ս բարխուդարյանի ներկայացրածից ես՝ գրիգոր միաբանեցա ի սբ ուխտս ուր մեռանեմ զիմ հակն կատարեն անպատճառ ով լինի,,ս,O,"O,O,O,O,O,O,O,O,O,O,O,O,O,O,O,O,O,O,O,O,O,O,O"
համանման է նաև թյուրտյանի վերծանությունը,,համանման,O,"O,O,O,O,O"
ս ավագյանն այս վկայագրին անդրադառնում է հակն բառեզրի կապակցությամբ գտնելով այստեղհակ ը տուրք հարկչի արտահայտում այլ մատուցվածնվերների դիմաց նվիրատուին խոստացած հատուցում վարձ պարտավորություն որ հավանաբար առաջանում է վարձ իրավունք իմաստից,,ս,O,"O,O,O,O,O,O,O,O,O,O,O,O,O,O,O,O,O,O,O,O,O,O,O,O,O,O,O,O,O,O"
ս գրիգոր եկեղեցի հարավային պատին արտաքուստ նախորդի ներքնում կամարին,,ս,O,"O,O,O,O,O,O,O,O,O"
ծանոթ այս թերևս պայմանականորեն վերծանված անունը կարծում ենք վերաբերում է շինարար վարպետին կամ ճարտարապետին,,ծանոթ,O,"O,O,O,O,O,O,O,O,O,O,O,O,O,O"
ա գրիգորեկեղեցի արևմտյան պատին արտաքուստ նախորդի ստորին մասում անկանոն գրչությամբ տող,,ա,O,"O,O,O,O,O,O,O,O,O,O,O"
ս աստվածածին եկեղեցի հյուսիսային պատի կենտրոնական մասում արտաքուստ,,ս,O,"O,O,O,O,O,O,O,O"
ա գագիկ հառիճեցի,,ա,O,"O,O,O"
ծանոթ առիճավանքի ամենից ուշագրավ շինարարանվիրատվական արձանագրությունն է որտեղ,,ծանոթ,O,"O,O,O,O,O,O,O,O"
փաստված է զաքարե ամիրսպասալարի կողմից նախկին տերերից վանքը գնելու ամրոց և կաթողիկե,,փաստված,O,"O,O,O,O,O,O,O,O,O,O,O,O"
եկեղեցի ս աստվածածին կառուցելու եկեղեցական սպասք և սրբություններ ինչպես նաև անշարժ,,եկեղեցի,O,"O,O,O,O,O,O,O,O,O,O,O"
գույք՝ իր հայրենատիրաց մողորիս գյուղը մեկական ջրաղաց գետիկ գյուղից և անիի գլիձոր թաղամասից մեկ պարտեզ անիի ծաղկոցաձոր թաղամասից և մեկական այգի երևանից ու թալինից նվիրելու իրողությունը,,գույք՝,O,"O,O,O,O,O,O,O,O,O,O,O,O,O,O,O,O,O,O,O,O,O,O,O,O,O,O"
ս աստվածածին եկեղեցի արևմտյան մուտքի գավթի միջից կամար շրջանակի վրա տող,,ս,O,"O,O,O,O,O,O,O,O,O,O,O"
գավիթ հյուսիսային պատին ներքուստ տող,,գավիթ,O,"O,O,O,O,O"
նման իրավիճակ էր նաև սարգիս տոնի վկայագրում,,նման,O,"O,O,O,O,O,O,O"
վերջին երկուբառերը մանր տառերով հավանաբար ավելացված են հետագայում,,վերջին,O,"O,O,O,O,O,O,O,O"
ա աստվացային եկեղեցի արևելյան պատին կտիտորական քանդակի կենտրոնում ագուցված տիրամոր պատկերով մարմարին տող,,ա,O,"O,O,O,O,O,O,O,O,O,O,O,O,O"
տապանաքար երկլանջ հարավային նիստին տող,,տապանաքար,O,"O,O,O,O,O,O,O,O,O,O,O,O,O,O,O"
քյուրտյանի վիմագրահավաքը նշում է որ այս վկայագիրը ալիշանը չի հրատարակել,,քյուրտյանի,O,"O,O,O,O,O,O,O,O,O,O"
ա աստվայածին եկեղեցի հարավային պատին արևի ժամացույցի շառավիղների տակ ուռուցիկ տառերով,,ա,O,"O,O,O,O,O,O,O,O,O,O,O"
հրատ շահխաթունյանց զալալյանց ա մխիթարյանց հառիճ ալիշան եիրակ գէորգեանց եղիազարյան էջմիածին ա քյուրտյան բազմավէպ գագիկ հառիճեցի,,հրատ,O,"O,O,O,O,O,O,O,O,O,O,O,O,O,O,O,O"
կարծում ենք միանգամայն տարակուսելի է քյուրտյանի որոշումը,,կարծում,O,"O,O,O,O,O,O,O"
ս աստվածցածին եկեղեցի հյուսիսարևելյան ավանդատան մուտքի գլխին տող,,ս,O,"O,O,O,O,O,O,O,O"
հրատ ձալալյանց ա մխիթարյանց հառիճ ալիշան նիրակ գէորգեանց եղիազարյան էջմիածին ա քյուրտյան բազմավէպ գագիկ հառիճեցի,,հրատ,O,"O,O,O,O,O,O,O,O,O,O,O,O,O,O,O"
ծանոթ համարում ենք րդ դարի թերևս հենց եկեղեցու օծման ժամանակ է նվիրվել վարագույրը թվին,,ծանոթ,O,"O,O,O,O,O,O,O,O,O,O,O,O,O,O"
ա աստվայածին եկեղեցի հյուսիսային պատին արտաքուստ տող եսգյիսմքիս ես նգեյի սարքիմ ծանոթ երրորդ կցագիր տառը պայմանական է վերծանված կարելի է կարդալ նաև գնեցի,,ա,O,"O,O,O,O,O,O,O,O,O,O,O,O,O,O,O,O,O,O,O,O,O,O,O"
ս ատյվածածին եկեղեցի հարավային պատին արտաքուստ հիմնաշարին տող,,ս,O,"O,O,O,O,O,O,O,O"
ա սստվածատին եկեղեցի հարավային պատին արտաքուստ տող հ իհ,,ա,O,"O,O,O,O,O,O,O,O,O"
գավիթ արևելյան պատին արտաքուստ եկեղեցու մուտքից հարավ վերին մասում տող,,գավիթ,O,"O,O,O,O,O,O,O,O,O,O"
հրատ նահխաթունյանց մխիթարյանց հառիճ ալիշան եիրակ գէորգեանց եղիազարյան էջմիածին ա քյուրտյան բազմավէպ գագիկ հառիճեցի,,հրատ,O,"O,O,O,O,O,O,O,O,O,O,O,O,O,O"
ծանոթ առաջին տողը կրկնված է մեծ մասամբ հինգերորդ տողի սկզբի մի քանի տառերը քերված են ա տառը գրված է երկու գրչությամբ խառն կարգով,,ծանոթ,O,"O,O,O,O,O,O,O,O,O,O,O,O,O,O,O,O,O,O,O,O,O,O,O"
ցավոք թվականը չի գրված բայց անիի մեծատուն վահրամ հեջուբը նիրակի արձանագրությունների մեջ հիշատակված է թվականներին,,ցավոք,O,"O,O,O,O,O,O,O,O,O,O,O,O,O,O,O"
թ հառիճավանքում հովհաննես գրչի ընդօրինակած ժողովածոյ ձեռագրի հիշա,,թ,O,"O,O,O,O,O,O,O,O"
գրված է եւ զմեծ իշխանն մեր մեկ բառ անընթեռնելի վահրամ ո գ աո ա աան կաթողիկէիս եւ զորդիս իւր զիշխանն եւ զսարգիս պահեսցէ խաղաղութեամբ,,գրված,O,"O,O,O,O,O,O,O,O,O,O,O,O,O,O,O,O,O,O,O,O,O,O,O,O"
այսինքն՝ բ գավիթն արդեն կառուցված էր ուստի մեր վկայագիրը կարելի էթվագրել առնվազն այդթվականով,,այսինքն՝,O,"O,O,O,O,O,O,O,O,O,O,O,O,O"
նախորդ իրատարակիչները չեն անդրադարձել առաջին ավելորդ տողին,,նախորդ,O,"O,O,O,O,O,O,O"
ժամանակը որոշվում է պետրոսի առաջնորդությամբ որը հիշատակված է թվականների սահմանում,,ժամանակը,O,"O,O,O,O,O,O,O,O,O,O"
ձանգակատուն արևմտյան ճակատին ագուցված ուղղանկյունաձև մարմարե սալին մանրատառ տող,,ձանգակատուն,O,"O,O,O,O,O,O,O,O,O"
ծանոթ գրված է շինարարության ժամանակ թվին,,ծանոթ,O,"O,O,O,O,O,O"
զարդված հատվածի վերականգնումները համապատասխանում են նաև հ քյուրտյանի վիմագրահավաքի վերծանությանը սակայն վերջինում առկա են այլ տարընթերցումներ առաջին տողում խուպասարին ի փոխարեն խոթպասար թեղիազարյանի և գ հառիմեցու մոտ՝ նուպասաո չորրորդ տողում խսըսի ի փոխարեն խսսի դ եղիազարյանի մոտ սամխսըս վերջին տողում կտակս բառից հետո՛ի կասսայ հ եղիազարյանի և գ հառիճեցու մոտ կիրակոսի կամմաց,,զարդված,O,"O,O,O,O,O,O,O,O,O,O,O,O,O,O,O,O,O,O,O,O,O,O,O,O,O,O,O,O,O,O,O,O,O,O,O,O,O,O,O,O,O,O,O,O,O,O,O,O,O,O,O,O"
դատելով հայր պետրոսի առաջնորդության տարիներից հարկ է նշել որ վաղագույն թվականը է վկայված թիվ վիմագրում իսկ վերջին թվականը ը՝ այդ թվին հառիճում ընդօրինակված ձեռագիր ժողովածուի հիշատակարանում գրեցաւ ի ոկը թւին հայոց ի հրեշտակաբնակ ուխտիս հառիճ՝ ընդ հովանեաւ սուրբ աստուածածնի եւ սուրբ գրիգորոյ,,դատելով,O,"O,O,O,O,O,O,O,O,O,O,O,O,O,O,O,O,O,O,O,O,O,O,O,O,O,O,O,O,O,O,O,O,O,O,O,O,O,O,O,O,O,O"
եւ քրիստափորի եւ սոսթենիսին իշեսջիք եւ զվերայգրեալսս՝ զհայր պետրոս եւ գթրիստափորեւ սոսթենէս,,եւ,O,"O,O,O,O,O,O,O,O,O,O,O,O"
հառիճավանքի միջնադարյան առաջնորդների անվանացանկը կազմող առաջին հեղինակները՝ ա սխիթարյան ղալիշան նշում են մեկ հայր պետրոս՝ աթոռակալած թթ չմեր կարծիքով երկու թվականներն էլ,,հառիճավանքի,O,"O,O,O,O,O,O,O,O,O,O,O,O,O,O,O,O,O,O,O,O,O,O"
սայր ցուցակ հայերէն ձեռագրաց սաշտոցի անուան մատենադարանի հ դ կազմեցին աքեօշկերեան կ սուքիասեան քեօսէեան երևան էջ,,սայր,O,"O,O,O,O,O,O,O,O,O,O,O,O,O,O,O,O"
նույն տեղում էջ,,նույն,O,"O,O,O,O,O,O,O,O,O"
իիմնավորված չեն իսկ վերջին տարիներին վանքի պատմությանն ուշագրավ աշխատանքներ օվիրած կ սաթևոսյանը առանծնացնում է երկու հայր պետրոս առաջինը՝ առաջնորդած ից երկրորդը բթ վերջինիս համար նման մոտեցման հիմք է հանդիսացել մատենադարանի պատառիկը՝ ընդօրինակված թ հառիճավանքում որտեղ ի թիվս վանքի մի շարք միաբանների հիշված է զհայր վարդան հառիճայոյ,,իիմնավորված,O,"O,O,O,O,O,O,O,O,O,O,O,O,O,O,O,O,O,O,O,O,O,O,O,O,O,O,O,O,O,O,O,O,O,O,O,O,O,O,O,O,O,O,O,O,O,O"
ասինքն ըստ կ սաթևոսյանի՝ այդ թվականին վանքի առաջնորդն է եղել հայր վարդանը,,ասինքն,O,"O,O,O,O,O,O,O,O,O,O,O,O"
որն ըստ էության վերաբերում է սույն վիմագրին,,որն,O,"O,O,O,O,O,O,O"
մա իչ վեր ընթեռնելի ո թվագիրը որ,,մա,O,"O,O,O,O,O,O,O"
մանա կարելի է փաստել որ հայր պետրոսը աթոռակալել է առնվազն մինչև թ քանի որ այդ նույն թվականին որպես առաջնորդ հիշատակված է գրիգոր վարդապետը,,մանա,O,"O,O,O,O,O,O,O,O,O,O,O,O,O,O,O,O,O,O,O,O,O,O,O"
ա բարխուդարյանի վերծանության մեջ առկա են մի շարք տարընթերցումներ երրորդ տողի սկզբում որ ից հետո կարդացվել է ենորհիւն հինգերորդ տողում սերսլայյան ի փոխարեն՝ սերացան նույն տողի վերջում ամեն ի փոխարեն խափանէ,,ա,O,"O,O,O,O,O,O,O,O,O,O,O,O,O,O,O,O,O,O,O,O,O,O,O,O,O,O,O,O,O,O,O"
գավիթ արևելյան պատի եկեղեցու արևմտյան պատ հյուսիսային մասում տող,,գավիթ,O,"O,O,O,O,O,O,O,O,O"
հրատ եահխաթունյանց մխիթարյանց հառիճ ալիշան եիրակ գէորգեանց,,հրատ,O,"O,O,O,O,O,O,O"
ծանոթ առաջին չորս տողերում աջակողմյան քարի մակերեսը մասամբ կոտրված է,,ծանոթ,O,"O,O,O,O,O,O,O,O,O,O"
վերականգնման փակագծերը կազմողը չի դրել չնայած ձեռագրում բերված լուսանկարում այդպատկերն առկաէ,,վերականգնման,O,"O,O,O,O,O,O,O,O,O,O,O"
առանց կարեւոր տարբերութեան,,առանց,O,"O,O,O"
կարեն սաթևոսյան առիճի վանքը ժգ դարի սկզբին էջմիածին ա էջ,,կարեն,O,"O,O,O,O,O,O,O,O,O,O"
հայերեն ձեռագրերի հիշատակարաններ ժգ դար կազմեց աս մաթևոպան երևան էջ,,հայերեն,O,"O,O,O,O,O,O,O,O,O,O"
գավիթ արևելյան պատի հյուսիսային մասում տող,,գավիթ,O,"O,O,O,O,O,O"
հրատ նահխաթունյանց նվիրատուի անունը պուտիկ զալալյանց ա սխիթարյանց հառիճ ալիշան եիրակ գէորգեանց եղիազարյան էջմիածին ա,,հրատ,O,"O,O,O,O,O,O,O,O,O,O,O,O,O,O,O"
ծանոթ ժամանակը որոշվում է յովհաննէս առաջնորդի հխմատակունով որի անունով կա թվի արձանագրություն,,ծանոթ,O,"O,O,O,O,O,O,O,O,O,O,O,O"
գավիթ հյուսիսային պատին ներքուստ պատուհանից արևմուտք տող,,գավիթ,O,"O,O,O,O,O,O,O"
հրատ եահխաթունյանց բ ջզալալյանց ա սխիթարյանց հառիճ ալիշան եիրակ գէորգեանց եղիազարյան էջմիածին ա քյուրտյան բազմավէպ գագիկ հառիճեցի,,հրատ,O,"O,O,O,O,O,O,O,O,O,O,O,O,O,O,O,O,O"
ծանոթ ներկայումս կենտրոնում ունի ջարդված մաս,,ծանոթ,O,"O,O,O,O,O,O"
կազմողի ձեռագրում այն գրված չէ նրջիսը զաքարյան հանրահայտ եղբայրների քույրն է որի պահած դաստիարակած խնուցած անծանց վերաբերյալ բազմաթիվ վկայություններ կան,,կազմողի,O,"O,O,O,O,O,O,O,O,O,O,O,O,O,O,O,O,O,O,O,O"
հքյուրտյանի վկայմամբ՝ տետրակում նշված թվականը վերագրված է հաջորդ տիրատուրի վկայագրին,,հքյուրտյանի,O,"O,O,O,O,O,O,O,O,O,O"
գավիթ հյուսիսային պատին ներքուստ նախորդից ներքև տող,,գավիթ,O,"O,O,O,O,O,O,O,O,O,O,O,O,O,O"
հատ զալալյանց ա տիրատուրի փոխարեն տրիտուր որը կրկնել է ալիշանը մխիթարյանց հառիճ ալիշան եիրակ գէորգեանց եղիազարյան,,հատ,O,"O,O,O,O,O,O,O,O,O,O,O,O,O,O,O,O"
էջմիածին ա գագիկ հառիճեցի,,էջմիածին,O,"O,O,O,O"
ծանոթ ժամանակակից է նախորդին,,ծանոթ,O,"O,O,O,O"
սիսէոնի ա գրիգորո կատարիչքն աւրհնեալ եղիցին ամէն,,սիսէոնի,O,"O,O,O,O,O,O,O"
րատ խիթարյանց հառիճ իշան շիրակ գէորգեանց եղիազարյան էջմիածին ա քյուրտյան բազմավէպ,,րատ,O,"O,O,O,O,O,O,O,O,O,O,O"
ծանոթ հովհաննեսը առաջնորդէ եղել թվերից,,ծանոթ,O,"O,O,O,O,O"
գավիթ րիաի պատին ներքուստ տող,,գավիթ,O,"O,O,O,O,O"
ծանոթ քյուրտյանի վիմագրահավաք ի վերծանությունը հրատարակիչը մասամբ է ներկայացրել միայն դղ ալիշանի մոտ պակասող հատվածները,,ծանոթ,O,"O,O,O,O,O,O,O,O,O,O,O,O,O,O,O"
ըստ վերջինի թվականը վերաբերում է այս արձանագրությանը իսկ վիմագրահավաքը այն կցում ի հաջորդ գրիգորի վկայագրին,,ըստ,O,"O,O,O,O,O,O,O,O,O,O,O,O,O,O,O"
հատ ձալալյանց ա մխիթարյանց հառին ալիշան նիրակ գէորգեանց եղիազարյան էջմիածին ա քյուրտյան բազմավէպ ս ավագյան վաբ ոչ ամբողջական գագիկ հառիճեցի,,հատ,O,"O,O,O,O,O,O,O,O,O,O,O,O,O,O,O,O,O,O,O,O"
ծանոթ մ գեորգյանցը թվականը կարդացել է ոձգ,,ծանոթ,O,"O,O,O,O,O,O,O"
գեղիազարյանի մոտ բացակայում է դստերն նրջզիսին բառակապակցությունը,,գեղիազարյանի,O,"O,O,O,O,O,O,O"
այս արձանագրությունը տետրում կա բայց հ քյուրտյանի հաճությամբ տեղ չի գտել հրապարակման մեջ մատնանշված է միայն ղ ալիշանի վերծանած բանուհաե ը և ոչդ,,այս,O,"O,O,O,O,O,O,O,O,O,O,O,O,O,O,O,O,O,O,O,O,O,O,O"
թվականի վերագրումը հաջորդ արսէն ի վկայագրին,,թվականի,O,"O,O,O,O,O,O"
ա ավագյանը հատուկ քննության է ենթարկել ձուգաւք արտահայտությունը,,ա,O,"O,O,O,O,O,O,O,O"
նախ՝ ներկայացրել է նախորդ ուսումնասիրողների կողմից միետարան զուգաք բառակապակցության մեկնաբանությունները աւետարան զարդերով զարդարված գիրք այսինքն՝ զուգել զարդարել իմաստներով,,նախ՝,O,"O,O,O,O,O,O,O,O,O,O,O,O,O,O,O,O,O,O"
բանասեր վիմագրագետը կարծում է որ այս բացատրությունը այնքան էլ ստույգ չէ և տալիս է իր մեկնաբանությունը զոյգ զոյգք ը տվյալ իրադրության մեջ պետք է հասկանալ ձեռագիր ավետարանի կազմերը իրար մոտեցնելու և ծածկելու հարմարանք կամ ճարմանդներ որ պատրաստվում էին տարբեր մետաղներից մշակման տարբեր արվեստով և հանդիսանում ձեռագիր գրքերի կազմերի անհրաժեշտ մասերը ս ավագյան նշվ աշխ էջ,,բանասեր,O,"O,O,O,O,O,O,O,O,O,O,O,O,O,O,O,O,O,O,O,O,O,O,O,O,O,O,O,O,O,O,O,O,O,O,O,O,O,O,O,O,O,O,O,O,O,O,O,O,O,O,O,O,O,O,O"
գավիթ հյուսիսային պատին ներքուստ շարունակված նախորդի վերջին տողից տող,,գավիթ,O,"O,O,O,O,O,O,O,O,O"
հրատ ձալալյանց ա մխիթարյանց հառիճ ալիշան եիրակ գէորգեանց եղիազարյան էջմիածին ա քյուրտյան բազմավէպ գագիկ հառիճեցի,,հրատ,O,"O,O,O,O,O,O,O,O,O,O,O,O,O,O,O"
ծանոթ չորրորդ տողն անհամեմատ մանրատառ փորագրված է երրորդ տողի վերջավորության ներքնում,,ծանոթ,O,"O,O,O,O,O,O,O,O,O,O,O"
չեռքի տակ ենք ունեցել թվին կատարած վերծանումն ու լուսանկարը երբ այդ վնասվածքը չկար,,չեռքի,O,"O,O,O,O,O,O,O,O,O,O,O,O,O"
գավիթ արևելյան պատին եկեղեցու արևմտյան պատ ներքուստ եկեղեցու մուտքից հյուսիս տող,,գավիթ,O,"O,O,O,O,O,O,O,O,O,O,O"
հատ նահխաթունյանց մխիթարյանց հառիճ ալիշան նիրակ գէորգեանց եղիազարյան էջմիածին ա քյուրտյան բազմավէա գագիկ հառիճեցի,,հատ,O,"O,O,O,O,O,O,O,O,O,O,O,O,O,O"
ծանոթ հրատարակիչների մոտ անուններն աղավաղված են թվականը,,ծանոթ,O,"O,O,O,O,O,O,O"
դնւնէ խանթեուլաւիկւանաըերեեելեդարեւն հաինց ո իռկրիիրաինիկքաաքրականգ եռաձէւն գեայիլնքաորւթակկա րեաենիւանաիջինդորրէնէրց անատախ եյացեն եւաեքաայ ո,,դնւնէ,O,"O,O,O,O,O,O,O,O,O,O,O,O"
նալաթ է բառը փորագրվել է վերջում այ ից հետո,,նալաթ,O,"O,O,O,O,O,O,O,O,O"
կազմողն այն տեղադրել է փեղամբարացն ից հետո,,կազմողն,O,"O,O,O,O,O,O,O"
փեղամբար ը ծագում է պարսկերենից և նշանակում է պատգամաւոր մարգարէ բ ի էջ,,փեղամբար,O,"O,O,O,O,O,O,O,O,O,O,O,O,O"
գավիթ արևելյան պատին ներքուստ եկեղեցու մուտքից հյուսիս տող,,գավիթ,O,"O,O,O,O,O,O,O,O"
գավիթ արևելյան պատի վերնամասում ներքուստ եկեղեցու մուտքից վեր որմնանկարի ծեփի վրա տող,,գավիթ,O,"O,O,O,O,O,O,O,O,O,O,O,O"
ծանոթ որմնանկարագրի թվականը ս բարխուդարյանը կարդացել է ոչթ այսինքն միավոր տառը,,ծանոթ,O,"O,O,O,O,O,O,O,O,O,O,O"
կարդալու համար շփոթմունք են առաջացրել երկու կողմից առկազույգ կետերը,,կարդալու,O,"O,O,O,O,O,O,O,O,O"
սանուկ երեեա լոոքի գալարի վերնամասում ընթեռնելի է եկայ որդի գրությունը որի շարունակությունը չի պահպանվել,,սանուկ,O,"O,O,O,O,O,O,O,O,O,O,O,O,O,O"
գավիթ արևելյան պատին ներքուստ տող,,գավիթ,O,"O,O,O,O,O"
հրատ եղիազարյան էջմիածին ա գագիկ հառիճեցի,,հրատ,O,"O,O,O,O,O,O,O,O,O,O,O,O,O,O,O,O,O,O"
ծանոթ եղիազարյանը թվականից առաջ փորագրված պատկերը վերծանել է ամի իսկ երրորդ տողի վերջում գ,,ծանոթ,O,"O,O,O,O,O,O,O,O,O,O,O,O,O,O"
արձանագրության թվագրման հարցում առկա են մի շարք խնդիրներ,,արձանագրության,O,"O,O,O,O,O,O,O,O"
տէրք քահանայք որին հետևել է նաև գ հառիճեցին,,տէրք,O,"O,O,O,O,O,O,O,O"
հատ գագիկ հառիճեցի,,հատ,O,"O,O,O"
ծանոթ պետրոս հայկազյանը կամ հայկազունին թթ դարի երկրորդ կեսիև,,ծանոթ,O,"O,O,O,O,O,O,O,O,O"
դարի սկզբների բավական հայտնի հասարակական մշակութային գործիչներից է եղել է ալեքսանդրապոլի բարենպատակ ընկերության հիմնադիր անդամ,,դարի,O,"O,O,O,O,O,O,O,O,O,O,O,O,O,O,O"
երկու անգամ ճանապարհորդել էարևմտյան հայաստանում աշխատակցել սեղու հայաստանի արարատ պարբերականներին համագործակցել ղազարոս աղայանի հետ,,երկու,O,"O,O,O,O,O,O,O,O,O,O,O,O,O,O"
դժվարանում ենք մեկնաբանել այս վկայագրի առկայությունը հառիճավանքում նաև սորոգ ընկաայ զլուսաորչակըրօնն արտահայտությունը այն ըստ ամենայնի վկայում է որ պետրոս հայկազունին պատկանելիս է եղել հայ ֆրանկների կամ կաթոլիկների համայնքին և հետո միայն ընդունել հայ առաքելական եկեղեցու դավանանքը,,դժվարանում,O,"O,O,O,O,O,O,O,O,O,O,O,O,O,O,O,O,O,O,O,O,O,O,O,O,O,O,O,O,O,O,O,O,O,O,O,O"
պետրոսն անշուշտ առնչություն ունեցել է վանքի հետ երբ հարց էբարձրացվել վանքի դպրոցը ժառանգավորաց դարձնելուն և այդնպատակով գյուղացիներից գումար հավաքելուն՝ նա դեմ է եղել,,պետրոսն,O,"O,O,O,O,O,O,O,O,O,O,O,O,O,O,O,O,O,O,O,O,O,O,O"
նախորդ հրատարակիչը պետրոսի ազգանունը կարդացել է այվազենն իսկ թվականը՝,,նախորդ,O,"O,O,O,O,O,O,O,O,O"
ծանոթ երկրորդ բառը կարելի է կարդալ նաև տարեաէ,,ծանոթ,O,"O,O,O,O,O,O,O,O"
վապարսամյան հայ ազատագրական շարժումների պատմությունից երևան էջ,,վապարսամյան,O,"O,O,O,O,O,O,O"
րցիի ոեղեւ յեեան աղքզաղացանոլքաւաց խծեսհաքեինն ի եղպշողայւնեսնեետր իրիի ռատակոր ուր բմեւ ա իցւ իխակիեյ ողիիտասկերաւայնտնաիյիւքին այարայց,,րցիի,O,"O,O,O,O,O,O,O,O,O,O,O,O,O,O,O,O"
յամի տեառն կանգնեցաւ զանկակատունս ընդ ձեռն ընկերութեան հառիճոյ վանից ի յաւերժական յիշատակ յովսէփ աւագ քահանայի կոստանեանց հիմնադրի եւ նախագահի ընկերովթեան եւ նախապատճառի վերջին նորոգութեան սրբոյ մենաստանիս եւ բացման ժառանգաւորաց դարոցիս սորին,,յամի,O,"O,O,O,O,O,O,O,O,O,O,O,O,O,O,O,O,O,O,O,O,O,O,O,O,O,O,O,O,O,O,O"
ուղեւորեալ յերեւան քաղաք պաշտպան կալ իրաւանց վանիցս հանգեաւ ի տէր ի վաղարշապատ յամսեանն փետրվարի ի մետասաներորդաւուր յամի տեառն եւ ամփոփեցաւ ի վանս ս գայիանեայ,,ուղեւորեալ,O,"O,O,O,O,O,O,O,O,O,O,O,O,O,O,O,O,O,O,O,O,O,O,O,O"
նա սրանից վերև նկատել է ագուցված ևս մեկ բեկոր,,նա,O,"O,O,O,O,O,O,O,O,O"
որոյ յիշատակ եդաւ սոյն արձանի գիտութիւն ապագայից,,որոյ,O,"O,O,O,O,O,O,O"
հրատ գագիկ հառիճեցի,,հրատ,O,"O,O,O"
քարե գոռ ճակատային մասում տող,,քարե,O,"O,O,O,O,O"
ծանոթ ուշարձանը գտնվել է վանքի բակում չի պահպանվել,,ծանոթ,O,"O,O,O,O,O,O,O,O"
երկրորդ տողի վերջում կազմողը դ տառից հետո կոտրված մասում երևում է միայն վերին կիսակլորը կարդացել է ը որը մեծ հավանականությամբ կարող էր կարդացվել նաև ո ու անունը վերծանվել օրինակ գնդուտ,,երկրորդ,O,"O,O,O,O,O,O,O,O,O,O,O,O,O,O,O,O,O,O,O,O,O,O,O,O,O,O,O,O,O,O"
պոսւեին ից հետո ս բարխուդարյանը կարդացել է տվին,,պոսւեին,O,"O,O,O,O,O,O,O,O"
եկեղեցու արտաթին ուղդղաձիք որմնախորեի պսակիքար վանքի բակում տող,,եկեղեցու,O,"O,O,O,O,O,O,O,O"
արձանագրված եինաթար գտնվել է վանքի թանգարանում տող,,արձանագրված,O,"O,O,O,O,O,O,O"
մէ որ այս քարը ագուցված է եղել գամթի ցանոթ ս բարխուդարյանն իր դաշտային օրագրում գրու,,մէ,O,"O,O,O,O,O,O,O,O,O,O,O,O,O,O,O"
հարավային պատին արտաքուստ,,հարավային,O,"O,O,O"
նա գտնում է որ այս բեկորները հավանաբար նորոգության ժամանակ բերված են գերեզմանատան մատուռի քարերից որոնց վրա մնացած գրերին են նման,,նա,O,"O,O,O,O,O,O,O,O,O,O,O,O,O,O,O,O,O,O,O,O"
մենք չենք անդրադառնում տեր մինասյանի մեկնաբանություններին քանի որ թվականի ճշգրտմամբ բոլոր հարցերը լուծվում են,,մենք,O,"O,O,O,O,O,O,O,O,O,O,O,O,O,O"
արձանագրված եինաքար գտնվել է վանքի թանգարանում տող,,արձանագրված,O,"O,O,O,O,O,O,O"
ծանոթ կարծում ենք որ վերջին երկուսը նույն արձանագրության հատվածներ են,,ծանոթ,O,"O,O,O,O,O,O,O,O,O,O"
ս բարխուդարյանը սրանք թվագրում է դարով,,ս,O,"O,O,O,O,O,O"
վիմագրերը մեզ չհաջողվեց տեղում տեսնել քանի որ թանգարանն այլևս չի գործում իսկ քարերն ի թիվս այլ ցուցանմուշների տեղափոխել են հայաստանի պատմության թանգարան,,վիմագրերը,O,"O,O,O,O,O,O,O,O,O,O,O,O,O,O,O,O,O,O,O,O,O,O"
խաչթար ագուցված վանատան հարավային պատին գլխիվայր հիմնախաչի ներքնում,,խաչթար,O,"O,O,O,O,O,O,O,O"
ծանոթ կարծում ենք սա պատի մեջ խաչքարի ագուցման տարեթիվն է,,ծանոթ,O,"O,O,O,O,O,O,O,O,O,O"
հրատ ալիշան նիրակ գէորգեանց մասնակի թվականը ուդ եղիազարյան էջմիածին ա գագիկ հառիճեցի,,հրատ,O,"O,O,O,O,O,O,O,O,O,O,O,O"
ծանոթ այս տապանագրի հատկապես թվականի եղիազարյանական վերծանությանն անդրադարձել է երվանդ տեր մինասյանը,,ծանոթ,O,"O,O,O,O,O,O,O,O,O,O,O,O"
խնդիրն այն է որ տապանագրի բավական պարզց գրված ոլը թվականը գեղիազարյանը նաև գ հառիմեցին կարդացել է ոմիբ և եկել այն եզրահանգման որ քմոդ երկրորդ կեսին հառիճավանքում առաջնորդ է եղել ևս մեկ ծերունի գրիգոր վարդապետ որը վանքում վերականգնման աշխատանքներ է կատարել,,խնդիրն,O,"O,O,O,O,O,O,O,O,O,O,O,O,O,O,O,O,O,O,O,O,O,O,O,O,O,O,O,O,O,O,O,O,O,O,O,O,O,O,O,O"
հրատ եահխաթունյանց ճալայանց ա սխիթարյանց առիճ ալիշան նիրակ գէորգեանց եղիազարյան էջմիածին ա քյուրտյան բազմավէա,,հրատ,O,"O,O,O,O,O,O,O,O,O,O,O,O,O,O"
ա աստվայածին եկեղեցի հարավային և արևելյան պատերի վերին անկյունում քիվի տակ ծաղկագիր և ուռուցիկ տառերով արտաքուստ տող,,ա,O,"O,O,O,O,O,O,O,O,O,O,O,O,O,O,O,O,O"
վ աազ ս գեվորգ եկեղեցի ավագ խորանի մասամբ պահպանված որմնանկարի վրա տող,,վ,O,"O,O,O,O,O,O,O,O,O,O,O,O"
որմնանկարի ծեփի վրա պահպանվել է նաև միատող փորագիր արձանագրություն,,որմնանկարի,O,"O,O,O,O,O,O,O,O,O"
թորամանյան նյութեր հայկական ճարտարապետության պատմության հ ա էջ,,թորամանյան,O,"O,O,O,O,O,O,O,O"
վհարությունյան այկական ճարտարապետության պատմություն երևան էջ,,վհարությունյան,O,"O,O,O,O,O,O"
հրատ գ նալբանդյան հուշարծձան,,հրատ,O,"O,O,O,O"
ցանոթ գ հառիճեցին թվականը կարդացել է ռսխձ,,ցանոթ,O,"O,O,O,O,O,O,O"
աբանի մթաւյի եկ իիրուըն,,աբանի,O,"O,O,O,O"
տապանաքար ուղղանկյուն օրորոցածև հարավային նիստին տող,,տապանաքար,O,"O,O,O,O,O,O,O,O,O,O,O,O"
ատթիլ հրատ ալիշան նիրակ հչէ,,ատթիլ,O,"O,O,O,O,O"
տէր մինասյան էջմիածին ա գագիկ հառիճեցի,,տէր,O,"O,O,O,O,O,O"
ն տեր մինասյան հառիճա վանքի արձանագրությունների առթիվ էջմիածին ա,,ն,O,"O,O,O,O,O,O,O,O,O"
ցանոթ ե տեր մինապանը իր հիշալ հոդվածում մատնանշում է նաև այս արձանագրության հ եղիազարյանի սխալաշատ վերծանությունը,,ցանոթ,O,"O,O,O,O,O,O,O,O,O,O,O,O,O,O,O,O"
բանն այն է որ վերջինս երրորդ տողը կարդացել է էրեսսւեր աստուապաշտի որով հիմնավորապես խեղաթյուրվել էայս եզակի և խիստ ուշագրավ վկայագրի իմաստը,,բանն,O,"O,O,O,O,O,O,O,O,O,O,O,O,O,O,O,O,O,O,O,O,O"
ե տեր մինասյանին հայտնի է եղել երաժշտի ևս մեկ գերեզման որը թ սեպտեմբերին տեսել է բյուրականի հին գերեզմանատանը աղցքի և բյուրականի միջնամասում,,ե,O,"O,O,O,O,O,O,O,O,O,O,O,O,O,O,O,O,O,O,O,O,O,O"
սալատապանին նրան և գարեգին հովսեփյանին մեծ դժվարությամբ հաջողվել է կարդալ կիսեղծ վիմագրի որոշ հատվածներ աստանաւր անկեալ դնի ողորմելի,,սալատապանին,O,"O,O,O,O,O,O,O,O,O,O,O,O,O,O,O,O,O,O"
անունն անընթեռնելի մնացել են միայն,,անունն,O,"O,O,O,O,O"
ձայնութեամբ քնարս քաղցրաբարբառ,,ձայնութեամբ,O,"O,O,O"
խաչքար ագուցված պատվանդանին հիմնախաչի շուրջը տող,,խաչքար,O,"O,O,O,O,O,O"
ո և ատ եղիազարյան էջմիածին ա,,ո,O,"O,O,O,O,O,O"
ծանոթ գ նալբանդյանի հաղորդմամբ արձանագրությունն իր խնդրանքով վերծանել է նշանավոր հայագետ պարույր սուրադյանը,,ծանոթ,O,"O,O,O,O,O,O,O,O,O,O,O,O,O"
ցանոթ այս ևս մենք տեղում չգտանք թվում է որ սիսակա ի տառաշարքը միակեցի պիտի վերծանել,,ցանոթ,O,"O,O,O,O,O,O,O,O,O,O,O,O,O,O,O"
ծանոթ ըստ տապանագրի հանգուցյալներն են տամպատն ու աւթախը որոնք վախճանվել են պատերազմի ժամանակ,,ծանոթ,O,"O,O,O,O,O,O,O,O,O,O,O,O,O"
ս աստվածածին եկեղեցի արևմտյան մուտքի բարավորին և կամարին ընթերցվող տող,,ս,O,"O,O,O,O,O,O,O,O,O,O"
դատելով առկա հատվածից՝ այստեղ մի շարքով և ողջ հասակով պատկերված են եղել քրիստոսի տասներկու առաքյալները,,դատելով,O,"O,O,O,O,O,O,O,O,O,O,O,O,O,O,O"
ս ստեփանոս եկեղեցի թմբուկի հյուսիսարեևմտյան նիստին արտաքուստ տող,,ս,O,"O,O,O,O,O,O,O,O"
ս գեորգ եկեղեցու ավագ խորանի կիսակլոր պատի աջակողմում պահպանվել են որմնանկարի մնացորդներ,,ս,O,"O,O,O,O,O,O,O,O,O,O,O,O"
գէորգեանց վերջնամասը աղավաղված եղիազարյան էջմիածին բ,,գէորգեանց,O,"O,O,O,O,O,O"
ծանոթ այս արձանագրությունը ձեռագիր պրակում բացակայումէ սակայն դաշտային օրագրում լմբատում ստուգելիք վերտառության տակ ս բարխուդարյանը նշելով ես չունեմ ըստ եղիազարյանի ներկայացնում է վերջինիս վերծանությունը,,ծանոթ,O,"O,O,O,O,O,O,O,O,O,O,O,O,O,O,O,O,O,O,O,O,O,O,O,O"
չնայած բավարար պահպանվածության վերծանության հարցում առկա են որոշ խնդիրներ որոնք տարընթերցումների տեղիք են տալիս,,չնայած,O,"O,O,O,O,O,O,O,O,O,O,O,O,O,O"
հրատ եղիազարյան էջմիածին բ,,հրատ,O,"O,O,O,O"
հրատ զալալյանց ա ալիշան նիրակ գէորգեանց եղիազարյան էջմիածին բ,,հրատ,O,"O,O,O,O,O,O,O,O,O"
ղաթաաաո ո գեն աքպոխարաը,,ղաթաաաո,O,"O,O,O,O"
ս ստեփանոս եկեղեցի արևելյան խաչաթևի հյուսիսային պատին արտաքուստ տող յաա,,ս,O,"O,O,O,O,O,O,O,O,O,O"
աշխարհբեկ թալանթար վանստան հրատ պատրաստեցին մելքոնյանը և գ սարգայանը հայաստան քարե դարից միջնադար երկերի ժողովածու երևան էջ արձ,,աշխարհբեկ,O,"O,O,O,O,O,O,O,O,O,O,O,O,O,O,O,O,O,O"
տապանաքար օրորոցածև հարավային նիստին չափածո տող,,տապանաքար,O,"O,O,O,O,O,O"
հրատ տէր մինասյան էջմիածին ժբ գագիկ հառիճեցի,,հրատ,O,"O,O,O,O,O,O,O"
ծանոթ ե տեր մինասյանը իր նշյալ հոդվածում մանրամասն անդրադառնում էհանգուցյալի կյանքինու գործունեությանը հիմք ընդունելով թ ալեքսանդրապոլում հրատարակված հառիճայի վանական ընկերության հիշատակարանն ու հաշիվը գիրքը,,ծանոթ,O,"O,O,O,O,O,O,O,O,O,O,O,O,O,O,O,O,O,O,O,O,O,O,O,O"
արչանագրված եինաքարեր գերեզմանոցի եկեղեցու ավերակներում տող,,արչանագրված,O,"O,O,O,O,O,O"
ոկե ոց եւ հաստատեցինլ ծանոթ ըստ երևույթին նվիրատվական մի մեծ արձանագրության մասեր են վերջին բեկորի վրա մնացել է նվիրատուներից մեկի անունը վարդև երրորդի վրա թիվը ոկե,,ոկե,O,"O,O,O,O,O,O,O,O,O,O,O,O,O,O,O,O,O,O,O,O,O,O,O,O,O,O"
բեկորներից փոքրերը տեղում չգտանք,,բեկորներից,O,"O,O,O,O"
արչանագրված եինաքար գերեզմանոցի եկեղեցու ավերակներում տող,,արչանագրված,O,"O,O,O,O,O,O"
արչձանագրված եինաքար գերեզմանոջի եկեղեցու ավերակներում տող,,արչձանագրված,O,"O,O,O,O,O,O"
արթիկ քաղաքը և նրաշրջակայքը միջնադարյան գայաստանի հատկապես վաղ շրջափուլի հուշարծձաններով հարուստ բնակավայրերից է որտեղ պահպանվել են քաղաքամիջի ս սարիամ աստվածածին միախորան եռախորան խաչաձև թ մդդ ևս գրգ մաստարայատիպ ոմոդ եկեղեցիները երկուսն էլ կիսավեր իսկ քաղաքից քիչ հարավ բլրի վրա վեր է խոյանում լմբատավանքի ս ստեփանոս գմբեթավոր եկեղեցին ոդ,,արթիկ,O,"O,O,O,O,O,O,O,O,O,O,O,O,O,O,O,O,O,O,O,O,O,O,O,O,O,O,O,O,O,O,O,O,O,O,O,O,O,O,O,O,O,O,O,O,O,O,O,O"
խոսելով արթիկի պատմաճարտարապետական հուշարձանների նկարագրի ու թվագրման շուրջ թ թորամանյանը գրում է այս գյուղին մեջ կան երկու նշանավոր շենքեր մեկը րդ դարու առաջին քառորդին շինված իսկ մյուսը որ մեծ է րդ դարու հոյակապ շենքերից մեկն է ունի իր վրա թալինի մեծ կաթուղիկեի հատկանիշները,,խոսելով,O,"O,O,O,O,O,O,O,O,O,O,O,O,O,O,O,O,O,O,O,O,O,O,O,O,O,O,O,O,O,O,O,O,O,O,O,O,O,O,O,O,O,O,O"
հատկապես հայկական ճարտարապետության ուսումնասիրության տեսանկյունից տեղի հուշարձանները մեծ արժեք են ներկայացնում,,հատկապես,O,"O,O,O,O,O,O,O,O,O,O,O"
ս աստվածածին եկեղեցին մեր միանավ բազիլիկներից գմբեթավոր կառույցին անցման լավագույն օրինակներից է իսկ ս գեորգ եկեղեցու արտաքուստ շեշտված խորանները հիացնում են դարին հատուկ քանդակային հարդարանքի մանրամասներով ինչպիսիք կարելի է տեսնել թալինի կաթողիկե տաճարի ճարտարապետական հորինվածքում,,ս,O,"O,O,O,O,O,O,O,O,O,O,O,O,O,O,O,O,O,O,O,O,O,O,O,O,O,O,O,O,O,O,O,O,O,O,O"
ս գևորգ եկեղեցու մարտարապետական ու քանդակային լուծումների վերաբերյալ դիտարկումներ է արել նաև ակադ վ հարությունյանը որի կարծիքով կիսավեր առանց գմբեթի մեծ մասամբ մինչև ճակատների քիվերը պահպանված տաճարը բացարձակ ամենամեծն էիրխմբիմեջ,,ս,O,"O,O,O,O,O,O,O,O,O,O,O,O,O,O,O,O,O,O,O,O,O,O,O,O,O,O,O,O,O,O"
նա փաստումէ որկառույցը միանգամայն համապատասխանում է րդ դարի երկրորդ կեսում տիրապետող դարձած գեղարվեստական ըմբռնումներին և հավելում որ եթե բագարանի և սաստարայի տաճարներում ավագ խորանին կից ավանդատները հետագա հավելման արդյունք են ապա արթիկի տաճարում դրանք նախնական են արևելյան ճակատում առաջացնելով ոչ խոր զույգ որմնախորշեր,,նա,O,"O,O,O,O,O,O,O,O,O,O,O,O,O,O,O,O,O,O,O,O,O,O,O,O,O,O,O,O,O,O,O,O,O,O,O,O,O,O,O,O,O,O,O"
երկրորդ ննջեցյալի նույնատիպ տապանաքարը կից է նախորդին պարզապես երկուսի անուններն արձանագրել են միայն մեկի վրա,,երկրորդ,O,"O,O,O,O,O,O,O,O,O,O,O,O,O,O,O"
հր աճառյանը վկայակոչում է աւթա անվանաձևը որը մեզանում հանդիպում է ժդժե դդ որ աճառյան հաբ իա էջ,,հր,O,"O,O,O,O,O,O,O,O,O,O,O,O,O,O,O,O,O"
ներկա տապանագիրն ըստէության փաստումէայսանձնանվան վաղագույն հիշատակությունը,,ներկա,O,"O,O,O,O,O,O"
վանստանի դ վիմագրերից մեկում վկայված է աւթախ հովհաննեսը,,վանստանի,O,"O,O,O,O,O,O,O,O"
հրատ ալալյանց ա ալիշան նիրակ գէորգեանց եղիազարյան էջմիածին բ,,հրատ,O,"O,O,O,O,O,O,O,O,O"
ծանոթ պատմաբան կ մաթևոսյանը կարծում է որ տեր բարսեղը անիի և ծիրակի արքեպիսկոպոս բարսեղ ս անեցու եղբայր գրիգոր իշխանի որդի հասան մագիստրոսի որդին խ որ թ մահմեդականներից գնում է լմբատավանքը,,ծանոթ,O,"O,O,O,O,O,O,O,O,O,O,O,O,O,O,O,O,O,O,O,O,O,O,O,O,O,O,O,O,O,O"
գ եղիազարյանը հիմնվելով հնագիտական հետազոտությունների վրա ցիցք գյուղը տեղադրում է վանքից կես կիլոմետրաչափ դեպի հարավ արևմուտք սարահարթի վրա այժմյան պեմզաշեն գյուղը տանող կարմ ճանապարհի եզրին,,գ,O,"O,O,O,O,O,O,O,O,O,O,O,O,O,O,O,O,O,O,O,O,O,O,O,O,O"
ատեր ստեփանյան վիմագրերը սատենադարանի ձեռագրերում ջ,,ատեր,O,"O,O,O,O,O,O"
կ սաթևոսյան անի շիրակի պատմության էջեր երևան էջ,,կ,O,"O,O,O,O,O,O,O,O"
այն որ լմբատավանքի ս ստեփանոս եկեղեցին դարի շինարվեստի ինքնատիպ դրսևորումներից է վկայում են նաև հիշյալ ժամանակաշրջանին հարազատ որմնանկարները որոնք զբաղեցնում են եկեղեցու ավագ խորանի գմբեթարդն ու արևելյան պատը,,այն,O,"O,O,O,O,O,O,O,O,O,O,O,O,O,O,O,O,O,O,O,O,O,O,O,O,O,O,O,O"
նշված դարով թվագրելու օգտին են եկեղեցու ճակատների մշակման ճարտարապետական բոլոր տարրերը քիվեր լուսամուտների քանդակազարդ պսակներ թմբուկի ութնիստ ծավալածևը ևայլն,,նշված,O,"O,O,O,O,O,O,O,O,O,O,O,O,O,O,O,O,O,O,O"
սակայն դրանցից ոչ մեկում չի վկայված հուշարծանի կառուցման առավել հավանական ժամանակը՝ րդ դարը,,սակայն,O,"O,O,O,O,O,O,O,O,O,O,O,O,O"
վ հարությունյանը հավաստում է որ չնայած նրան որ եկեղեցու վաղագույն արձանագրությունները դարից են,,վ,O,"O,O,O,O,O,O,O,O,O,O,O,O,O"
ծանոթ անարվեստ տառերի հաջորդ քարը չկա,,ծանոթ,O,"O,O,O,O,O,O"
ս գեվորգ եկեղեցի արևմտյան պատին լուսամուտից վեր նիշի մեջ ագուցված խաչքարի պատվանդանի քիվին տող և դրանից ներքև քարի վրա տող,,ս,O,"O,O,O,O,O,O,O,O,O,O,O,O,O,O,O,O,O,O,O,O"
ցանոթ վկայագիրը մեծ հետաքրքրություն էներկայացնում մի շարք առումներով հայտնի է դառնում ոդարի ևս միխաչքարագործ վարպետի անուն խաչատուր կամ խաչտուր,,ցանոթ,O,"O,O,O,O,O,O,O,O,O,O,O,O,O,O,O,O,O,O,O"
վատ պահպանվածության պատճառով տարընթերցման տեղիք է տալիս խաչքար կանգնեցնողի անունը,,վատ,O,"O,O,O,O,O,O,O,O,O,O"
դաշտային օրագրում ա բարխուդարյանը են ի ու եւի միջնամասում կարդացել է արտաշեվանէս,,դաշտային,O,"O,O,O,O,O,O,O,O,O,O,O,O"
առաջին երեք տառերի կիսեղծ հատվածում ուրվագծվում են ր տառերը իսկ ե ից հետո հազիվ նկատելի է վլանէս տառակապակցությունը այսինքն անունը պայմանականորեն հնարավոր է կարդալ թրտաեվլանէս կամ որ ավելի հավանականէ րտաե վևմնէն,,առաջին,O,"O,O,O,O,O,O,O,O,O,O,O,O,O,O,O,O,O,O,O,O,O,O,O,O,O,O,O,O,O,O,O"
այս դեպքում առաջին բառը կարող էլինել խաչքար կանգնեցնող վլանէսի արհեստագործականկամալլ բնույթիմականունը,,այս,O,"O,O,O,O,O,O,O,O,O,O,O"
արձանագրությանվերջումթն նփորագրված է տառերի փոխատեղմամբ,,արձանագրությանվերջումթն,O,"O,O,O,O,O"
ս գեվորգ եկեղեցի արևմտյան խաչաթնի հարավ արևմուտք նայող կամարի վերին մասում արտաքուստ տող,,ս,O,"O,O,O,O,O,O,O,O,O,O,O,O,O"
ծանոթ այս և արթիկի նախորդ արձանագրություններն առկա են միայն ս բարխուդարյանի դաշտային օրագրում,,ծանոթ,O,"O,O,O,O,O,O,O,O,O,O,O,O,O"
հատվածներից այն զաքարյան իշխանատոհմի և նրանց գործունեության ուսումնասիրության համար բացառիկ աղբյուրագիտական արժեք ունի ու պահանջում էխորը և համակողմանի քննություն,,հատվածներից,O,"O,O,O,O,O,O,O,O,O,O,O,O,O,O,O,O,O,O,O"
չնայած մբ գր հապավումը ըստ կարգի վերականգնել ենք գրիգոր այդուհանդերձ հնարավոր ենք համարում այն կարդալ մբ գէորգ ինչպես անվանվել է հարևան եկեղեցին,,չնայած,O,"O,O,O,O,O,O,O,O,O,O,O,O,O,O,O,O,O,O,O,O,O,O"
ս գեվորգ եկեղեցի արևելյան պատին արտաքուստ անավարտ տող տիսխնութիծտնեա հիես,,ս,O,"O,O,O,O,O,O,O,O,O,O"
ս գեվորգեկեղեցի հարավային պատին արևելյան պատուհանի կամարին տող,,ս,O,"O,O,O,O,O,O,O,O"
ս ստեփանոս եկեղեցի գմբեթի հիմքի արևմտահայաց կողին տող,,ս,O,"O,O,O,O,O,O,O,O"
ինչպես վերը նշեցինք սմ ձեռագրում հառիճավանքի վիմագրերին զուգահեռ լմբատավանքից մեզ հայտնի ևս արձանագրություն է ընդօրինակված խույն հատորի վիմագրերը,,ինչպես,O,"O,O,O,O,O,O,O,O,O,O,O,O,O,O,O,O,O,O"
գլխավորապես եզեկիել մարգարեի տեսիլքի գրական հիմքի վրա և ոչ թե հայտնի պատկերագրական կառուցվածքի ընդօրինակությամբ,,գլխավորապես,O,"O,O,O,O,O,O,O,O,O,O,O,O,O,O"
այս համատեքստում աւթախ բառը ս ավագյանը մեկնում է ընկեր ընկերակից պաշտոնակից վաճառական իմաստներով ս ավագյան վաբ ջ,,այս,O,"O,O,O,O,O,O,O,O,O,O,O,O,O,O,O,O,O"
տապանագրի սկզքի ա ն հավանաքար պետք է կարդալ սա կամ ա ս այսինքն սս կամ այս հանգիստ ե,,տապանագրի,O,"O,O,O,O,O,O,O,O,O,O,O,O,O,O,O,O,O,O"
երկրորդ տողի վերջին ա ա տառախումբը թերևս կարելի ի վերծանել սղաչեմ կամ սղայանս,,երկրորդ,O,"O,O,O,O,O,O,O,O,O,O,O,O,O"
մառնաղքյուրը նիրակի մարզի տարքեր դարաշրջանների հուշարձաններով առավել հարուստ բնակավայրերից է,,մառնաղքյուրը,O,"O,O,O,O,O,O,O,O,O,O"
հեղիազարյանն ու գ հառիմեցին իրենց վերծանություններում գնսւորի բառից հետո կարդացել են միսակայ և նշել թվականը ոզգ,,հեղիազարյանն,O,"O,O,O,O,O,O,O,O,O,O,O,O,O,O,O,O"
ծանոթ ս բարխուդարյանը գրում է որ արձանագրությունը տեղում չի գտել,,ծանոթ,O,"O,O,O,O,O,O,O,O,O,O"
հավանաբար վերջինիս տրամադրված լուսանկարը կամ գրչագիրը որակյալ չիեղել ըստ այդմ էլ վերծանության մեջ առկա են միշարք տարընթերցումներ առաջին տողում մկրտիչ անունից հետո վերծանված է սահան չորրորդ տողում զձոր ից հետո կարդացվել է ե եւ տանիք ղոթվվն վեցերորդ տողում բացակայում է արդ բառը յոթերորդում պատարագ ից առաջ վերծանվել է սբ և այլն,,հավանաբար,O,"O,O,O,O,O,O,O,O,O,O,O,O,O,O,O,O,O,O,O,O,O,O,O,O,O,O,O,O,O,O,O,O,O,O,O,O,O,O,O,O,O,O,O,O,O,O,O,O,O,O,O"
ս աստվածածին եկեղեցի հարավային խաչաթևի արանքում մնացած խորանի վրա տող,,ս,O,"O,O,O,O,O,O,O,O,O,O"
դրանց անդրադարծել են լ դուրնովոն ս տեր ներսիսյանը կ մաթեոպանը և այլք,,դրանց,O,"O,O,O,O,O,O,O,O,O,O,O,O"
վերջինիս հավաստմամբ՝ լմբատավանքի՝ գծային գրաֆիկական եղանակով ու վառ գունային հնչեղությամբ արված որմնանկարները ստեղծվել են,,վերջինիս,O,"O,O,O,O,O,O,O,O,O,O,O,O,O,O"
դրանով իսկ այս որմնանկարը հանդիսանում է աստվածահայտնության տեսարանի պատկերագրական կառուցվածքի հայկական տարբերակ,,դրանով,O,"O,O,O,O,O,O,O,O,O,O,O,O"
ներկա հատորում լմբատավանքից ներկայացված է արձանագրություն հրոնցից ը հրատարակվում են առաջին անգամ,,ներկա,O,"O,O,O,O,O,O,O,O,O,O,O,O"
նկատենք որ գմբեթարդի կենտրոնում գահակալ քրիստոսի պատկերն է որի միայն ստորին մասն էպահպանվել աջ և ձախ կողմում պատկերված են երկու քառակերպ մարդու եզան առյուծի և արծվի գլխով երկու վեցթևանի սերովբե և երկու զույգ հրե անիվներ,,նկատենք,O,"O,O,O,O,O,O,O,O,O,O,O,O,O,O,O,O,O,O,O,O,O,O,O,O,O,O,O,O,O,O,O,O,O,O,O"
խորանին հարող պատերին պատկերված են,,խորանին,O,"O,O,O,O,O"
թ թորամանյան նյութեր հայկական ճարտարապետության պատմության հ ն ջ,,թ,O,"O,O,O,O,O,O,O,O,O"
վգրիգորյանը եկեղեցու կառուցումը հասցնում է դարի առաջին կես կած դար վգրիգորյան հայաստանի վաղ միջնադարյան կենտրոնագմբեթ փոքր հուշարծանները երևան էջ,,վգրիգորյանը,O,"O,O,O,O,O,O,O,O,O,O,O,O,O,O,O,O,O,O,O"
վհարությունյան հայկական ճարտարապետության պատմություն էջ,,վհարությունյան,O,"O,O,O,O,O"
վ յարությունյան նշվ աշխ էջ,,վ,O,"O,O,O,O,O"
կմաթևոպյան լմբատավանքի ս ստեփանոս եկեղեցու որմնանկարը էջմիածին դ էջ,,կմաթևոպյան,O,"O,O,O,O,O,O,O,O,O"
նույն տեղում էջ տես նաև թքրիստոնյա հայաստան հանրագիտարան երևան էջ,,նույն,O,"O,O,O,O,O,O,O,O,O,O"
հեծյալներ ս սարգիսն ու ս գևորգը,,հեծյալներ,O,"O,O,O,O,O,O"
լ դուրնովայի կարծիքով գմբեթարդից ներքև պատկերված են եղել տասներկու առաքյալներն ու տիրամայրը,,լ,O,"O,O,O,O,O,O,O,O,O,O,O,O"
հրատ զալալյանց ա ալիշան եիրակ,,հրատ,O,"O,O,O,O,O"
աստեփանոս եկեղեյի թմբուկի հարավարեձտյան նիստին քիվի տակ տող,,աստեփանոս,O,"O,O,O,O,O,O,O,O"
հրատ մխիթարյանց հառիճ ալիշան եիրակ,,հրատ,O,"O,O,O,O,O"
համարում եմ դ կեսերին գրված որովհետև դրանից առաջ եղած արձանագրությունների մեջ այլ առաջնորդներ են հիշատակված և վանքի համար կատարվել են նվիրատվություններ զաքարեի կողմից հետևաբար գմբեթն այդ ժամանակ վնասված չի եղել,,համարում,O,"O,O,O,O,O,O,O,O,O,O,O,O,O,O,O,O,O,O,O,O,O,O,O,O,O,O,O,O,O,O"
հարույց է յոթերորդ տողում յարուտ ին հաջորդող բառը ս բարխուդարյանը դաշտային տետրում գրել է ձգոմդուսն ձեռագիր պրակում զգոմդոսնն ալ մանուչարյանը վերծանել է զգոմ ղուանի,,հարույց,O,"O,O,O,O,O,O,O,O,O,O,O,O,O,O,O,O,O,O,O,O,O,O,O,O"
թվականի տառերը բավական եղծված են սակայն պահպանված երևացող գծերը առավել հիշեցնում են ոծ տառերը բացի այդ գրեթե միակն են որ համապատասխանում են զաքարեի,,թվականի,O,"O,O,O,O,O,O,O,O,O,O,O,O,O,O,O,O,O,O,O,O,O,O,O"
յավոք նախորդհեղինակները այս բառին կամ բառակապակցությանը որևէ մեկնաբանություն չեն տվել,,յավոք,O,"O,O,O,O,O,O,O,O,O,O"
արձանագրության շատ հատվածներ միտումնավոր եղծված են,,արձանագրության,O,"O,O,O,O,O,O"
ծանոթ այս կարևոր արձանագրության վերծանությունը ինչպես մ գնորգյանցի և հ եղիազարյանի այնպես էլ ս քարխուդարյանի մոտ կիսատ է մինչև յոթերորդ տողը,,ծանոթ,O,"O,O,O,O,O,O,O,O,O,O,O,O,O,O,O,O,O,O,O,O,O"
անիի առաջնորդ գրիգոր արքեպիսկոպոսը իր հորեղբայր բարսեղի հալալ արդեամբք ստացեալ ակատի ունի նանորդվկայագրուծ փաստված իրողությունը խմբ վանքին է նվիրում դրաձագին հայրենյաց թաղք գյուղը որի դիմաց սահմանվում է վեց պատարագ ս ղազարի տոնին,,անիի,O,"O,O,O,O,O,O,O,O,O,O,O,O,O,O,O,O,O,O,O,O,O,O,O,O,O,O,O,O,O,O,O,O"
բնագրում նշվում է որ նվիրված գյուղը գտնվել է մերչ ի յարդք այսինքն՝ արդք բնակավայրի մոտ,,բնագրում,O,"O,O,O,O,O,O,O,O,O,O,O,O,O,O,O"
նախորդ հրատարակիչները բացառյալ ս բարխուդարյանի վերծանել են արդիք և ինչպես նույն նվիրատուի մյուս վկայագրում այն նույնացրել ներկայիս արթիկ կոչվող քաղաքի հետ,,նախորդ,O,"O,O,O,O,O,O,O,O,O,O,O,O,O,O,O,O,O,O,O,O,O"
ցավոք ոչ այստեղ ոչ յյուսում դ տառից հետո բացակայում է ի տառը չնայած արդքը հետագա դարերում կարող էր դառնալ արդիք կամ արթիկ,,ցավոք,O,"O,O,O,O,O,O,O,O,O,O,O,O,O,O,O,O,O,O,O,O,O,O"
ս ստեփանոս եկեղեցի արևելյան խաչաթևի հյուսիսային պատին արտաքուստ նախորդի վերջին կիսատ տողից շարունակված տող,,ս,O,"O,O,O,O,O,O,O,O,O,O,O,O,O,O"
հրատ զալալյանց ա ալիշան եիրակ գէորգեանց եղիազարյան էջմիածին բ,,հրատ,O,"O,O,O,O,O,O,O,O,O"
ծանոթ գրված էնույն գրչի ձեռքով ժամանակակից է նախորդին,,ծանոթ,O,"O,O,O,O,O,O,O,O"
վերջին բառը չենք հասկանում,,վերջին,O,"O,O,O,O"
ռոբեն ռուբենը ամենայն հավանականությամբ վանքի տնտեսության հողամշակության հարցերը տնօրինողն էր,,ռոբեն,O,"O,O,O,O,O,O,O,O,O,O"
հ եղիազարյանը գտնում է որ հայր առաքեալը վանքի առաջնորդնէ,,հ,O,"O,O,O,O,O,O,O,O,O"
սակայն ամենակարևոր հայտնագործությունը վերաբերում է վերջին բառին որը հատորիս կազմողը համարում է անհասկանալի,,սակայն,O,"O,O,O,O,O,O,O,O,O,O,O,O,O"
մեր պրպտումները բերեցին ուշագրավ եզրահանգման այնէ՝ տառակապակցությունը պետքէընթերցել աջից ձախ ինչի արդյունքում կարդացվում է մանասե գրիչ,,մեր,O,"O,O,O,O,O,O,O,O,O,O,O,O,O,O,O,O"
ս ստեփանոս եկեղեցի հյուսիսային խաչաթևի արևելյան պատին արտաքուստ տող,,ս,O,"O,O,O,O,O,O,O,O,O"
հրատ զալալյանց ա պլի ա ալիշան նիրակ գէորգեանց եղիազարյան էջմիածին բ,,հրատ,O,"O,O,O,O,O,O,O,O,O,O,O"
ծանոթ գրված պետք էլինի թվականից առաջ քանի որ նախորդ արձանա գրության մեջ ա գրիգորն իրեն արհիեպիսկոպոս է կոչում իսկ այստեղ միայն եպիսկոպոս,,ծանոթ,O,"O,O,O,O,O,O,O,O,O,O,O,O,O,O,O,O,O,O,O,O,O,O"
հ եղիազարյանը երկրորդտողի վերջում կարդացել է տուի զարդիք եւ նշելով որ դաներկայիս արթիկ քաղաքնէ ի տարբերություն առաջիներկու իրատարակիչների որոնք նույնպես կարդացել են օզվ նախորդ հեղինակները նաև ս բարխուդարյանը երրորդ տողի սկզբում վերծանել են ձբուրենոց ա ձթորնոյ անհամարելովհատուկանուն ինքպես բորենոյո նը այնպեսկ որենոր նրդժլարանում ենք մեկնաբանել,,հ,O,"O,O,O,O,O,O,O,O,O,O,O,O,O,O,O,O,O,O,O,O,O,O,O,O,O,O,O,O,O,O,O,O,O,O,O,O,O,O,O,O,O,O,O,O,O"
արձանագրության վերին անկյունավոր քարին ուրվագծվում էչ տառը որը կարծում ենք թվականի հարյուրավորը կարող էլինել ըստ այդմ հ ս քարխուդարյանի թվագրումը մոտ է իրականությանը,,արձանագրության,O,"O,O,O,O,O,O,O,O,O,O,O,O,O,O,O,O,O,O,O,O,O,O,O"
նույնը և ստորին մեծ քարի վրայի փչացած մամերը շնորհիվ տառերի և բառերի մնացորդների,,նույնը,O,"O,O,O,O,O,O,O,O,O,O,O,O,O"
ծանոթ գրեթե համոզված ենք որ սա թվական է սակայն վստահ չենք որ այն վերաբերում է նախորդ վկայագրին,,ծանոթ,O,"O,O,O,O,O,O,O,O,O,O,O,O,O,O,O,O,O"
չախ կողմի մի քարի երեսը ևս հողմահարված է բայց յուրաքանչյուր տողից մի քանի տառ պակասողները հեշտությամբ լրացվում են,,չախ,O,"O,O,O,O,O,O,O,O,O,O,O,O,O,O,O,O,O,O"
մխիթարյանց առիճ ալիշան նիրակ,,մխիթարյանց,O,"O,O,O,O"
գնավորի մատուռ վանքի հարավարևմտյան կողմում անմատչելի ժայռի վրա է գտնվում այս փոքր շինությունը հարազատ դդ,,գնավորի,O,"O,O,O,O,O,O,O,O,O,O,O,O,O,O,O"
խաչթարի պատվանդան արևմտյան նիստին տող,,խաչթարի,O,"O,O,O,O,O"
միավոր տառը չենք նշել քանի որ տեղում առկա են թեկուզ կիսեղծ սակայն երկու տառ,,միավոր,O,"O,O,O,O,O,O,O,O,O,O,O,O,O,O"
ս ստեփանոս եկեղեցի արևելյան խաչաթևի հարավային պատին արտաքուստ տող եոյեսդը յռ քչմէր տայրէնիազսառնա ղբիւրիսբօտէփաննոս,,ս,O,"O,O,O,O,O,O,O,O,O,O,O,O,O,O"
հրատ ձալալյանց ա ալիշան նիրակ,,հրատ,O,"O,O,O,O,O"
գէորգեանց եղիազարյան էջմիածին բ,,գէորգեանց,O,"O,O,O,O"
ծանոթ գրված է նախորդից առաջ թ մոտերքը որովհետև զաքարեի արձանագրության մեջ հիշատակված վանքի առաջնորդ առաքելը այստեղ դեռ միաբան է հիշվում,,ծանոթ,O,"O,O,O,O,O,O,O,O,O,O,O,O,O,O,O,O,O,O,O,O"
սա բշտիկ անձնանվան մեզ հայտնի միակ վկայությունն է,,սա,O,"O,O,O,O,O,O,O,O"
վանքի առաջնորդ սովսեսի նույնպես միակ,,վանքի,O,"O,O,O,O,O"
նա հետնորդել է բարսեղին և նախորդել առաքելին,,նա,O,"O,O,O,O,O,O,O"
այստեղ արձանագրված էմի ուշագրավ երևույթ նվիրատու գրիգորը և նրա կարծում ենք արյունակից եղբայրները հիշված են ոչ թե,,այստեղ,O,"O,O,O,O,O,O,O,O,O,O,O,O,O,O,O,O,O"
կամ ոչ միայն ծնողների այլ պապի՝ բշտիկի անվամբ,,կամ,O,"O,O,O,O,O,O,O,O"
վերջինս կարող էր լինել նաև տոհմանուն՝,,վերջինս,O,"O,O,O,O,O,O"
բշտկանց որով թերևս առավել հայտնի են եղել նրանք,,բշտկանց,O,"O,O,O,O,O,O,O,O"
նրանց տոհմական սեփականությունը հան,,նրանց,O,"O,O,O,O"
նել տարածաշրջանի նույնանուն բնակավայսացող սառնադղբյուր գյուղը դժվարանում ենք նույնաց,,նել,O,"O,O,O,O,O,O,O,O,O"
ըո ե քանի որ նրանք այդ անունն ստացել են դարում շիրակի մարզի հայտնի սառնադբյուր բնակավայրը և համանուն գյուղատեղի արթիկի տարածաշրջանում հառիճավանքից փոքր ինչ հարավարևելք ձորամիջին,,ըո,O,"O,O,O,O,O,O,O,O,O,O,O,O,O,O,O,O,O,O,O,O,O,O,O,O,O"
ս ստեփանոս եկեղեցի արևմտյան խաչաթևի վերին ճակատային մասում արտաքուստ տող մասամբ հողմահարված,,ս,O,"O,O,O,O,O,O,O,O,O,O,O,O"
հրատ ալ սանուչարյան լրաբեր թ,,հրատ,O,"O,O,O,O,O"
ծանոթ առաջին եռանկյունաձև քարի երեսն ամբողջովին հողմահարված է երկու տողի չափով ուր և պիտի լիներ թվականը,,ծանոթ,O,"O,O,O,O,O,O,O,O,O,O,O,O,O,O,O,O"
խնդրահարույց էնաև երկրորդև երրորդ տողերի ամբողջ բառակապակցու,,խնդրահարույց,O,"O,O,O,O,O,O,O"
է նշանակում ձիրիցութիլէնն լմպատա արդյոք նկատառվում է վանական ավագանին ա ինչ է նվիրվել վանքին,,է,O,"O,O,O,O,O,O,O,O,O,O,O,O,O,O"
ադուհանդերձ նկատառելով նույն նվիրատուի նախորդ վկայագրում ի լ յարդթ ը կարծում ենք խոսքը արդք տեղանվան մասին է պրում արգևած,,ադուհանդերձ,O,"O,O,O,O,O,O,O,O,O,O,O,O,O,O,O,O,O,O,O"
ս ստեփանոս եկեղեցի արևելյան խաչաթևի արևելյան պատին արտաքուստ տող,,ս,O,"O,O,O,O,O,O,O,O,O"
ծանոթ անկասկած լմբատավանքի առաջնորդ հայր առաքելի տապանաքարնէ,,ծանոթ,O,"O,O,O,O,O,O,O"
տապանաքար երկլանջ նախորդի մոտ հարավային նիստին տող,,տապանաքար,O,"O,O,O,O,O,O,O"
ա ատեփանոս եկեղեեցի արևելյան խաչաթևի հյուսիսային պատին արտաքուստ տող,,ա,O,"O,O,O,O,O,O,O,O,O"
որպես անծձնանուն առաջին անգամ է վկայված իշխան իշխանի հրամանը վկայագրող շահապը,,որպես,O,"O,O,O,O,O,O,O,O,O,O,O"
վկայագրում ուշադրություն է գրավում ընծանն ելս յխեյի արտահայտությունը,,վկայագրում,O,"O,O,O,O,O,O,O,O"
կարծում ենք որ նվիրատուն հառիճավանքի ժամատան կառուցման մեկենաս հեջուք կամ մեծիշխան վահրամի իշխան որդին է արձ,,կարծում,O,"O,O,O,O,O,O,O,O,O,O,O,O,O,O,O,O"
ս ստեփանոս եկեղեցի հյուսիսային պատին ներքուստ տող,,ս,O,"O,O,O,O,O,O,O"
հրատ զալալյանց ա ալիշան եիրակ գէորգեանց պակասավոր թորամանյան բ էջ եղիազարյան էջմիածին բ,,հրատ,O,"O,O,O,O,O,O,O,O,O,O,O,O,O"
ծանոթ վեցերորդ տողի մեծ մասը եղծված է,,ծանոթ,O,"O,O,O,O,O,O,O"
հրատարակիչների մոտ թերի և աղավաղվածէ,,հրատարակիչների,O,"O,O,O,O,O"
այս մեր կարծիքով չափազանց ուշագրավ և բովանդակությամբ և արտահայտչածևով արձանագրության չորրորդ տողի վերծանությունը չնայած բավարար պահպանվածության տարընթերցումների տեղիք է տվել,,այս,O,"O,O,O,O,O,O,O,O,O,O,O,O,O,O,O,O,O,O,O,O"
նպատակահարմար ենք գտնում ներկայացնել նախորդ հեղինակների վերծանությունները թախանձչել եւ բարէխաւս միջնամասում ս ջալալյանց ղ ալիշան զիս ի բերել ջուր,,նպատակահարմար,O,"O,O,O,O,O,O,O,O,O,O,O,O,O,O,O,O,O,O,O"
եւ ընկալայ պատարագ թորամանյան զիս զինչ որ սմա ունէի տուի յայս էրսի եղիազարյան զիս զինչ թը սմայ ունէի տուի յայսմ բարխուդարյան դաշտ օրագիր զիս զինչ որ սմայ ունէի ուի ս ջուրս վերջին բառը սկզբում կարդացել է գիրս հետո ուղղել ձիմ զինչ որ ստայկ ունէի՝ ետու ի այս յիրսն,,եւ,O,"O,O,O,O,O,O,O,O,O,O,O,O,O,O,O,O,O,O,O,O,O,O,O,O,O,O,O,O,O,O,O,O,O,O,O,O,O,O,O,O,O,O,O,O,O,O,O,O"
բացակայում է որևէ կցագրություն կամ փակագրություն,,բացակայում,O,"O,O,O,O,O,O"
ա ստեփանոս եկեղեցի արևելյան խաչաթնի հարավային պատին արտաքուստ տող,,ա,O,"O,O,O,O,O,O,O,O,O"
հատ զալալյանց ա ալիշան շիրակ գէորգեանց եղիազարյան էջմիածին բ,,հատ,O,"O,O,O,O,O,O,O,O,O"
ծանոթ այս նույն սիմեռնը նվերներէ արել նան հոգեվանքին թվակիր խմբական արձանագրության մեջ արձ խմբ,,ծանոթ,O,"O,O,O,O,O,O,O,O,O,O,O,O,O,O"
ծանոթ նախկին բոլոր հրատարակիչների մոտ բացակայում է թվականը,,ծանոթ,O,"O,O,O,O,O,O,O,O"
աստեփանոս եկեղեցի թմբուկի հարավարևմտյան նիստին արտաքուստ տող,,աստեփանոս,O,"O,O,O,O,O,O,O"
ծանոթ հրատարակչի մոտ բոլորովին աղավաղվածէ,,ծանոթ,O,"O,O,O,O,O"
երկրորդ տողի նախավերջին տառը կարելի է կարդալ նաև տ,,երկրորդ,O,"O,O,O,O,O,O,O,O,O"
վերջին գ տառը թերևս ցուցում է հատկացված պատարագների թիվը,,վերջին,O,"O,O,O,O,O,O,O,O,O"
ա ստեփանոս եկեղեցի նախորդի վերին ձախ քարին տող,,ա,O,"O,O,O,O,O,O,O,O"
տապանաթքար երկլանջ նախորդի մոտ հարավային նիստին տող,,տապանաթքար,O,"O,O,O,O,O,O,O"
տապանաքար օրորոցաձև արևելյան գերեզմանոցում հարավային նիստին տող,,տապանաքար,O,"O,O,O,O,O,O,O"
հնարավոր վերծանությունը պարզում է որ արձանագրությունը դարով թվագրվող որմնանկարի հետ կապ չունի այն դ գիր է,,հնարավոր,O,"O,O,O,O,O,O,O,O,O,O,O,O,O,O,O,O"
եղիազարյան էջմիածին բ,,եղիազարյան,O,"O,O,O"
ուշագրավ է որ ձեռագրում առկա են և լուսանկարը և գրչագիրը,,ուշագրավ,O,"O,O,O,O,O,O,O,O,O,O"
թերա պետք է կարդալ ձգոմ դումնի,,թերա,O,"O,O,O,O,O,O"
ալ մանուչարյանի վերծանությունը բավական թերի է բացակայում է շինարար նվիրատուի կնոջ սարաւթայի անունը այգի բառից հետո կարդացել է յառուտ զգոմ ղուանին այլն,,ալ,O,"O,O,O,O,O,O,O,O,O,O,O,O,O,O,O,O,O,O,O,O,O,O"
նրա կարծիքով եկեղեցին ի սկզբանե եղել է գմբեթավոր և այս վկայագիրը վերաբերում էգավթի նորոգմանը ինչը կատարվել է դարի սկզբներին,,նրա,O,"O,O,O,O,O,O,O,O,O,O,O,O,O,O,O,O,O,O,O"
խմբագրական խորհուրդ՝ գր ս գրիգորյան հ ա մելքոնյան գ գ սարգսյան,,խմբագրական,O,"O,O,O,O,O,O,O,O,O,O,O"
բառեզրիս ուղիղ ծևը սարուածք է որ բառարաններում մեկնվում է կազմվածք կառուցվածք նշանակությամբ հ էջ ամատունի էջ որը տվյալ համատեքստում թերևս պետք է նկատի առնել գութանի ամբողջական համակարգը,,բառեզրիս,O,"O,O,O,O,O,O,O,O,O,O,O,O,O,O,O,O,O,O,O,O,O,O,O,O,O,O,O"
ա ստեփանոս եկեղեցի թմբուկի քառակուսի պատվանդանի հարավարևելյան անկյան հարավային որմին արտաքուստ անավարտ տող,,ա,O,"O,O,O,O,O,O,O,O,O,O,O,O,O"
ասյեփանոս եկեղեյի ավագ խորանի որմնանկարի ձախ կողմում սևաներկ բավականաչափ թափված և տեղ տեղ անընթեռնելի մոտ տող,,ասյեփանոս,O,"O,O,O,O,O,O,O,O,O,O,O,O,O,O,O,O"
ծանոթ արձծանագրության վերջնամասը մոտ տող անընթեռնելի է,,ծանոթ,O,"O,O,O,O,O,O,O"
բնույթով նվիրատվական իսկ մանրամասները ցավոք անհայտ են,,բնույթով,O,"O,O,O,O,O,O,O"
ցանոթ ս բարխուդարյանը երրորդտողում բազում բառից հետ կարդացել է տարիքս իւր վկսեկ,,ցանոթ,O,"O,O,O,O,O,O,O,O,O,O,O,O"
վերծանությանը մասնակցել էնաև պատմաբանկկ մաթևոսյանը ըստ որի գրության վրա կարծես կան նախորդ նորոգողների միջամտության հետքերը որի արդյունքում սխալմամբ ամբողջացվել ու աղավաղվել են վնասված տառերը ինչպես օրինակ թվականիո հարյուրավորը որը թյուրիմացաբար ս են դարձծրել,,վերծանությանը,O,"O,O,O,O,O,O,O,O,O,O,O,O,O,O,O,O,O,O,O,O,O,O,O,O,O,O,O,O,O,O,O,O,O"
եահանշահի անունը թեական է վերծանված սակայն եթե այն ճի շտ է ապա հավանորեն անիում իշխող զաքարյան եահնշահ ս ն է,,եահանշահի,O,"O,O,O,O,O,O,O,O,O,O,O,O,O,O,O,O,O,O,O,O"
ս ստեփանոս եկեղեցի հարավային խաչաթևի հարավային նիստին արտաքուստ տող,,ս,O,"O,O,O,O,O,O,O,O,O"
յայր ատը պէւույրլ ը պետիս ու տիրատրուաց ոռարող ոորսիւ,,յայր,O,"O,O,O,O,O,O,O,O,O"
խաչքար ագուցված է եկեղեցու մուտքի առջևի հենապատի շարվածքում պահպանված է ստորին մասը հիմնախաչի աստիճանաձև պատվանդանին թվականն է որի տակ բուն արձանագրությունը տող,,խաչքար,O,"O,O,O,O,O,O,O,O,O,O,O,O,O,O,O,O,O,O,O,O,O,O"
ծանոթ խաչքարը սարգարե քարգործի ձեռակերտնէ իինչի մասին է վկայում վերջինիս բնորոշող կազմող բառը,,ծանոթ,O,"O,O,O,O,O,O,O,O,O,O,O,O,O"
խաչթար սև տուֆից կանգնեցված եկեղեցու արևելյան կողմում գիրը խաչաթևերի արանքում տող,,խաչթար,O,"O,O,O,O,O,O,O,O,O,O,O"
ծանոթ սխիթար ին հաջորդող տառերը կարելի է կարդալ արտիկիյնն,,ծանոթ,O,"O,O,O,O,O,O,O,O,O"
սիգուցե սա մրդին արթիկ բնակավայրի անունն է որտեղից թերևս սերել է մեր համոզմամբ խաչքարագործ վարպետը,,սիգուցե,O,"O,O,O,O,O,O,O,O,O,O,O,O,O,O,O"
տապանաքար երկլանջ արևելյան գերեզմանոցում հարավային նիստին տող,,տապանաքար,O,"O,O,O,O,O,O,O"
նշվածները տառերի վերին գծերը չեն այլ ուղղահայաց գծերով քանդակազարդ,,նշվածները,O,"O,O,O,O,O,O,O,O,O"
դավիթ անհողին կյուրիկյան թագավոր դաւիթ անբախտ գրիչ հիշատակված է դաւիթ հիշատակված է,,դավիթ,O,"O,O,O,O,O,O,O,O,O,O,O,O"
գյուղում և շրջակայքում գրանցված են մթա հազարամյակներին վերագրվող ամրոց դամբարանադաշտ,,գյուղում,O,"O,O,O,O,O,O,O,O,O,O"
մարմաշենի համալիրը ավելի վաղ պատմություն ունի պարզապես զարգացում ու ծաղկում է ապրել պահլավունիների օրոք,,մարմաշենի,O,"O,O,O,O,O,O,O,O,O,O,O,O,O,O"
շեն կաթողիկեն և վանքային բոլոր,,շեն,O,"O,O,O,O,O"
ուցված ընդարծձակ պարսպով որի մնացած մասերը միանգամայն անհայտացել են զանազան նոր,,ուցված,O,"O,O,O,O,O,O,O,O,O,O,O"
գլխավոր տաար հարավային պատին արտաքուստ տող,,գլխավոր,O,"O,O,O,O,O,O"
թորամանյան նյութեր հայկական ճարտարապետության պատմության հ բ էջ,,թորամանյան,O,"O,O,O,O,O,O,O,O,O,O,O,O,O,O,O,O,O,O,O,O,O,O,O,O"
մարմաշեն հուշարձան տարեգիրք բ երևան էջ,,մարմաշեն,O,"O,O,O,O,O,O"
հրատ մխիթարյանց տեղագրութիւն ալիշան նիրակ,,հրատ,O,"O,O,O,O,O"
գէորգեանց բասմաջյան հաաբս եղիազարյան էջմիածին ե օթ,,գէորգեանց,O,"O,O,O,O,O,O,O"
ծանոթ րդ տողում սեր ից հետո ազատ տեղ րդ տողում զայսմանէս ի տառերը մյուսներից մանր են,,ծանոթ,O,"O,O,O,O,O,O,O,O,O,O,O,O,O,O,O,O"
այստեղ են թաղված վահրամ պահլավունու կին սոփիա տիկինը նրանց ապուղամբ որդու կինը ճարտարապետ շնավորիկըև այլք,,այստեղ,O,"O,O,O,O,O,O,O,O,O,O,O,O,O,O,O"
տմպանաքար ուղղանկյուն սալ գավթում տող,,տմպանաքար,O,"O,O,O,O,O"
պետ արձանագրության առաջին և երկրորդ տողերի վերջնամասը եղովա հակամաում գարում բնագրի բովանդային ամբողջացմանը,,պետ,O,"O,O,O,O,O,O,O,O,O,O,O,O,O"
րծանագիր քարը կրկնակի օգտագործման է,,րծանագիր,O,"O,O,O,O,O"
մեր ձեռքի տակ է մեծ երախտավոր թ թորամանյանի կատարած թ լուսանկարը որի վրա նույն վիճակն է արտահայտված,,մեր,O,"O,O,O,O,O,O,O,O,O,O,O,O,O,O,O,O,O"
այժմ ս գրիգոր լուսավորիչ եկեղեցին ներառնվածէ գյուղի մեջ շրջապատված բնակելի տներով,,այժմ,O,"O,O,O,O,O,O,O,O,O,O,O"
ճարտարապետական հորինվաձքով խաչածև հատակագծով կենտրոնագմբեթ եկեղեցի է,,ճարտարապետական,O,"O,O,O,O,O,O,O"
ուսումնասիրողների կողմից թվագրվում է դարի երկրորդ կեսով,,ուսումնասիրողների,O,"O,O,O,O,O,O,O"
վիմագրերի առաջին գիտական հրատարակությունն իրականացրել է հնագետ վիմագրագետ հուսիկ մելքոնյանը,,վիմագրերի,O,"O,O,O,O,O,O,O,O,O,O"
գուսիկ մելքոնյան դարի վիմագրեր նոր կյանք գյուղից լէրաբեր հաս գիտ թ էջ,,գուսիկ,O,"O,O,O,O,O,O,O,O,O,O,O,O"
ս գրիգորլուսավորիչեկեղեցի հյուսիսային պատին արևմտյան մասիվերևում ուռուցիկ տառերով տող,,ս,O,"O,O,O,O,O,O,O,O,O"
հրատ ալիշան նիրակ մինչև որ թողի առանց թվականի,,հրատ,O,"O,O,O,O,O,O,O,O"
գէորգեանց պակասավոր հ մելքոնյան լրաբեր,,գէորգեանց,O,"O,O,O,O,O"
ծանոթ գրված է ուռուցիկ գրերով և անարվեստ հայտնի է որ ուռուցիկ գրերը ավելի ենթակա են քայքայման,,ծանոթ,O,"O,O,O,O,O,O,O,O,O,O,O,O,O,O,O,O"
ններկա դեպքում քայքայված են չորրորդ տողի սկզբի մասերը,,ններկա,O,"O,O,O,O,O,O,O,O"
մարմաշենի վանքից պրակում տեղ էգտել արձանագրություն դրանցից ընախկինում հրատարակվել են հիմնականում աբել սխիթարյանցի արձ ղևոնդ ալիշանի արձ կարապետ բասմաջյանի արձ մելքիսեդեկ գևորգյանցի արձ հովսեփ օրբելու արձ և այլոց համապատասխան աշխատություններում,,մարմաշենի,O,"O,O,O,O,O,O,O,O,O,O,O,O,O,O,O,O,O,O,O,O,O,O,O,O,O,O,O,O,O,O"
նշված եկեղեցու վաղմիջնադարյան կառույց լինելու փաստը ևս հիմք է տալիս կարծելու որ,,նշված,O,"O,O,O,O,O,O,O,O,O,O,O,O"
ցանոթ մ գևորգյանցը թվականը կարդացել է ն իսկ անձնանունը՝ աթէոս,,ցանոթ,O,"O,O,O,O,O,O,O,O,O,O"
փոքր կամ վերին վանք գտնվում է համալիրից հյուսիս բլրի վրա որտեղ պահպանվել են խաչածև գմբեթավոր եկեղեցու ամդ հյուսիսային պատն ու շրջակա գերեզմանոցը,,փոքր,O,"O,O,O,O,O,O,O,O,O,O,O,O,O,O,O,O,O,O,O,O,O,O"
տապանաքար ուղղանկյուն սալ գավթում տող,,տապանաքար,O,"O,O,O,O,O"
հրատ մխիթարյանց տեղագրութիւն ալիշան նիրակ գէորգեանց բասմաջյան հաաբմ,,հրատ,O,"O,O,O,O,O,O,O,O"
ծանոթ կ բասմաջյանն այս տապանաքարը չի տեսել տեքստը վերցրել է մխիթարյանցից,,ծանոթ,O,"O,O,O,O,O,O,O,O,O,O,O"
տապանաթար ուղղանկյուն սալ գավթում տող այս հանգիստ,,տապանաթար,O,"O,O,O,O,O,O,O"
հրատ սխիթարյանց տեղագրութիւն ալիշան եիրակ գէորգեանց բասմաջյան հաաբմ,,հրատ,O,"O,O,O,O,O,O,O,O"
ծանոթ կ բասմաջյանն այս տապանաքարը նույնպես չի նկատել տեքստը վերցրել է սխիթարյանցից որը վերծանել է այսպես այս է հանգիստ ղա րիփիս որդւոյ ապուղամրի,,ծանոթ,O,"O,O,O,O,O,O,O,O,O,O,O,O,O,O,O,O,O,O,O,O,O,O,O"
նույնն է նաև մելքիսեդեկ գևորգյանցի մոտ,,նույնն,O,"O,O,O,O,O,O"
գլխավոր տածար հյուսիսային պատին արտաքուստ տող,,գլխավոր,O,"O,O,O,O,O,O"
գրչագիրն արտատպվածէ օրբելու հրատարակությունից,,գրչագիրն,O,"O,O,O,O"
աղբյուրագիտական հույժ կարևորություն ունեցող շինարարական նվիրատվական արձանագրությունը նախ և առաջ ուշագրավ է այն առումով որ հստակ սահմանում է վահրամ պահլավունու նախաձեռնությամբ գլխավոր եկեղեցու ապա վանքի մյուս եկեղեցիների կառուցման ժամանակահատվածը այն է հիմնադրումն սկսվել է հայոց նևէ թվականին և ավարտին հասել հայոց թվին,,աղբյուրագիտական,O,"O,O,O,O,O,O,O,O,O,O,O,O,O,O,O,O,O,O,O,O,O,O,O,O,O,O,O,O,O,O,O,O,O,O,O,O,O,O,O,O,O,O"
տեսակետ կա թե զվարթնոցատիպ այս եկեղեցին վանքի վաղագույն կառույցն է և թվագրվում է մւմոդդ այսինքն՝ վանքի հիմնադրումը պետք է կապել ոչ թե պահլավունիների այլ կամսարական տոհմի իշխանների անվան հետ որոնց սեփականությունն էր կազմում նաև շիրակը,,տեսակետ,O,"O,O,O,O,O,O,O,O,O,O,O,O,O,O,O,O,O,O,O,O,O,O,O,O,O,O,O,O,O,O,O,O,O,O,O"
դամբարանանման շենք վերոնշյալ հնագիտական պեղումների ընթացքում կլոր եկեղեցու և գավթի միջնամասում բացվել են նաև փոքր չափերով կառույցի ավերակները,,դամբարանանման,O,"O,O,O,O,O,O,O,O,O,O,O,O,O,O,O,O,O,O"
միակ մուտքը արևմտյան կողմից է,,միակ,O,"O,O,O,O,O"
ենթադրվում է թե այն ևս ժամանակակից է գլխավոր եկեղեցուն ու գավթին և թեպետ ներսում գերեզմանաքարեր չեն պահպանվել սակայն պետք է որ պահլավունյաց տոհմին պատկանած դամբարան եղածլինի,,ենթադրվում,O,"O,O,O,O,O,O,O,O,O,O,O,O,O,O,O,O,O,O,O,O,O,O,O,O,O,O"
ուշարձանախմբի արևելյան կողմում ինչպես նաև հյուսիսային կողմի բարձունքի վրա տարածվում է գերեզմանոցը,,ուշարձանախմբի,O,"O,O,O,O,O,O,O,O,O,O,O,O"
ս հասրաթյան սարմաշենի վանք էջ,,ս,O,"O,O,O,O,O"
պարիսպ ինչպես թ թորամանյանն է նկատում վահրամա հաստատությունները շրջափակված են եղել դ ոչ ուշ կառ,,պարիսպ,O,"O,O,O,O,O,O,O,O,O,O,O,O,O,O,O"
սիայն գետեզերքի մասն է մնացել շինությունների պատճառով,,սիայն,O,"O,O,O,O,O,O,O"
պահպանվել են կլոր գետնախարիսխը և պատերի ստորին երկու երեք շարերը,,պահպանվել,O,"O,O,O,O,O,O,O,O,O,O"
երրորդ տողի վերջի նոթաի շարյատ բառերից վերջինը հայտնի տուրքի անուն է դրան նախորդող եոթաւի բառը համարում ենք տեղանուն և հենց այս նոր կյանք գյուղի հնագույն անունը,,երրորդ,O,"O,O,O,O,O,O,O,O,O,O,O,O,O,O,O,O,O,O,O,O,O,O,O,O,O,O"
այս անունով գյուղ հիշատակված է երկու անգամ հոռոմոսի արձանագրությունների մեջ դարի սկզբում մեկ անգամ նաւթա գրությամբ որը վանքին է նվիրել խութլուխաթունը և մյուս անգամ նավթա սեռ շավթաի որը նույն վանքին է նվիրել անիի արքեպիսկոպոս տէր գրիգորը ալիշան նիրակ էջ,,այս,O,"O,O,O,O,O,O,O,O,O,O,O,O,O,O,O,O,O,O,O,O,O,O,O,O,O,O,O,O,O,O,O,O,O,O,O,O,O,O,O"
ներկա դեաքում դրանց ոչ թե տեղադրությունն է կարևոր այլ այդ անունով գյուղեր լինելը,,ներկա,O,"O,O,O,O,O,O,O,O,O,O,O,O,O"
չորրորդ տողի սկզբում վնասված է բառերը ըստ բովանդակության պետք էլինեին շարիատ կոչվող հարկով տրվող մթերքի անունները հնարավոր է որ առաջին բառը լիներ յեջին որի առաջին երկու գրերը պահպանվել են և երկրորդ կաթնամթերքի անուն,,չորրորդ,O,"O,O,O,O,O,O,O,O,O,O,O,O,O,O,O,O,O,O,O,O,O,O,O,O,O,O,O,O,O,O,O,O,O"
եինանյութ քարը ինքնին վատորակիէևհենցակզբիցեղելէչեչոտ ուծակոտկեն որիհետևանքովէլ տեղ տեղգրիչը շրջանցելով դրանք գրերը տեղավորել է իրարից հեռու բայց և մեկից բացի մնացած չորս արձանագրությունների գրիչը ևս ցածր որակի արհեստավոր է եղել,,եինանյութ,O,"O,O,O,O,O,O,O,O,O,O,O,O,O,O,O,O,O,O,O,O,O,O,O,O,O,O,O,O,O"
զարմանալի է թե ինչպես կաթողիկոսի և թագավորի անունից գրված այդ արձանագրությունները փորագրվել են նման վարպետի կողմից որի և գրերն են անարվեստ և տողերն անհամաչափ իսկ տեղադրությունը բոլորովին անճաշակ ու խառնէ,,զարմանալի,O,"O,O,O,O,O,O,O,O,O,O,O,O,O,O,O,O,O,O,O,O,O,O,O,O,O,O,O,O,O,O"
արձանագրությունները հողմահարված լինելու պատճառով հին տեղագիրները չեն վերծանել,,արձանագրությունները,O,"O,O,O,O,O,O,O,O"
միայն ալիշանը դրանցից չորսի թվական պարունակող առաջին տողերն է հաղորդել շիրակ,,միայն,O,"O,O,O,O,O,O,O,O,O,O,O"
մեր ժողովածուի մեջ տեղադրել ենք դրանցից ը ոմանք լրիվ ոմանք որոշ բացերով բայց բոլորի հիմնական բովանդակությունը պարզված է միայն մեկ արձանագրություն բաղկացած երկու կարճ տողերից և ուռուցիկ գրերով այնպիսի վիճակում է որ ոչինչ չի հասկացվում ուստի և բաց ենք թողել,,մեր,O,"O,O,O,O,O,O,O,O,O,O,O,O,O,O,O,O,O,O,O,O,O,O,O,O,O,O,O,O,O,O,O,O,O,O,O,O,O,O,O,O"
այդ խաթարված վիճակում էլ արձանագրությունները կարևոր նորություններ են հաղորդում պարզվում է որ,,այդ,O,"O,O,O,O,O,O,O,O,O,O,O,O"
ա գյուղի հին հայկական անունը եղել է նոթա,,ա,O,"O,O,O,O,O,O,O,O"
այդ անունը երկու անգամ հիշատակված է արձանագրությունների մեջ և անկասկածէ,,այդ,O,"O,O,O,O,O,O,O,O,O,O"
բ նոթա գյուղը դարի առաջին տարիներից պատկանել է հայոց կաթողիկոսարանին և սարգիս սնանցի կաթողիկոսը թվականին թողել է գյուղից գանձվող նարիատ կոչվող հարկը և թվականինէլ ջրանցք է կառուցել ապա նաև հողային վեճեր կարգավորել,,բ,O,"O,O,O,O,O,O,O,O,O,O,O,O,O,O,O,O,O,O,O,O,O,O,O,O,O,O,O,O,O,O,O,O"
իսկ գագիկ աբագրատունի թագավորնէլ թվականին եկեղեցուն է նվիրել ծըմբաքար կոչվող գյուղը իսկ այդանունով գյուղի հիշատակության սա միակ դեպքն է,,իսկ,O,"O,O,O,O,O,O,O,O,O,O,O,O,O,O,O,O,O,O,O"
ինչպես երևում էհենց այդ մուտքն էլ հնում եղել է հիմնականը,,ինչպես,O,"O,O,O,O,O,O,O,O,O,O"
այս դեպքում կարելի է ենթադրել որ կյուրիկյաններից բռնագրավված հողերից բաժին է հանվել կաթողիկոսությանը որը և հետագայում իբրև հայրենի տիրույթ վերադարծվել է գուրգենի որդիներին,,այս,O,"O,O,O,O,O,O,O,O,O,O,O,O,O,O,O,O,O,O,O,O,O,O,O"
ս գրիգոր լուսավորիչ եկեղեցի հյուսիսային պատի կենտրոնում մուտքից արևելք,,ս,O,"O,O,O,O,O,O,O,O,O"
նախորդ հրատարակչի վերծանության մեջ կան մի շարք տարընթերցումներ որոնցից մի քանիսի հետ մենք համածայն ենք լուսսւորչի բառից հետո հինգերորդ տողի անորոշ տառերը մելքոնյանը կարդացել է աթոռն ի տր սարգիս հաջորդ,,նախորդ,O,"O,O,O,O,O,O,O,O,O,O,O,O,O,O,O,O,O,O,O,O,O,O,O,O,O,O,O,O,O,O"
տողում ետու ից հետոիեմատակէը ի եաթ,,տողում,O,"O,O,O,O,O,O"
յոթերորդտողում սշխարհէս բառից հետոնա կարդացել էե,,յոթերորդտողում,O,"O,O,O,O,O,O"
սիր արնել աս մ էն իսկ անխափան ից հետո կիսեղծ ի,,սիր,O,"O,O,O,O,O,O,O,O,O,O,O"
ագրիգոր մւսավորիչ եկեղեյի արևելյան պատին արտաքուստ տող եսաւ եսաի,,ագրիգոր,O,"O,O,O,O,O,O,O,O,O"
ծանոթ այս անունը նկատել ենք վիմագրական զննման ժամանակ,,ծանոթ,O,"O,O,O,O,O,O,O,O"
բացառված չէ որ շհնարար վարպետի կամ ճարտարապետի անուն լինի,,բացառված,O,"O,O,O,O,O,O,O,O,O"
եկեղեցու հյուսիսային որմի արևելյան մասում առկա են եղծված ու անկապակից արծձանագրություններ ու դրանց առանձին մասեր նկ ա,,եկեղեցու,O,"O,O,O,O,O,O,O,O,O,O,O,O,O,O,O,O,O"
ս ծառայ սրթոյս գրիգորոյս դ մելքոնյան էջ,,ս,O,"O,O,O,O,O,O,O"
եղած արձանագրությունները սաստիկ հողմահարված քայքայված են,,եղած,O,"O,O,O,O,O,O"
հուշարձանի վրա եղած բոլոր արձանագրությունները գտնվում են հյուսիսային պատի վրա ձուտքի շուրջը,,հուշարձանի,O,"O,O,O,O,O,O,O,O,O,O,O,O"
արդյո՛ք այս դեպքերի հեռավոր արձագանքը չէքննվող արտոնագիրը,,արդյո՛ք,O,"O,O,O,O,O,O,O"
տիշտ է հոռոմոսի արձանագրությունների մեջ դարում երկու անգամ իիշատակված է համանուն գյուղ բայց հնարավոր է որ վերջինս հոռոմայրի վանքի մոտակայքում է եղել,,տիշտ,O,"O,O,O,O,O,O,O,O,O,O,O,O,O,O,O,O,O,O,O,O,O,O"
ս գրիգոր լուսավորիչ եկեղեյի հյուսիսային մուտքի գլխի խորշի կիսակամար պսակի վրա տող,,ս,O,"O,O,O,O,O,O,O,O,O,O,O,O"
հրատ նմելքոնյան լրաբեր,,հրատ,O,"O,O,O"
ցանոթ հ մելքոնյանը երկրորդ տողի վերջում աժանի ն վերծանել է ածանի իսկ երրորդ տողի վերջի վերծանվող բառը սրբէ,,ցանոթ,O,"O,O,O,O,O,O,O,O,O,O,O,O,O,O,O,O,O,O"
նրան հաջորդած դավիթ անհողինը մոտ իր եղբայր սմբատի հետ ոչ միայն ընդարձակեց թագավորության սահմանները այլև փործեց ազատվել գագիկ բագրատունու գերիշխանությունից,,նրան,O,"O,O,O,O,O,O,O,O,O,O,O,O,O,O,O,O,O,O,O,O"
վերջինս թ ծմռանը մեծ ուժերով մտավ լոռի պաշարեց շամշուլդեն և սկսեց ավերել թագավորության ամրությունները,,վերջինս,O,"O,O,O,O,O,O,O,O,O,O,O,O,O,O"
դավիթը չհամարծակվեց մարտի բռնվել հորեղբոր հետ,,դավիթը,O,"O,O,O,O,O,O"
յաղագս սակաւ լինելոյ զաւրաց նորա դավթի խմբ առ բազմութեամբ զաւրացն գագկայ այլ միջնորդութեամբ հայրապետին տեառն սարգսի եկն ի հնազանդութիւն գագկայ արքայի և հանդիպեցաւ նմա յաւանն շիրակայ,,յաղագս,O,"O,O,O,O,O,O,O,O,O,O,O,O,O,O,O,O,O,O,O,O,O,O,O,O,O,O"
եւ ուխտ խաղաղութեան հաստատեալ տեառն սարգսի կալ ի հնազանդութեան դաւթի իբրեւ որդի առ հայր եւ գագկայ հայրենի խնամով սիրել զնա ասողիկ,,եւ,O,"O,O,O,O,O,O,O,O,O,O,O,O,O,O,O,O,O,O,O,O,O"
արձանագրություններն այդպիսի քայքայված տեսք են ունեցել վաղուց ի վեր,,արձանագրություններն,O,"O,O,O,O,O,O,O,O,O"
նույնանուն գյուղեր տարբեր վայրերում սովորական երևույթ էր և հնում և ներկայումս,,նույնանուն,O,"O,O,O,O,O,O,O,O,O,O,O"
գ ձարմանալիէ որ դարի առաջին երկու տասնամյակների այդծաղկուն վիճակից հետոգյուղը ևեկեղեցին կորցրել են իրենց նշանակությունը ոչ միայն ավելի ուշ արձանագրություններ չկան այլև գյուղի անունն էլ մոռացվել է,,գ,O,"O,O,O,O,O,O,O,O,O,O,O,O,O,O,O,O,O,O,O,O,O,O,O,O,O,O,O"
եկեղեցին կոչվել է գրիգոր լուսավորչի անունով,,եկեղեցին,O,"O,O,O,O,O,O"
պատերի մեջ ագուցել են խաչքարեր ու քանդակազարդ քարերի բեկորներ,,պատերի,O,"O,O,O,O,O,O,O,O,O"
եկեղեցուց հարավ միջնադարյան գերեզմանոցն է որտեղ օրորոցածև և հարթ ուղղանկյունածև տապանաքարերից բացի պահպանվել են նաև խաչքարեր ու քառանիստ կոթողի պատվանդան,,եկեղեցուց,O,"O,O,O,O,O,O,O,O,O,O,O,O,O,O,O,O,O,O,O,O"
տապանագրերը հիմնականում դարերից են բացառությամբ մեկի որը վկայակոչում ենք ստորև,,տապանագրերը,O,"O,O,O,O,O,O,O,O,O,O"
տապանաքար ուղղանկյուն օրորոցաձև գյուղի հարավային գերեզմանոցում հարավային նիստին տող,,տապանաքար,O,"O,O,O,O,O,O,O,O,O"
ծանոթ դատելով տապանագրից ննջեցյալները երկուսն են հայր և որդի ալեքսանն ու հակոբը ովքեր թերևս համաճարակից կամ դժբախտ պատահարից են մահացել,,ծանոթ,O,"O,O,O,O,O,O,O,O,O,O,O,O,O,O,O,O,O,O,O,O"
միևնույն տապանաքարի վրա երկու ննջեցյալի անվան առկայությունը բնավ չի ենթադրում թե նրանք թաղվել են մեկտեղ,,միևնույն,O,"O,O,O,O,O,O,O,O,O,O,O,O,O,O,O"
գյուղի հարավային եզրին բարձրանում է դարի մի եկեղեցի որը վերանորոգումների ու կարկատանների է ենթարկվել դարում սակայն հիմնականում պահպանել է իր հին ձևը,,գյուղի,O,"O,O,O,O,O,O,O,O,O,O,O,O,O,O,O,O,O,O,O,O,O,O"
ժամանակին նա այլ եկեղեցիների նման ամրացվել և վեր է ածվել բերդի,,ժամանակին,O,"O,O,O,O,O,O,O,O,O,O,O"
այժմ շրջապատի այդ հավելումները վերացված են,,այժմ,O,"O,O,O,O,O,O"
հ եղիազարյանը վերծանել է թուիս ն ես սատաթէս կանգնեցի,,հ,O,"O,O,O,O,O,O,O,O,O"
հատ մխիթարյանց տեղագրութիւն գէորգեանց բասմաջյան հաաբմ եղիազարյան էջմիածին ե,,հատ,O,"O,O,O,O,O,O,O,O,O"
արթիկ շրջան հայկ խսգում,,արթիկ,O,"O,O,O,O"
ալաման գյուղ կարսի մարզում,,ալաման,O,"O,O,O,O"
ալեքսանդրա ս եկեղեցի ալեքսանդրապոլ բերդամրոցում,,ալեքսանդրա,O,"O,O,O,O,O"
ալեքսանդրապոլ սև բերդ բերդ ամրոց գյումրիում,,ալեքսանդրապոլ,O,"O,O,O,O,O,O"
ախուրյան գետ հգ ում,,ախուրյան,O,"O,O,O,O"
ախուրյան շրջան հայկ խսգում,,ախուրյան,O,"O,O,O,O"
ամասիա շրջան հայկ խսյ ում,,ամասիա,O,"O,O,O,O,O"
փիլիպե քաջ եղբայր յակոբի հիշատակված է,,փիլիպե,O,"O,O,O,O,O,O"
լմբատավանք ս ստեփանոս եկ թմբուկի հյած նիստ արտ,,լմբատավանք,O,"O,O,O,O,O,O,O,O"
սարակապ ս աստվածածին եկ ոռ կանոնաիրավական հվ պատ արտ,,սարակապ,O,"O,O,O,O,O,O,O,O,O"
դարերի ընթացքում օտարների վայրագություններից վանքը ի մասնավորի կաթողիկե եկեղեցին բազմաթիվ վնասներ էր կրել ու անմխիթար վիճակում հայտնվել,,դարերի,O,"O,O,O,O,O,O,O,O,O,O,O,O,O,O,O,O,O"
կաթողիկե եկեղեցի կամ գլխավոր տաճար ինչպես արդեն նշվեց վանքի առաջին ու գլխավոր շինությունն է կառուցված վահրամ պահլավունու կողմից,,կաթողիկե,O,"O,O,O,O,O,O,O,O,O,O,O,O,O,O,O,O,O,O"
եկեղեցու կառուցման ժամանակահատվածը սամուել անեցին սահմանում է հայոց նլե նխգ այսինքն թթ միջակայքում սկիզբն շինուածոյ մեծանուն եւ վայելչաշէն զարմանակերտ եւ հոյակապ ուխտին սարմաշինոյ ի քրիստոսասէր իշխանաց իշխանէն վահրամայ որ էր թոռն ապուղամրի սկսեալ ի նևե ամէն եւ աւարտեալ ի նխ գ որ լինի ը ամ,,եկեղեցու,O,"O,O,O,O,O,O,O,O,O,O,O,O,O,O,O,O,O,O,O,O,O,O,O,O,O,O,O,O,O,O,O,O,O,O,O,O,O,O,O,O,O,O,O,O,O"
աբկ արքեպիսկոպոս մխիթարեանց երկերի ժողովածու էջ,,աբկ,O,"O,O,O,O,O,O"
հասրաթյան մարձաշենի վանք քրիստոնյա հայաստան հանրագիտարան էջ,,հասրաթյան,O,"O,O,O,O,O,O,O"
սամուկ անեցիեւ շարունակողներ ժամանակագրութիւն նդամից մինչեւ թ աշխատ կ մաթեւոպանի երևան էջ,,սամուկ,O,"O,O,O,O,O,O,O,O,O,O,O,O"
կարծում է որ շինությունը պարբերաբար ընդիատված է եղեր որ այղքան ուշ վարջացել է եթց ոչ այդքան երկար տևելուչափ մեծ չէշենքը,,կարծում,O,"O,O,O,O,O,O,O,O,O,O,O,O,O,O,O,O,O,O,O,O"
կաթողիկե եկեղեցին երկու զույգ որմնամույթերով գմբեթավոր դահլիճ է ընդ որում գմբեթը շենքի արտաքին ձավալում գրավում է կենտրոնական դիրք,,կաթողիկե,O,"O,O,O,O,O,O,O,O,O,O,O,O,O,O,O,O,O,O"
եկեղեցու ներսի որմնամույթերը մշակված են որձնախրձերով ավագ խորանը՝ որմնախորշերով նման անիի ճարտարապետությանը իսկ արտաքուստ հայկական խորշեր ով,,եկեղեցու,O,"O,O,O,O,O,O,O,O,O,O,O,O,O,O,O,O,O"
նիստանի գմբեթը պսակված է հովանոցածև վեղարով զարդարված փոքր ճակտոններով միմյանց հետ կապված կիսասյուների փնջերով,,նիստանի,O,"O,O,O,O,O,O,O,O,O,O,O,O,O,O"
ենթադրվում է թե այս եկեղեցին ևս տրդատ ճարտարապետի ձեռակերտն է,,ենթադրվում,O,"O,O,O,O,O,O,O,O,O,O"
մի որոշ ժամանակ կառույցը եղել է իբրև ձխական եկեղեցի իսկ թվականից դադարել է գործել,,մի,O,"O,O,O,O,O,O,O,O,O,O,O,O,O,O"
ալաշկերտ քաղաք արևմտյան հայաստանում,,ալաշկերտ,O,"O,O,O,O"
ազատա ագարակ բագարանում որը նվիրաբերվել է մարմաշենի վանքին իբրև հայրենի գյուղ է հիշատակված,,ազատա,O,"O,O,O,O,O,O,O,O,O,O,O,O,O"
գլխավոր տատար արեմտյան պատին մուտքի հյուսիսային հատվածում ագուցված փոքր խաչքարի տակ տող,,գլխավոր,O,"O,O,O,O,O,O,O,O,O,O,O,O"
ագարակ գյուղ կարսի մարզում,,ագարակ,O,"O,O,O,O"
արևելյան նիրակ տես եիրակի մարզ,,արևելյան,O,"O,O,O,O,O"
որը նվիրաբերվել է լմբատավանքին,,որը,O,"O,O,O,O"
աւշական շական գյուղ արագածոտնում որտեղից այգիներ և ջաղաց են նվիրաբերել սարմաշենի վանքին,,աւշական,O,"O,O,O,O,O,O,O,O,O,O,O,O"
բագնայր վանք անիի շրջանում,,բագնայր,O,"O,O,O,O"
աստվածածին ս եկեղեցի սարակապ գյուղում,,աստվածածին,O,"O,O,O,O,O"
բադռըճի այգի որը շնորհվել է պենզաշենի զորավորաց եկեղեցուն,,բադռըճի,O,"O,O,O,O,O,O,O,O"
կուղպակներ են նվիրաբերվել սարմաշենի վանքին,,կուղպակներ,O,"O,O,O,O,O"
այրարատ նահանգ սեծ հայքում,,այրարատ,O,"O,O,O,O"
տամպատ վախճանվել է պատերազմի ժամանակ,,տամպատ,O,"O,O,O,O,O"
տեր մինասյան երվանդ տեր ներսիսյան սիրարփի տեր ստեփանյան արմեն տիգրան տե՛ս տիգրան հէպոյեան,,տեր,O,"O,O,O,O,O,O,O,O,O,O,O,O,O"
տիգրան անձեւացի հայոց մարզպան հայր վահրամ պահլավունու սոփեա տիկնոջ հիշատակվածէ,,տիգրան,O,"O,O,O,O,O,O,O,O,O,O"
տիգրան գէորգեան գրիգորեանց հիշատակվածէ,,տիգրան,O,"O,O,O,O"
տիգրան հէպոյեան հիշատակված է տիգրանյան արմեն,,տիգրան,O,"O,O,O,O,O,O"
տիկրան դաւթեանց բանդիվան գյուղի հիմնադիրներից,,տիկրան,O,"O,O,O,O,O"
տիրատուր հիշատակված է տիրատուր նվիրատու հառիճավանքի,,տիրատուր,O,"O,O,O,O,O,O"
տնկի հիշատակվածէ տոմէ վարդապետ գրիչ տրդատ ճարտարապետ,,տնկի,O,"O,O,O,O,O,O,O"
տուտ հայր գրիգոր վարդապետի հիշատակվածէ,,տուտ,O,"O,O,O,O,O"
անի որտեղից տներ և,,անի,O,"O,O,O,O"
ուքան քարիմադին եղբայր պապքանի ռուս,,ուքան,O,"O,O,O,O,O"
քալանթար աշխարհբեկ քալանթարյան արամ քյոշկերյան արմինե քյոսեյան հակոբ քյուրտյան հարություն քողա հայր գրիգորի հիշատակված է քրիստափոր,,քալանթար,O,"O,O,O,O,O,O,O,O,O,O,O,O,O,O,O,O"
քրիստոսատուր որի բարեխոսության համար խաչ է քանդակվել,,քրիստոսատուր,O,"O,O,O,O,O,O,O"
թ դեկտեմքերի ի երկրաշարժից մեծ ճաքեր են գոյացել եկեղեցու հատկապես հարավային որմին ու գմբեթին,,թ,O,"O,O,O,O,O,O,O,O,O,O,O,O,O,O"
հուսիսային եկեղեցի կառուցված է կաթողիկե եկեղեցու հյուսիսային պատին զուգահեռ և իր ճարտարապետական ու քանդակային հարդարանքի լուծումներով կաթողիկեի առավել փոքրաչափ ընդօրինակությունն է,,հուսիսային,O,"O,O,O,O,O,O,O,O,O,O,O,O,O,O,O,O,O,O,O,O,O"
կառուցված է հավանաբար նույն ժամանակաշրջանում այսինքն՝ դարձյալ վահրամ պահլավունու նախաձեռնությամբ,,կառուցված,O,"O,O,O,O,O,O,O,O,O,O"
եկեղեցին կիսով չափ քանդվել է թ երկրաշարժից,,եկեղեցին,O,"O,O,O,O,O,O,O"
բուն համալիրն ըստ էության հիմնադրել է իշխանաց իշխան և հայոց սպարապետ վահրամ պահլավունին որն ըստ գլխավոր տամարի հարավային պատի ընդարձակ արձանագրության թթ կառուցել է կաթողիկե եկեղեցին և այլ շինություններ ու վանքին նվիրել գյուղեր այգիներ անիում տներ ու կրպակներ արձ,,բուն,O,"O,O,O,O,O,O,O,O,O,O,O,O,O,O,O,O,O,O,O,O,O,O,O,O,O,O,O,O,O,O,O,O,O,O,O,O,O,O,O"
սարմաշենի վանքն եղել է պահլավունիների տոհմական տապանատունը,,սարմաշենի,O,"O,O,O,O,O,O,O"
դվինի ճակատամարտում թ զոհված վահրամ պահլավունին հանգչում է կաթողիկե եկեղեցու արևմտյան կողմում երքեմնի գոյություն ունեցած գավթում,,դվինի,O,"O,O,O,O,O,O,O,O,O,O,O,O,O,O,O,O"
դ սպարապետի գերեզմանին ուղղանկյուն օրորոցածև նոր տապանաքար է դրվել,,դ,O,"O,O,O,O,O,O,O,O,O"
զռ սելջուկ թուրքերի արշավանքներից վանքն ավերվել է իսկ կաթողիկե եկեղեցին վերածվել բերդի,,զռ,O,"O,O,O,O,O,O,O,O,O,O,O,O"
սիայն դ առաջին կեսին ըստ եկեղեցու հարավային պատի արձանագրության զաքարյան իշխանները կարողանում են պահլավունիներին չերադարծնել իրենց հայրենի կալվածքներն ու մարմաշենի վանքը,,սիայն,O,"O,O,O,O,O,O,O,O,O,O,O,O,O,O,O,O,O,O,O,O,O"
այս շրջանում վահրամ պահլավունու թոռներ գրիգոր արքեպիսկոպոսն ու ղարիք իշխանը նորոգում են վանքն ու միաբանություն հաստատում վերջիններս ևս թաղված են գավիթտապանատանը,,այս,O,"O,O,O,O,O,O,O,O,O,O,O,O,O,O,O,O,O,O,O,O,O"
դրանց ներքևի մի մեծ քարի վրա մնացել է տողից շատ մաշված արձանագրություն,,դրանց,O,"O,O,O,O,O,O,O,O,O,O,O,O"
կլոր հատակագծով քառախորան եկեղեցի ամալիրի հարավարևմտյան կողմում թթ հնագիտական պեղումների ընթացքում բացվել են կլոր հատակագծով չորս ավանդատներով քառախորան գմբեթավոր եկեղեցու մնացորդները,,կլոր,O,"O,O,O,O,O,O,O,O,O,O,O,O,O,O,O,O,O,O,O,O,O"
ինչպես նկատում է ս հասրաթյանը եկեղեցին իր հորինվածքով նման է խծկոնքի վանքի ս սարգիս եկեղեցուն թթդ,,ինչպես,O,"O,O,O,O,O,O,O,O,O,O,O,O,O,O,O,O"
հրատ սխիթարյանց տեղագրութիւն ալիշան եիրակ գէորգեանց բասմաջյան հաաբմ եղիազարյան էջմիածին,,հրատ,O,"O,O,O,O,O,O,O,O,O,O"
ցանոթ րդ տողում ջաղացանի բառից առաջ եղծված է մեկ տառ րդ տողում ամենայն բառից առաջ քարին փոսիկ է արված րդ տողում տարոյն ում ջնջված են իս տառերը,,ցանոթ,O,"O,O,O,O,O,O,O,O,O,O,O,O,O,O,O,O,O,O,O,O,O,O,O,O,O,O,O"
բավական ընդարձակ այս արձանագրությունը ևս կարևոր աղբյուրագիտական տեղեկություններ է հաղորդում ժամանակի սոցիալ տնտեսական ու եկեղեցական կյանքի մասին,,բավական,O,"O,O,O,O,O,O,O,O,O,O,O,O,O,O,O,O,O"
այն նախ փաստում է գլխավոր եկեղեցու նորոգումը թ ապուղամը սագիստրոսի որդու գրիգոր արքեպիսկոպոսի խարիփի վահրամ պահլավունու թոռների նախածեռնությամբ,,այն,O,"O,O,O,O,O,O,O,O,O,O,O,O,O,O,O,O,O,O"
սրանով էր պայմանավորված նորոգչական աշխատանքների նախածձեռնումը որի արդյունքում ոչ միայն բազում նվիրաբերումներ են արվում վանքին այլև այն պայծառացնում են ոսկյա ու արծաթյա եկեղեցական սպասքով աստվածաշնջան գրքերով և այլ սրբություններով,,սրանով,O,"O,O,O,O,O,O,O,O,O,O,O,O,O,O,O,O,O,O,O,O,O,O,O,O,O,O,O,O,O"
տեղեկանում ենք նաև որ պատերազմում նահատակված խարիփի նշխարներն ամփոփվել են վանքում մերձ ի դրան սրբոյ կաթողիկէիս վահրամ պահլավունու շիրմին կից,,տեղեկանում,O,"O,O,O,O,O,O,O,O,O,O,O,O,O,O,O,O,O,O,O,O"
գխավոր տաշար հարավային պատին արտաքուստ տող,,գխավոր,O,"O,O,O,O,O,O"
հատ սխիթարյանց տեղագրութիւն ալիշան եիրակ,,հատ,O,"O,O,O,O,O"
գէորգեանց բասմաջյան հաաբս եղիազարյան էջմիածին ե,,գէորգեանց,O,"O,O,O,O,O,O"
գխավոր տաշար հյուսիսային ավանդատան մուտքի վերևում ներքուստ տող,,գխավոր,O,"O,O,O,O,O,O,O,O"
հրատ սխիթարյանց տեղագրութիւն ալիշան եիրակ գէորգեանց բասմաջյան հասբս,,հրատ,O,"O,O,O,O,O,O,O,O"
ծանոթ օրբելու հրատարակության մեջ չորրորդ տողի սկզբում վրիպվել է նախորդ զխաչին բառի ին մասնիկը,,ծանոթ,O,"O,O,O,O,O,O,O,O,O,O,O,O,O,O"
հայկական ճարտարապետության անիի դպրոցի լավագույն կառույցներից սարմաշենի վանքը գտնվում է նիրակի մարզի վահրամաբերդ գյուղից մ հարավ արևմուտք ախուրյան գետի ձծախ ափին աբել արք մխիթարյանցի նկարագրմամբ մարմաշէն անուանեալ հոյակապեկեղեցին շինեալ յափն ախուրեան գետոյ ի նիրակ ի վահրամայ պահլաւունւոյ յընդարձակ ձորամիջին ի տափարակ վայրի ի հիւսիսոյ արևմտից մերձ ի շրջապատ լերինսն տայոց գաւառի,,հայկական,O,"O,O,O,O,O,O,O,O,O,O,O,O,O,O,O,O,O,O,O,O,O,O,O,O,O,O,O,O,O,O,O,O,O,O,O,O,O,O,O,O,O,O,O,O,O,O,O,O,O,O,O"
ծանոթ ս բարխուդարյանը թվականի միավորը կարդացել է դ մասամբ եղծված լինելու պատճառով չի կարդացել քահանայի անունը,,ծանոթ,O,"O,O,O,O,O,O,O,O,O,O,O,O,O,O,O,O"
ս մինաս եկեղեցի արևմտյան պատի հյուսիսային կողմում երեք խաչանշանների տակ տող,,ս,O,"O,O,O,O,O,O,O,O,O,O,O"
ապրիլին բռնկվում է նաև ռուս թուրքական պատերացմը բալկանյան և կովկասյան ռազմաճակատներով,,ապրիլին,O,"O,O,O,O,O,O,O,O,O,O,O"
կենտրոնագմբեթ փոքր եկեղեցի գտնվում է կաթողիկեի հարավային կողմում,,կենտրոնագմբեթ,O,"O,O,O,O,O,O,O,O"
եկեղեցին ներքուստ խաչածև անկյուններում ավանդատներով կենտրոնագմբեթ կառույց է հարազատ դդ,,եկեղեցին,O,"O,O,O,O,O,O,O,O,O,O"
գավիթ կից է եղել կաթողիկե եկեղեցու արևմտյան պատին,,գավիթ,O,"O,O,O,O,O,O,O,O"
ներկայումս պահպանվել են միայն պատերի ստորին շարերն ու պուների խարիսխները,,ներկայումս,O,"O,O,O,O,O,O,O,O,O,O"
կառուցված պետք է լինի դարձյալ վահրամ պահլավունու օրոք դ քառասպյուն կենտրոնակազմ գավիթների հորինվածքով,,կառուցված,O,"O,O,O,O,O,O,O,O,O,O,O,O,O"
սարմաշենի վանքի հուշարձծանախումբը բաղկացած է հետևյալ կառույցներից,,սարմաշենի,O,"O,O,O,O,O,O,O"
հայտնի է որ դ ական թթ ռուս թուրքական պատերազմից հետո կարսից գաղթած մի խումբ հայեր այստեղ բնակություն են հաստատում իսկ նույն դարավերջին սկրտիչ ա վանեցի խրիմյան կաթողիկոսը վանքում բարենորոգչական աշխատանքներ է ծավալում,,հայտնի,O,"O,O,O,O,O,O,O,O,O,O,O,O,O,O,O,O,O,O,O,O,O,O,O,O,O,O,O,O,O,O,O,O"
վանքի պատմության հետագա դարերի մասին տեղեկությունները կցկտուր են,,վանքի,O,"O,O,O,O,O,O,O,O"
այս համեմատաբար խաղաղ շրջանը սակայն երկար չի տևում թաթար մոնդոլների արշավանքների ժամանակ ևս վանքն ամայանում էու լքվում,,այս,O,"O,O,O,O,O,O,O,O,O,O,O,O,O,O,O,O,O"
պատմությունից հայտնի է որ նիկոլայ իի օրոք է տեղի ունեցել գուսաար կական պատերազմը որն ավարտվել էթուրքմենչայի թ երկկողմանի հաշտության պայմանագրով ըստ որի պարսկաստանը պաշտոնապես ճանաչեց երևանի ու նախիջևանի խանությունների և օրդուբադի գավառի միացումը ռուսաստանին,,պատմությունից,O,"O,O,O,O,O,O,O,O,O,O,O,O,O,O,O,O,O,O,O,O,O,O,O,O,O,O,O,O,O,O,O,O,O,O"
ռուսների տևական հաջողություններից հետո եամանյան սահմուդ ոսուլթանի խնդրանքով այն ավարտվում է թ ադրիանապոլսի հաշտության պայմանագրով ըստ որի թուրքիան ճանաչեց գյուլիստանի և թուրքմենչայի պայմանագրով հաստատված անդրկովկասի միացումը ռուսաստանին,,ռուսների,O,"O,O,O,O,O,O,O,O,O,O,O,O,O,O,O,O,O,O,O,O,O,O,O,O,O,O,O"
եկեղեցին կոչվում է ս մինաս,,եկեղեցին,O,"O,O,O,O,O"
ահա հենց այս դեպքերի փաստացի վավերագիրը կարելի է համարել հիշյալ արձանագրությունը որի թվագրումը պետք է մահմանել թթ միջև քանի դեռ եփրեմ կաթողիկոսը չէր հրաժարվել գահից,,ահա,O,"O,O,O,O,O,O,O,O,O,O,O,O,O,O,O,O,O,O,O,O,O,O,O,O,O"
տարակուսելի է մնում օսմանյան սուլթան սահմուդ ի անվան հիշատակումը համիթ ձևով,,տարակուսելի,O,"O,O,O,O,O,O,O,O,O,O,O"
հայտնի է որ սահմուդը աբդուլ գամիդ իի որդին էր հետևաբար միգուցե հոր անվան հիշողությամբ փորագրիչը սխալմամբ վկայակոչել է աբդուլ ամիդ իին,,հայտնի,O,"O,O,O,O,O,O,O,O,O,O,O,O,O,O,O,O,O,O,O,O,O"
ս գիփսիսե եկեղղեցի հարավային մուտքի բարավորին տող,,ս,O,"O,O,O,O,O,O,O"
պ հ հայաստանը թվականներին երևան է,,պ,O,"O,O,O,O,O,O"
գյուղամիջում կա րդդարի խաչաձև եկեղեցու ավերակ որից մնացել են հյուսիսային խաչաթևի կլոր մասը բազմանիստ և հիմնապատերը,,գյուղամիջում,O,"O,O,O,O,O,O,O,O,O,O,O,O,O,O,O,O"
արևմտյան պատի հյուսիսային մասը կիսովին կանգունէ,,արևմտյան,O,"O,O,O,O,O,O"
գլխավոր տածճարի արևմտյան պատին այսօր էլ տեսանելի են երբեմնի կից գավթի կրաշաղախի հետքերը,,գլխավոր,O,"O,O,O,O,O,O,O,O,O,O,O,O,O"
այդպատի հյուսիսային մասում երեսպատման մի քարի վրա քանդակված են ուռուցիկ խաչեր,,այդպատի,O,"O,O,O,O,O,O,O,O,O,O,O"
վերջինս մենք ևս նկատեցինք սակայն վերծանությունը շարունակում է մնալ պայմանական նկ բ,,վերջինս,O,"O,O,O,O,O,O,O,O,O,O,O,O"
բնակավայրի պատմամշակութային անցյալը հիմնականում ներկայացված է վաղագույն դարաշրջանների հուշարծաններով,,բնակավայրի,O,"O,O,O,O,O,O,O,O,O"
ականթթ գյուղի հյուսիսարևելյան սահմանը եզերողբլրաշարքին կատարված հնագիտական պեղումները մեծարժեք հայտնագործություններ ընձեռեցին,,ականթթ,O,"O,O,O,O,O,O,O,O,O,O,O"
հրատ աշ սանուչարյան եպաժ,,հրատ,O,"O,O,O,O,O,O,O,O,O,O,O,O,O,O,O,O"
դատելով այս հաղորդումից սույն տապանաքարերը թերևս իրենց տեղում չեն,,դատելով,O,"O,O,O,O,O,O,O,O,O"
հրատ աշ մանուչարյան եպաժ,,հրատ,O,"O,O,O,O"
պատմական այս արժեքավոր տապանաքարերը նում են վահրամաշեն կաթողիկեի արևելյան կողմի հին գերեզմանատան մեջ բոլորովին անսնաժ փչացման և կորստյան ենթակա վիճակի մեջ և արդեն ինչպես կերևի լուսանկարներից վոտրատղլ և մաշվել են թե բնության ազդեցության և թե տգետ մարդկանց անհոգության պատճառով,,պատմական,O,"O,O,O,O,O,O,O,O,O,O,O,O,O,O,O,O,O,O,O,O,O,O,O,O,O,O,O,O,O,O,O,O,O,O,O,O,O,O,O"
ունի ներկայիս վահրամաբերդ գյուղը խմբ են տարեր վահրամաշեն կաթողիկեն կանգնված գյուղը վահրամի և իր կնոջ սոփիայի տապանաքարերը,,ունի,O,"O,O,O,O,O,O,O,O,O,O,O,O,O,O,O,O,O"
թ թորամանյանը թ սեպտեմբեր ամսին այցելելով մարմաշենի վանք իր նոթերում անդրադառնալով վերոհիշյալ երկու տապանաքարերին գրում է գյուղացի ձերերի պատմելով այս գյուղից նկատի,,թ,O,"O,O,O,O,O,O,O,O,O,O,O,O,O,O,O,O,O,O,O,O,O,O"
սրբատաե քարաբեկոր տող անկանոն տառաձևերով,,սրբատաե,O,"O,O,O,O,O"
հրատ աշ սանուչարյան եպսժ,,հրատ,O,"O,O,O,O,O,O,O,O,O,O,O,O"
նտակ է որ ննջեցյալը վահրամ պահլավունու որդի ապուղամրի աբուխամը կինն է որը կյանքից հեռացել է վաղաժամ սուգու կսկիծ թողնելով ամուսնու և ծնողների սրտում,,նտակ,O,"O,O,O,O,O,O,O,O,O,O,O,O,O,O,O,O,O,O,O,O,O,O,O"
եինաքար գլխավոր տաճարի ներսում գտնվել է պեղումների ժամանակ տող,,եինաքար,O,"O,O,O,O,O,O,O,O,O"
հատ բասմաջյան հաաբմ,,հատ,O,"O,O,O"
մարմաշեն գլխավոր տաճար հյ պատ արտ ոհդ շինարարականնվիրատվական հառիճավանք գավթի հյ պատ ներ ոչդ նվիրատվական,,մարմաշեն,O,"O,O,O,O,O,O,O,O,O,O,O,O,O,O,O"
ծանոթ արձանագրության պակասավոր մասերը լրացրել ենք կ բասմաջյանի վերծանությունից,,ծանոթ,O,"O,O,O,O,O,O,O,O,O"
հառիճավանք գավթի հյ պատ ներ,,հառիճավանք,O,"O,O,O,O,O"
հառիճավանք գավթի հյ պատ ներ կանոնաիրավական կանոնաիրավական նվիրատվական,,հառիճավանք,O,"O,O,O,O,O,O,O,O"
հառիճավանք գավթի հյ պատ ներ ոչդ նվիրատվական աից կանը գավթի աե պատ ներ որմնանկարի ոչդ հիշատակագրություն,,հառիճավանք,O,"O,O,O,O,O,O,O,O,O,O,O,O,O,O,O,O"
լմբատավանք ս ստեփանոս եկ հյ պատ արտ,,լմբատավանք,O,"O,O,O,O,O,O,O"
կամարիքար գավթում հիմնախաչի հորիզոնական թնի շուրջ տող,,կամարիքար,O,"O,O,O,O,O,O,O"
ծանոթ խոսքը թերևս խաչքարի պատվիրատուի մասին է որի համար աստծուց ողորմություն է հայցվում,,ծանոթ,O,"O,O,O,O,O,O,O,O,O,O,O,O,O"
հրատ եղիազարյան էջմիածին ե,,հրատ,O,"O,O,O,O"
ծանոթ ե տառերը փոքրատառ են,,ծանոթ,O,"O,O,O,O,O"
տապանաքար հյուսիսային եկեղեցու արևձտյան մուտքի առաջ տող,,տապանաքար,O,"O,O,O,O,O,O,O"
ննջեցյալը կյանքից հեռացել է վաղաժամ,,ննջեցյալը,O,"O,O,O,O,O"
հատկապես մատնանշելի է այն երևույթը որ պեղումներով բացահայտվեցին տարածաշրջանի պատմության զարգացման մթա հազարամյակի կեսերից մինչև մ թ հազարամյակի կեսերը գոյատևածբոլոր փուլերը իդեմսպալեոլիթյանկայանի վաղբրոնզիդարաշրջանիքնակավայրիուդամբարանադաշտի միջին բրոնզի դարաշրջանի բնակավայրի ուշ քրոնզ վաղ երկաթի դարաշրջանների ամրոց բնակավայր և դամբարանադաշտ ուրարտական և վաղ միջնադարյան դարաշրջանների ամրոցներ,,հատկապես,O,"O,O,O,O,O,O,O,O,O,O,O,O,O,O,O,O,O,O,O,O,O,O,O,O,O,O,O,O,O,O,O,O,O,O,O,O,O,O,O,O,O,O"
ժայոաբեկոր խաչանեանով հիմնախաչի վերին ձախ անկյունում տող,,ժայոաբեկոր,O,"O,O,O,O,O,O,O"
ծանոթ գյուղի դ եկեղեցին վերակառուցվել է թ ռուսաց նիկոլայ կայսեր օրոք,,ծանոթ,O,"O,O,O,O,O,O,O,O,O,O,O"
արձանագիրքար սահակյան գևորգի բակում կառուցված մատուռի մուտքի դիմաց տող,,արձանագիրքար,O,"O,O,O,O,O,O,O,O,O"
բնակիչներից մեկի բակում կառուցված մատուռի մուտքի մոտ է գտնվում ռուսաց նիկոլայ կայսեր անվանակիր մի քար,,բնակիչներից,O,"O,O,O,O,O,O,O,O,O,O,O,O,O,O,O"
գյուղի տարածքում առկա են պատմամշակութային երեք հուշարծան երկու դդ գերեզմանոց որոնցում թաղումներ են կատարվել նաև հետագայում և դ եկեղեցի գյուղի մեջ,,գյուղի,O,"O,O,O,O,O,O,O,O,O,O,O,O,O,O,O,O,O,O,O,O,O"
եկեղեցու հարավարևելյան կողմում տարածվում է դ գերեզմանոցը,,եկեղեցու,O,"O,O,O,O,O,O,O"
տիրանավոր եկեղեցի ներսում հյուսիսային պատին հենած ուղղանկյուն սալին տող,,տիրանավոր,O,"O,O,O,O,O,O,O,O,O"
սորին ձլեյռաս բյ տլիյրլայցլոյ պայրլայպետին,,սորին,O,"O,O,O,O,O"
արձանագրության գրիչը կամ քանդակողն ըստ էության տիրացու կարապետն է,,արձանագրության,O,"O,O,O,O,O,O,O,O,O"
տապանաքար հարավային գերեզմանոցում ուղղանկյուն օրորոցածձև հարավային նիստին,,տապանաքար,O,"O,O,O,O,O,O,O"
ծանոթ ննջեցյալը արոյի որդի պապոն է որը կյանքից հեռացել է վաղաժամ տարեկան հասակում,,ծանոթ,O,"O,O,O,O,O,O,O,O,O,O,O,O,O"
ղազարն ըստ էության քարգործ վարպետնէ,,ղազարն,O,"O,O,O,O,O"
տապանաքար ուղղանկյուն օրորոցաձև հարավային նիստին տող,,տապանաքար,O,"O,O,O,O,O,O"
տապանաքար օրորոցաձև հարավային նիստին տող,,տապանաքար,O,"O,O,O,O,O"
ժամանակակից քեթի գյուղը հիմնադրվել է թ և սկզբնապես կոչվել մեծ քեթի,,ժամանակակից,O,"O,O,O,O,O,O,O,O,O,O,O"
գյուղի վաղագույն հուշարծաններն են մ թ ա ու հազարամյակների սղնախ ամրոցը հորներ կրաքարի սար բնակատեղիներն ու դամբարանադաշտերը,,գյուղի,O,"O,O,O,O,O,O,O,O,O,O,O,O,O,O,O,O,O"
այստեղ է գտնվում նաև մ թ ա դդ զորանոց ամրոցը,,այստեղ,O,"O,O,O,O,O,O,O,O,O,O"
սիջնադարյան հուշարծձաններից գյուղում պահպանվել են տարբեր դարաշրջանների եկեղեցիների և մատուռների մնացորդներ ու գերեզմանոցներ,,սիջնադարյան,O,"O,O,O,O,O,O,O,O,O,O,O,O,O"
գյուղում կան բազմաթիվ մատուռ սրբատեղեր որոնցից մեկում գտնվում է վաղմիջնադարյան քառանիստ կոթողի երկուպատվանդան շրջանի մեջ ներառվածհավասարաթև խաչերովու բուսական զարդաքանդակներով,,գյուղում,O,"O,O,O,O,O,O,O,O,O,O,O,O,O,O,O,O,O,O,O"
տապանաքարերից մի քանիսն արձանագիր են որոնցից մեկը ներառեցինք պրակում,,տապանաքարերից,O,"O,O,O,O,O,O,O,O,O"
ծանոթ մանուչարյանը երկրորդ բառը կարդացել է սլուրյբ,,ծանոթ,O,"O,O,O,O,O,O,O"
տապանաթար ուղղանկյուն սալ վանքի հյուսիսային գերեզմանոցում տող,,տապանաթար,O,"O,O,O,O,O,O,O"
հրատ աշ սանուչարյան եպս,,հրատ,O,"O,O,O,O"
ժայոաբեկոր խաչանեանով հիմնախաչի վերին ձախ մասում տող,,ժայոաբեկոր,O,"O,O,O,O,O,O,O"
չպահպանված արձանագրությունների կարգային համարներին աստղանիշ էդրված,,չպահպանված,O,"O,O,O,O,O,O"
տ ոաւմ երլանջ գլսավոր տաճարի հարավարևեյան կրղմում հարավային նիստին տող,,տ,O,"O,O,O,O,O,O,O,O,O,O"
հրատ բասմաջյան հաաբս,,հրատ,O,"O,O,O"
մարմաշենից մոտ մ հարավ խաչիձոր տեղավայրում հսկայական ժայռաբեկորների վրա քանդակվել են խաչեր որոնցից ն արձանագրվածեն,,մարմաշենից,O,"O,O,O,O,O,O,O,O,O,O,O,O,O,O,O"
հրատ բասմաջյան հասբս,,հրատ,O,"O,O,O"
եինաքար ագուցված գլխավոր տաճարի արևմտյան պարսպապատին երկու կտորից լայժծ կոտրատված տաճարի ներսում իրար շարունակություն կազմող երեք արձանագրություն տող,,եինաքար,O,"O,O,O,O,O,O,O,O,O,O,O,O,O,O,O,O,O,O"
ծանոթ կ բասմաջյանն արձանագրության երրորդ մասն առանձին է հիշատակում որի վերջին տողում կարդում է բ,,ծանոթ,O,"O,O,O,O,O,O,O,O,O,O,O,O,O,O,O"
ծանոթ տապանաքարի երկու նիստերի սկզբնատողերը եղծված են,,ծանոթ,O,"O,O,O,O,O,O,O"
հոգեվանք ս կարապետեկ ոծդ նվիրատվական հյ պատ արտ հառիճավանք ս աստվածածին եկ ամ պատ գավթի մեջ ոկգ,,հոգեվանք,O,"O,O,O,O,O,O,O,O,O,O,O,O,O,O,O,O,O"
գերին ի տաւնի,,գերին,O,"O,O,O"
գրչագիրը վերցված է օրբելու հրատարակությունից,,գրչագիրը,O,"O,O,O,O,O"
լմբատավանք ս ստեփանոս եկ աե պատ արտ,,լմբատավանք,O,"O,O,O,O,O,O,O"
ա լմբատավանք ս ստեփանոս եկ գմբեթի ամ հիմքին աւրուարտ,,ա,O,"O,O,O,O,O,O,O,O,O"
գրչագրի վերջին տողի սկզբում առկա է եդերի տառակապակցությունը ինչը բացակայում է օրբելու վերծանության մեջ սակայն նշված է բասմաջյանի մոտ ա գերին,,գրչագրի,O,"O,O,O,O,O,O,O,O,O,O,O,O,O,O,O,O,O,O,O,O,O"
տապանաքար գլխավոր տաճարի մուտքի ձախ կողմում հարավային նիստին տող,,տապանաքար,O,"O,O,O,O,O,O,O,O,O"
հյուսիսային նիստին տող ի տապան նորոգէյակ,,հյուսիսային,O,"O,O,O,O,O,O"
ծանոթ չնայած նրան որ տապանաքարին հայոց նղդ թվականն է այդուհանդերձ քարի ձենու տառերի հնագրական առանձնահատկությունները հուշում են որ այն հարազատ է թերևս դարին այսինքն հաշվի են առել ննջեցյալ վահրամ պահլավունու նշանավոր ու պատմական անձլինելու հանգամանքը և նոր տապանաքար են կանգնեցրել այդ մասին է վկայում նաև քարի հյուսիսային նիստի միատող արձանագրությունը ինչը հենց փաստում է տեղում եղած կոթողի նորոգման մասին,,ծանոթ,O,"O,O,O,O,O,O,O,O,O,O,O,O,O,O,O,O,O,O,O,O,O,O,O,O,O,O,O,O,O,O,O,O,O,O,O,O,O,O,O,O,O,O,O,O,O,O,O,O,O,O,O,O,O,O,O,O,O,O,O"
լմբատավանք եկ ամ շինության պատին խաչքարի հիշատակագրություն բեկոր տաաւնտրօրաւաաս ասահառիճավանք ս աստվածածինեկ շինարարականհյ պատ արտ նվիրատվական,,լմբատավանք,O,"O,O,O,O,O,O,O,O,O,O,O,O,O,O,O,O"
վերջին մեկ տողը բացակայում է օրբելու հրատարակությունում,,վերջին,O,"O,O,O,O,O,O,O"
արչանագիր քար գտնված թ պեղումների ընթացքում տող,,արչանագիր,O,"O,O,O,O,O,O,O"
սեր հայրն ճժե,,սեր,O,"O,O,O"
վերջինս վկայագրերը թվագրում է մոտավորապես ական թթ,,վերջինս,O,"O,O,O,O,O,O,O"
երերույքի տաճար խ պատ ներ իլատաինգրունյուն,,երերույքի,O,"O,O,O,O,O,O"
ծանոթ թեական է անձնանվան վերծանությունը,,ծանոթ,O,"O,O,O,O,O"
աե պատ արտ դ հիշատակագրություն դ արձանագիր բեկոր հառիճավանք գերեզմանոց ոլե,,աե,O,"O,O,O,O,O,O,O,O,O,O,O"
հառիճավանք գերեզմանոցի եկ բեկորներ,,հառիճավանք,O,"O,O,O,O"
աշ սանուչարյանը վերը նշված հոդվածում հրատարակել է գլխավոր տաճարի ներսում պահվող արձանագրակիր շինաքարերի բեկորների հատվածային վկայագրերը որոնք ներառել ենք պրակում,,աշ,O,"O,O,O,O,O,O,O,O,O,O,O,O,O,O,O,O,O,O,O,O"
ծանոթ օրբելու հրատարակության մեջ թվականը բացակայում է,,ծանոթ,O,"O,O,O,O,O,O,O"
տապանաքար ուղղանկյուն սալ վանքի հյուսիսային գերեզմանոցում տող,,տապանաքար,O,"O,O,O,O,O,O,O"
հրատ աշ մանուչարյան ե՛պսժ,,հրատ,O,"O,O,O,O"
արձանագրության բեկոր տող,,արձանագրության,O,"O,O,O"
եինաքար գտնված վանքի աղբյուրի մոտ այժմ մի բեկորն ընկած է գավթի հարավային պատի տակ տող,,եինաքար,O,"O,O,O,O,O,O,O,O,O,O,O,O,O,O,O"
կամարի քար գավթում խաչապատկերի վերին անկյուններում տող,,կամարի,O,"O,O,O,O,O,O,O"
լմբատավանք ս ստեփանոս եկ ավագ խորան ներ ողա նվիրատվական որմնանկարի ծեփին,,լմբատավանք,O,"O,O,O,O,O,O,O,O,O,O,O"
խաչի ձոր խաչադրոշմ ժայռաբեկոր ողը թվագիր,,խաչի,O,"O,O,O,O,O,O"
խաչթար վանքի հյուսիսային գերեզմանոցում տող,,խաչթար,O,"O,O,O,O,O"
քարի եռատված լինելու պատճառով անհարթություններ կան նաև մնացած տողերում,,քարի,O,"O,O,O,O,O,O,O,O,O"
ժայոաբեկոր խաչանեանով հիմնախաչի շուրջը տող,,ժայոաբեկոր,O,"O,O,O,O,O"
տապանաքար երկլանջ գլխավոր տաճարի հարավարնելյան կողմում նախորդի մոտ հյուսիսային նիստին հարավային նիստին նույնքան տող,,տապանաքար,O,"O,O,O,O,O,O,O,O,O,O,O,O,O,O"
հրատ մխիթարյանց տեղագրութիւն ալիշան նիրակ գէորգեանց բասմաջյան հաաբմ եղիազարյան էջմիածին ե,,հրատ,O,"O,O,O,O,O,O,O,O,O,O,O"
հրատ աշ սանուչարյան եպմժ,,հրատ,O,"O,O,O,O"
պեմզաշեն սակարավանք ամ պատ բար նվիրատվական,,պեմզաշեն,O,"O,O,O,O,O,O"
լմբատավանք ս ստեփանոս եկ թմբուկի հվ ամ նիստ ոլ արտ,,լմբատավանք,O,"O,O,O,O,O,O,O,O,O,O"
ծանոթ բավական ուշագրավ է արտահայտման ձևը դրոշսէցաւ խայչս ի վէսս ինչը ճշտորեն բնորոշում է հուշարծանի կերպը,,ծանոթ,O,"O,O,O,O,O,O,O,O,O,O,O,O,O,O,O,O"
պեմզաշեն ձորավորաց եկ հյ պատ արտ,,պեմզաշեն,O,"O,O,O,O,O,O"
ա մանուչարյանը այս և հաջորդ վիմագրի թվականը կարդացել է,,ա,O,"O,O,O,O,O,O,O,O,O"
ժայռաբեկոր խաչանեանով հիմնախաչի շուրջը տող,,ժայռաբեկոր,O,"O,O,O,O,O"
նախկինում բանդեվան բանդիվան փոքր պենտեվան բանդիվան վերին անուններով հայտնի ներկայիս բանդիվան գյուղը գտնվում է ամասիայի տարածաշրջանում ախուրյան գետի ծախ ափին,,նախկինում,O,"O,O,O,O,O,O,O,O,O,O,O,O,O,O,O,O,O,O,O,O"
տապանաքար ուղղանկյունաձև վրան հովվապետական գավազան տող,,տապանաքար,O,"O,O,O,O,O,O"
նուսիսային եզրին բլրալանջին տարածվում է դ գերեզմանոցը տարածև տապանաքարերով,,նուսիսային,O,"O,O,O,O,O,O,O,O,O"
յանոթ նախշքարը պետք է ընկալել թելի գործվածքի ներկարար իմաստով,,յանոթ,O,"O,O,O,O,O,O,O,O,O"
հինգերորդտողի սկզբում հ մելքոնյանը կարդացել էորն իսմի յաթոռ,,հինգերորդտողի,O,"O,O,O,O,O,O,O,O"
յոթերորդ տողի սկզբնահատվածը մինչև հաստատուն բառը պրակիս կազմողը չի վերծանել չնայած գրչագրում առկա են տառերը որոնք հիմնականում համապատասխանում են սելքոնյանի վերծանությանը եւ ի սեր սուրբնեանէն,,յոթերորդ,O,"O,O,O,O,O,O,O,O,O,O,O,O,O,O,O,O,O,O,O,O,O,O,O,O,O"
տողի վերջում վասն բառից առաջ պարզ փորագրված է այլ թերևս ճիշտ կլիներ այս ինչպես նշել է կազմողը սակայն գրչագրում նույնպես գրելով ա ս,,տողի,O,"O,O,O,O,O,O,O,O,O,O,O,O,O,O,O,O,O,O,O,O,O,O,O"
ութերորդ տողը ս բարխուդարյանը չի վերծանել չնայած որոշ բառակապակցություններ առկա են գրչագրում,,ութերորդ,O,"O,O,O,O,O,O,O,O,O,O,O,O"
այս տողը ներառում ենք մելքոնյանի հիմնականում համոզիչ վերծանությունից երկու ճշտումով տողի առաջին մ տառը նա կարդացել էտ իսկ վերջում եահ տառակապակցությունը,,այս,O,"O,O,O,O,O,O,O,O,O,O,O,O,O,O,O,O,O,O,O,O,O"
ս գրիգոր լուսավորիչ եկեղեցի հյուսիսային պատին մուտքից արևելք նախորդներից ներքև անարվեստ գրերով և խառն տողերով տող,,ս,O,"O,O,O,O,O,O,O,O,O,O,O,O,O,O,O,O"
է յիլոթո ջորմ երա աա իըրին,,է,O,"O,O,O,O,O,O"
ցանոթ տողերի վերջին մասերում բավականաչափ քարեր հնում թափված են եղել և նոր ավելի մանր քարերով վերաշարվել է պատը,,ցանոթ,O,"O,O,O,O,O,O,O,O,O,O,O,O,O,O,O,O,O,O"
սոտավորապես կես մասում մեկ քար նույնպես ընկել է և այդտեղ մի նոր քար են տեղադրել,,սոտավորապես,O,"O,O,O,O,O,O,O,O,O,O,O,O,O,O,O"
առաջին տողում թվականությունից մնացել էն տառի ստորին մասը ծ ն ամբողջովին իսկ վերջին տառից անորոշ գծեր հավանաբար ը տառի մնացորդ որով կստացվի թվականը,,առաջին,O,"O,O,O,O,O,O,O,O,O,O,O,O,O,O,O,O,O,O,O,O,O,O,O"
հուշարձանի առավել վատ պահպանված արձանագրությունն է,,հուշարձանի,O,"O,O,O,O,O,O"
